dataset,rec,lead,seg,t0_s,n_gt,TP,FP,FN,F1,lead_F1,sampen,kurtosis,spec_entropy,band_ratio,rr_cv,rr_plaus,bsqi,n_det,psd_fhr,tau_acf,peak_prob_mean,prob_max,p_bad,p_bad_kind,level
adfecgdb,r01,1,0,0.0,9,9,0,0,100.0,99.92242048099301,0.698165050217837,37.08823699429831,0.7656652880673425,0.3752664459423119,0.0059675931005552674,1.0,0.8888888888888888,9.0,0.12234824873874839,3.0,0.9981437060568068,0.9993413090705872,0.002448516166871285,oof,xanh
adfecgdb,r01,1,1,4.0,8,8,0,0,100.0,99.92242048099301,0.8099340696479929,6.425896308444463,0.7494759434762399,0.4133881362032804,0.005453824335353662,1.0,1.0,8.0,0.13408311747069973,3.0,0.9976282641291618,0.9988796412944794,0.0008301175506784093,oof,xanh
adfecgdb,r01,1,2,8.0,9,9,0,0,100.0,99.92242048099301,0.8752933756699784,5.81425276670446,0.7616419930436527,0.36630158814030106,0.010040235794476556,1.0,0.75,9.0,0.15982316794979048,3.0,0.9960778852303823,0.9991215467453003,0.014298411303119951,oof,xanh
adfecgdb,r01,1,3,12.0,9,9,0,0,100.0,99.92242048099301,0.860230870510618,7.4882555608177395,0.7492600800090955,0.4132260989336548,0.008771929824542175,1.0,0.9411764705882353,9.0,0.11860499313732145,3.0,0.9959782163302103,0.9991231560707092,0.008805353717047307,oof,xanh
adfecgdb,r01,1,4,16.0,8,8,0,0,100.0,99.92242048099301,0.8655721951898111,7.435204102028006,0.7455437312522226,0.36694124883680473,0.0056112119886948105,1.0,1.0,8.0,0.13551893124602352,3.0,0.9975553639233112,0.9991149306297302,0.0011170324241748858,oof,xanh
adfecgdb,r01,1,5,20.0,9,9,0,0,100.0,99.92242048099301,0.8421154532685236,6.445547784218762,0.753063500603433,0.4252844725687582,0.010313616179144948,1.0,1.0,9.0,0.12129895768108066,3.0,0.9976290100150638,0.9990293979644775,0.005157469891313778,oof,xanh
adfecgdb,r01,1,6,24.0,9,9,0,0,100.0,99.92242048099301,0.8415031421855492,6.492342605116534,0.754392545798908,0.4079178866085992,0.010358167436938128,1.0,1.0,9.0,0.12062017547392773,3.0,0.9973238971498277,0.9990812540054321,0.003132760507062986,oof,xanh
adfecgdb,r01,1,7,28.0,8,8,0,0,100.0,99.92242048099301,0.7822606530855105,6.509108533591752,0.7407876126849516,0.452767343491622,0.006195649469722848,1.0,1.0,8.0,0.048448793138882534,3.0,0.9976874925196171,0.9989970922470093,0.0023095044838600293,oof,xanh
adfecgdb,r01,1,8,32.0,9,9,0,0,100.0,99.92242048099301,0.9282932426263345,6.77610880900723,0.7615426518925632,0.38950795647099457,0.019676976409124903,1.0,1.0,9.0,0.15452921117135712,3.0,0.9962513314353095,0.9986569881439209,0.01430889035320129,oof,xanh
adfecgdb,r01,1,9,36.0,8,8,0,0,100.0,99.92242048099301,0.9089313296938031,6.637952570442927,0.75709899940039,0.41362156165460656,0.01089436286233868,1.0,1.0,8.0,0.09287497530648357,3.0,0.998327411711216,0.9994533658027649,0.0009768665755453038,oof,xanh
adfecgdb,r01,1,10,40.0,9,9,0,0,100.0,99.92242048099301,0.8525158014614022,5.835491226610689,0.7500480132341792,0.39915285491242913,0.007285499043981332,1.0,1.0,9.0,0.07759831201481768,3.0,0.9979788859685262,0.9990816116333008,0.0005123028318981695,oof,xanh
adfecgdb,r01,1,11,44.0,8,8,0,0,100.0,99.92242048099301,0.926101923723813,6.690270184858159,0.7526419978208209,0.43670955577978615,0.011095824927230314,1.0,1.0,8.0,0.09480661554905255,3.0,0.9981141313910484,0.9992609620094299,0.011330005104519335,oof,xanh
adfecgdb,r01,1,12,48.0,9,9,0,0,100.0,99.92242048099301,0.8631952605241737,4.587466735474349,0.7599061929922531,0.37636274000809755,0.010225653567809117,1.0,1.0,9.0,0.12553294661910408,3.0,0.9978831542862786,0.9988736510276794,0.0007271587480407643,oof,xanh
adfecgdb,r01,1,13,52.0,8,8,0,0,100.0,99.92242048099301,0.921490902876771,5.902298679792063,0.7468516493014147,0.41964803712182874,0.006018402316407651,1.0,0.875,8.0,0.12487288378443707,3.0,0.9982019923627377,0.999278724193573,0.0017958666187189555,oof,xanh
adfecgdb,r01,1,14,56.0,9,9,0,0,100.0,99.92242048099301,0.8578703879965083,5.999308671781225,0.7479308579192407,0.3729150613751715,0.00836497482980354,1.0,0.7777777777777778,9.0,0.04457413624715614,3.0,0.9981891777780321,0.9992313385009766,0.0009824951994504675,oof,xanh
adfecgdb,r01,1,15,60.0,9,9,0,0,100.0,99.92242048099301,0.9052138725915642,4.117429249320795,0.7438067789692069,0.10258970562158373,0.00858369098710603,1.0,0.7777777777777778,9.0,0.05790513753925657,3.0,0.9981053007973565,0.9991324543952942,0.0011537465573685968,oof,xanh
adfecgdb,r01,1,16,64.0,8,8,0,0,100.0,99.92242048099301,0.9823268410379417,3.3267489304140874,0.7356321431042483,0.083784203468647,0.010215629139588341,1.0,1.0,8.0,0.12118414072879108,3.0,0.9971412643790245,0.9993743300437927,0.021067896508343533,oof,xanh
adfecgdb,r01,1,17,68.0,9,9,0,0,100.0,99.92242048099301,1.0592215370339713,3.38444653328514,0.7589309752216016,0.13944033058005784,0.011070089167611121,1.0,1.0,9.0,0.13383342571928092,3.0,0.9973185890250735,0.9990436434745789,0.004587321351978317,oof,xanh
adfecgdb,r01,1,18,72.0,8,8,0,0,100.0,99.92242048099301,0.9595284109288011,5.96506280912052,0.757807617766617,0.17541571340677278,0.013432483384362502,1.0,1.0,8.0,0.08162038568816432,3.0,0.9974731653928757,0.9985799491405487,0.0077184116530859955,oof,xanh
adfecgdb,r01,1,19,76.0,8,8,0,0,100.0,99.92242048099301,0.8878844777144219,4.3642185383580365,0.7629818094160031,0.15739767856909012,0.005641260791170422,1.0,0.9411764705882353,9.0,0.1366848922070557,3.0,0.9961041808128357,0.9991045594215393,0.0013167256332405684,oof,xanh
adfecgdb,r01,1,20,80.0,9,9,0,0,100.0,99.92242048099301,0.6748592532382677,32.90332043073129,0.7057941982009805,0.10635711959585345,0.026639101622985096,1.0,0.2222222222222222,8.0,0.07909340235314112,4.0,0.9945953190326691,0.9992523789405823,0.0005106135293648106,oof,xanh
adfecgdb,r01,1,21,84.0,8,8,0,0,100.0,99.92242048099301,0.6225525371066084,39.12753357368613,0.6762420871625692,0.11698726268480578,0.010763263429579197,1.0,0.2222222222222222,8.0,0.05644288395767174,4.0,0.9974559433758259,0.9987307190895081,0.0010171416287058982,oof,xanh
adfecgdb,r01,1,22,88.0,9,9,0,0,100.0,99.92242048099301,0.9051001019746469,4.43709430217213,0.7581480467537913,0.31816833116564225,0.011678163388146423,1.0,0.9411764705882353,9.0,0.13370892880802804,3.0,0.9977807369497087,0.9991173148155212,0.0015766742162065905,oof,xanh
adfecgdb,r01,1,23,92.0,8,8,0,0,100.0,99.92242048099301,0.8733346415686968,5.630077105703146,0.7527560558121579,0.3226170258547036,0.008983571156701285,1.0,0.875,8.0,0.13593569372365025,3.0,0.9976129867136478,0.9987592697143555,0.0011337501721718423,oof,xanh
adfecgdb,r01,1,24,96.0,8,8,0,0,100.0,99.92242048099301,0.7620478283120508,7.219023060961987,0.7494354118620299,0.2371718798107031,0.01781741612745783,1.0,0.6666666666666666,8.0,0.03986179625839676,3.0,0.9934849701821804,0.9989305138587952,0.010599182927280258,oof,xanh
adfecgdb,r01,1,25,100.0,9,9,0,0,100.0,99.92242048099301,0.7775397868225874,11.057255497203554,0.7616704814083175,0.36896022900920633,0.014555048803069221,1.0,0.9411764705882353,9.0,0.1093659033397565,3.0,0.9936175445715586,0.9988619089126587,0.000733615528123378,oof,xanh
adfecgdb,r01,1,26,104.0,8,8,0,0,100.0,99.92242048099301,0.726473469380454,10.056584580605271,0.7433915980528796,0.42623499164160533,0.006150807615901085,1.0,1.0,8.0,0.15667774133765622,3.0,0.9982730709016323,0.998925119638443,0.0005246580497096437,oof,xanh
adfecgdb,r01,1,27,108.0,9,9,0,0,100.0,99.92242048099301,0.7073090348810928,9.018761035016118,0.7526095123866693,0.39753917606543676,0.0058669803612416156,1.0,0.8888888888888888,9.0,0.08271531124493448,3.0,0.9977342320813073,0.9987741112709045,0.0004874707471309862,oof,xanh
adfecgdb,r01,1,28,112.0,8,8,0,0,100.0,99.92242048099301,0.798856277762568,8.029779237214786,0.7479466642743443,0.3757734329963909,0.010019697753606024,1.0,0.875,8.0,0.09267291444962016,3.0,0.9980263374745846,0.9988996982574463,0.002102840779373339,oof,xanh
adfecgdb,r01,1,29,116.0,9,9,0,0,100.0,99.92242048099301,0.7542456885539742,8.066994240770345,0.752291408690852,0.4152048412558208,0.008434913850347356,1.0,1.0,9.0,0.09443157776100589,3.0,0.9963210854265425,0.9992483258247375,0.0020933672078057054,oof,xanh
adfecgdb,r01,1,30,120.0,8,8,0,0,100.0,99.92242048099301,0.7286245566103152,8.761086551671777,0.7441994582621505,0.45986042705188157,0.0059670882893494235,1.0,1.0,8.0,0.13352295754146243,3.0,0.9980367124080658,0.9987419843673706,0.0020209300364915656,oof,xanh
adfecgdb,r01,1,31,124.0,9,9,0,0,100.0,99.92242048099301,0.7746233338802622,9.741116858224544,0.7616980652864108,0.437557497104074,0.01166707178033406,1.0,1.0,9.0,0.1420923414879089,3.0,0.9983698957496219,0.999040424823761,0.0007894516061924752,oof,xanh
adfecgdb,r01,1,32,128.0,8,8,0,0,100.0,99.92242048099301,0.8689738022033517,7.853025910963627,0.7592882192208876,0.3988197624231454,0.012853049609900736,1.0,1.0,8.0,0.1772944696968597,3.0,0.998199000954628,0.9991587400436401,0.0006947383747730343,oof,xanh
adfecgdb,r01,1,33,132.0,9,9,0,0,100.0,99.92242048099301,0.7523754424560612,12.010796323841596,0.7595802420093246,0.4266144901752103,0.00786447347516425,1.0,1.0,9.0,0.1486272543272271,3.0,0.9983722203307681,0.9989002048969269,0.0001837681272750649,oof,xanh
adfecgdb,r01,1,34,136.0,8,8,0,0,100.0,99.92242048099301,0.7020108097373065,11.500710084377296,0.7489461248802102,0.3828870342962166,0.0064609311625370485,1.0,1.0,8.0,0.11525838036894863,3.0,0.9987482279539108,0.9995057582855225,0.00087555530529879,oof,xanh
adfecgdb,r01,1,35,140.0,9,9,0,0,100.0,99.92242048099301,0.7102600228217912,10.591902304179829,0.7558807774969617,0.3568795739212495,0.005980412849428642,1.0,1.0,9.0,0.10961991953750004,3.0,0.9986815022097694,0.9992570281028748,0.00011682684392604151,oof,xanh
adfecgdb,r01,1,36,144.0,9,9,0,0,100.0,99.92242048099301,0.6441430745105745,11.168238010966148,0.7446332146144814,0.3755675645710964,0.00746573623950494,1.0,0.8235294117647058,9.0,0.09840111127183429,3.0,0.9969142774740855,0.998735249042511,0.0002696815585594343,oof,xanh
adfecgdb,r01,1,37,148.0,8,8,0,0,100.0,99.92242048099301,0.8806194054496034,11.210244585866477,0.7610085391308876,0.355704628096816,0.010484461485366437,1.0,1.0,8.0,0.17697505148713008,3.0,0.9944091066718102,0.9992602467536926,0.0008953088193772923,oof,xanh
adfecgdb,r01,1,38,152.0,9,9,0,0,100.0,99.92242048099301,0.6738986881220131,8.208549399322175,0.732636034262577,0.3830301886273615,0.008828981015768766,1.0,1.0,9.0,0.10630829420540697,3.0,0.9965999921162924,0.9989267289638519,0.0007639621793322802,oof,xanh
adfecgdb,r01,1,39,156.0,9,9,1,0,94.73684210526316,99.92242048099301,0.49820506435694367,30.107450777059782,0.7454246907029979,0.3650660433197369,0.05641584510727527,1.0,0.18181818181818182,10.0,0.09686593965828635,4.0,0.9370822504162788,0.9985542595386505,0.004526268442475388,oof,xanh
adfecgdb,r01,1,40,160.0,8,8,0,0,100.0,99.92242048099301,0.631254878266738,12.380247092293766,0.7508669284096274,0.3120953809637719,0.23715042038398335,0.8571428571428571,1.0,8.0,0.11607211188533267,3.0,0.9962113462388515,0.998274564743042,0.03969771166075329,oof,xanh
adfecgdb,r01,1,41,164.0,10,10,0,0,100.0,99.92242048099301,0.6763955046691242,10.771760046826,0.7599169773942481,0.36553432794954516,0.029111655130036048,1.0,0.9473684210526315,10.0,0.24123561569859517,3.0,0.9965431094169617,0.9986959099769592,0.00010933240564242625,oof,xanh
adfecgdb,r01,1,42,168.0,8,8,0,0,100.0,99.92242048099301,0.7075120055656645,10.668243181874287,0.754018754600361,0.2905048443270726,0.0372437036913639,1.0,1.0,8.0,0.187017999098429,3.0,0.9980966076254845,0.9990900754928589,0.00022224409639491258,oof,xanh
adfecgdb,r01,1,43,172.0,8,8,0,0,100.0,99.92242048099301,0.6816223038061788,11.442871779694693,0.7552601084098463,0.39601164138778067,0.020438345036486276,1.0,1.0,8.0,0.14795624167422664,3.0,0.9982269257307053,0.9988231062889099,0.00013171850324459442,oof,xanh
adfecgdb,r01,1,44,176.0,9,9,0,0,100.0,99.92242048099301,0.6806043405622452,11.927815768998332,0.7535731197866182,0.29156913038578697,0.014194910029842887,1.0,1.0,9.0,0.13470571172545,3.0,0.997870534658432,0.9990884065628052,0.00015897957906046907,oof,xanh
adfecgdb,r01,1,45,180.0,9,9,0,0,100.0,99.92242048099301,0.618185116540686,13.144456457295384,0.7485995575521694,0.2346992622444666,0.021340921731874997,1.0,1.0,9.0,0.15392021511260442,3.0,0.9978427357143826,0.9988794922828674,0.00028919923071887556,oof,xanh
adfecgdb,r01,1,46,184.0,9,9,0,0,100.0,99.92242048099301,0.7200025503725797,9.864948536971283,0.754854311228672,0.14897246224612506,0.011453342355800313,1.0,1.0,9.0,0.10632001370922534,3.0,0.9970178968376584,0.998917430639267,0.0004890683309834274,oof,xanh
adfecgdb,r01,1,47,188.0,10,10,0,0,100.0,99.92242048099301,0.6953958996146663,8.783530854283322,0.7648951875372589,0.1036662804306031,0.01480702937448031,1.0,1.0,10.0,0.2006361730573207,3.0,0.9922881960868836,0.9990283846855164,0.011358456407269945,oof,xanh
adfecgdb,r01,1,48,192.0,10,10,0,0,100.0,99.92242048099301,0.6924126965019537,10.854398481173623,0.7546847877900632,0.1263409682671913,0.01584208482853838,1.0,1.0,10.0,0.19536541973024651,3.0,0.9963849514722825,0.9985983967781067,0.002169092081129713,oof,xanh
adfecgdb,r01,1,49,196.0,9,9,0,0,100.0,99.92242048099301,0.7162466558664004,13.58652704638807,0.7858189982421008,0.32870537029010005,0.015268718486382588,1.0,0.75,9.0,0.082720649366276,3.0,0.9974786837895712,0.9988658428192139,0.0004257171080172188,oof,xanh
adfecgdb,r01,1,50,200.0,8,8,0,0,100.0,99.92242048099301,0.8193968100502982,6.74446965169189,0.7487655285793875,0.2344535180504322,0.0073809517656106185,1.0,0.9411764705882353,8.0,0.14698964152645455,3.0,0.9984522052109241,0.9988377690315247,0.0009325814600694647,oof,xanh
adfecgdb,r01,1,51,204.0,9,9,0,0,100.0,99.92242048099301,0.8870004100351541,5.894164129662736,0.7496248041580877,0.24491071780754825,0.012733816575773093,1.0,1.0,9.0,0.16396090880072023,3.0,0.9968836771117316,0.9986576735973358,0.015161794016990563,oof,xanh
adfecgdb,r01,1,52,208.0,10,10,0,0,100.0,99.92242048099301,0.8945031748208715,4.941122324543803,0.7676203811219826,0.17281409973366801,0.021397579292563702,1.0,0.8421052631578947,10.0,0.154516816843475,3.0,0.9764800250530243,0.9973902404308319,0.025511043302038176,oof,xanh
adfecgdb,r01,1,53,212.0,9,9,0,0,100.0,99.92242048099301,0.8582788284218382,6.7386072771866665,0.7541080317025721,0.3244804917672314,0.04757185193269283,1.0,1.0,9.0,0.16333916762134543,3.0,0.9868763917022281,0.9991277158260345,0.009797978848243225,oof,xanh
adfecgdb,r01,1,54,216.0,8,8,0,0,100.0,99.92242048099301,0.9210312902551064,6.8823146062975376,0.7461470305115138,0.31500615571004154,0.008636050959177093,1.0,1.0,8.0,0.11955555905175494,3.0,0.9978318512439728,0.9990871548652649,0.001004396283670617,oof,xanh
adfecgdb,r01,1,55,220.0,9,9,0,0,100.0,99.92242048099301,0.6545334375893842,30.206361442739656,0.6930706845658156,0.35378764530929996,0.014372441510244579,1.0,0.2,9.0,0.0675703633411046,3.0,0.9964062737094032,0.9987486600875854,0.0004951168906622608,oof,xanh
adfecgdb,r01,1,56,224.0,8,8,0,0,100.0,99.92242048099301,0.9056434187883804,6.5543182746967386,0.7523735687981616,0.46065121360533623,0.012494693322593278,1.0,1.0,8.0,0.10653229362223239,3.0,0.986897449940443,0.9989649057388306,0.06972135613963584,oof,vang
adfecgdb,r01,1,57,228.0,8,8,0,0,100.0,99.92242048099301,0.9842314918112093,6.194950953442085,0.7450247124971145,0.42982348964898515,0.01718581669107835,1.0,0.9411764705882353,8.0,0.18004568224593154,3.0,0.9971801266074181,0.9986177384853363,0.3124771671064208,oof,vang
adfecgdb,r01,1,58,232.0,9,9,0,0,100.0,99.92242048099301,0.8179429052159426,8.969979572150018,0.7383458761442635,0.4601251239581153,0.007041666221546371,1.0,1.0,9.0,0.12465115987534651,3.0,0.998324089580112,0.9991390705108643,0.003495246032766836,oof,xanh
adfecgdb,r01,1,59,236.0,8,8,0,0,100.0,99.92242048099301,0.8269739380677309,6.417061309749135,0.7551962917302394,0.4023369290342947,0.005420770854533407,1.0,1.0,8.0,0.16329173941598907,3.0,0.9956395141780376,0.9992795586585999,0.002143934343548208,oof,xanh
adfecgdb,r01,1,60,240.0,9,9,0,0,100.0,99.92242048099301,0.7755409359249349,7.465209091768337,0.7565291897660305,0.4034601486637375,0.009355932960230602,1.0,1.0,9.0,0.1200684640792095,3.0,0.997089296579361,0.9989344477653503,0.0012073662987225054,oof,xanh
adfecgdb,r01,1,61,244.0,8,8,0,0,100.0,99.92242048099301,0.9328986256787208,8.701011721717403,0.7540822138247252,0.41145936204333183,0.006092018534745673,1.0,1.0,8.0,0.09599607679949466,3.0,0.9976609833538532,0.9988430440425873,0.00027892670265285645,oof,xanh
adfecgdb,r01,1,62,248.0,9,9,0,0,100.0,99.92242048099301,0.742019020720765,7.178573028665767,0.75169876806753,0.395832385985175,0.007864473475164252,1.0,1.0,9.0,0.1167503959441284,3.0,0.9979695578416189,0.9991796612739563,0.00039795571633630047,oof,xanh
adfecgdb,r01,1,63,252.0,8,8,0,0,100.0,99.92242048099301,0.7910042054738735,9.841096181090249,0.7525039606773424,0.39999386843855583,0.007629137901475743,1.0,1.0,8.0,0.09361602195943003,3.0,0.9982988610863686,0.9991105198860168,5.524548859232158e-05,oof,xanh
adfecgdb,r01,1,64,256.0,8,8,0,0,100.0,99.92242048099301,0.8049675204978551,10.443419865420154,0.7481622902121987,0.4132960789398151,0.00414366221905563,1.0,1.0,8.0,0.16828891923820385,3.0,0.9981633797287941,0.9989297688007355,0.00015504460940679655,oof,xanh
adfecgdb,r01,1,65,260.0,9,9,0,0,100.0,99.92242048099301,0.7986086720774144,8.194720591445812,0.7524908327590079,0.40823941508997375,0.005830119751642269,1.0,1.0,9.0,0.18389388483873867,3.0,0.9976226290067037,0.9991067051887512,0.0007133842106553372,oof,xanh
adfecgdb,r01,1,66,264.0,8,8,0,0,100.0,99.92242048099301,0.4940801688642846,43.8218230617849,0.6866708612508348,0.40341347983742887,0.014624944253751299,1.0,0.2222222222222222,8.0,0.10455344281178774,4.0,0.9980028830468655,0.9990455508232117,0.0003818164694069359,oof,xanh
adfecgdb,r01,1,67,268.0,8,8,0,0,100.0,99.92242048099301,0.7926304843221557,9.047460155147,0.7545364652435821,0.37849071746863194,0.012126086833726943,1.0,1.0,8.0,0.16981514287765515,3.0,0.9943872094154358,0.9990411400794983,0.00503494572435825,oof,xanh
adfecgdb,r01,1,68,272.0,9,9,0,0,100.0,99.92242048099301,0.7620176455347175,7.35835816598631,0.7511667085713629,0.4090652497712651,0.007104305285374966,1.0,1.0,9.0,0.08623409799291272,3.0,0.9975144697560204,0.9992002844810486,0.001848325280377328,oof,xanh
adfecgdb,r01,1,69,276.0,8,8,0,0,100.0,99.92242048099301,0.8086402519897424,7.340406819804603,0.755623025982683,0.4221458719427811,0.006991549034572027,1.0,1.0,8.0,0.16861309606881197,3.0,0.9938023686408997,0.998908281326294,0.01404532431595806,oof,xanh
adfecgdb,r01,1,70,280.0,8,8,0,0,100.0,99.92242048099301,0.7864082846436306,9.638042865459925,0.7522817202300599,0.44949035460452647,0.007493548957729444,1.0,1.0,8.0,0.16878208993162266,3.0,0.9980145022273064,0.9991244673728943,0.0011868284198146447,oof,xanh
adfecgdb,r01,1,71,284.0,9,9,0,0,100.0,99.92242048099301,0.7623950690974025,9.049840010861889,0.7461711864408437,0.39293890210734744,0.008860304703636825,1.0,1.0,9.0,0.12158754596788685,3.0,0.997923324505488,0.9991954565048218,0.0014024031517848087,oof,xanh
adfecgdb,r01,1,72,288.0,8,8,0,0,100.0,99.92242048099301,0.8987133803922847,8.090494574440788,0.7422276069954591,0.3993293805821646,0.01121375056794979,1.0,1.0,8.0,0.11188347448520197,3.0,0.9980503693223,0.9991296529769897,0.0030238593281295754,oof,xanh
adfecgdb,r01,1,73,292.0,8,8,0,0,100.0,99.92242048099301,0.8040538384918113,8.781265072281265,0.7513569825462182,0.440131135436259,0.007565257560195604,1.0,0.9411764705882353,8.0,0.1965587765987862,3.0,0.9974725134670734,0.9988008737564087,0.08748908416372624,oof,vang
adfecgdb,r01,1,74,296.0,9,9,0,0,100.0,99.92242048099301,0.760336498652237,6.982776652966013,0.7446416809573319,0.39030537973194573,0.007653455611022046,1.0,1.0,9.0,0.1572637548935275,3.0,0.9980681041876475,0.9986079335212708,0.000970841630198922,oof,xanh
adfecgdb,r01,2,0,0.0,9,9,0,0,100.0,100.0,0.9620008608833157,7.366792079257163,0.7688108599408335,0.4065714450912052,0.0037088882388975797,1.0,0.9411764705882353,9.0,0.10334672984346344,3.0,0.9986981484625075,0.999531626701355,0.0062264919678801005,oof,xanh
adfecgdb,r01,2,1,4.0,8,8,0,0,100.0,100.0,0.9708471450702901,5.0297648920997595,0.7525597422692735,0.38576117173778285,0.0029871826131438045,1.0,1.0,8.0,0.13416776999223612,3.0,0.997526440769434,0.9992893636226654,0.006558720462349153,oof,xanh
adfecgdb,r01,2,2,8.0,9,9,0,0,100.0,100.0,1.1547896712715595,2.713899406839923,0.7451893403676344,0.4111858186727549,0.004310344827576921,1.0,0.5,9.0,0.05862076512858245,3.0,0.9983232849174075,0.9991408586502075,0.0005316926294064061,oof,xanh
adfecgdb,r01,2,3,12.0,9,9,0,0,100.0,100.0,1.0093655602766605,4.63908732343259,0.7478828654998283,0.34279738807622717,0.004385964912271088,1.0,0.9411764705882353,9.0,0.14268951763621196,3.0,0.998793386750751,0.999401330947876,0.007382584687542974,oof,xanh
adfecgdb,r01,2,4,16.0,8,8,0,0,100.0,100.0,0.9423833617508808,4.804595477870001,0.749071521774924,0.12262937088796698,0.004688793717751554,1.0,1.0,8.0,0.14513955769157025,3.0,0.9979005232453346,0.9990816116333008,0.000757867403940145,oof,xanh
adfecgdb,r01,2,5,20.0,9,9,0,0,100.0,100.0,0.9976588641227462,2.945712566801622,0.7536627354503527,0.3826281353749749,0.010924533439257651,1.0,0.6666666666666666,9.0,0.13131226456562703,3.0,0.9984183443917168,0.9992775321006775,0.020821843738429248,oof,xanh
adfecgdb,r01,2,6,24.0,9,9,0,0,100.0,100.0,0.8887131750717829,5.214594497187731,0.7451559622538965,0.22599429002562707,0.005714365682632567,1.0,0.875,9.0,0.13077435120370237,3.0,0.9984529217084249,0.9993906021118164,0.005790048740982151,oof,xanh
adfecgdb,r01,2,7,28.0,8,8,0,0,100.0,100.0,0.9676863690076508,3.9537854757179867,0.7310672666495687,0.3759817962180808,0.006203186756182349,1.0,0.7142857142857143,8.0,0.07247693954313533,3.0,0.9963476248085499,0.9988874793052673,0.0039753771590377305,oof,xanh
adfecgdb,r01,2,8,32.0,9,9,0,0,100.0,100.0,1.09008940807074,2.656394809689419,0.7557601709547194,0.41022426534576867,0.0037409304699031055,1.0,0.7777777777777778,9.0,0.05066276651367202,3.0,0.9983812570571899,0.9992309808731079,0.0008045106044724173,oof,xanh
adfecgdb,r01,2,9,36.0,8,8,0,0,100.0,100.0,1.04692119542893,3.322458469831452,0.7634148455135535,0.39988470266054743,0.005467158869180918,1.0,0.6666666666666666,8.0,0.09556489316404519,3.0,0.9986218549311161,0.9993255138397217,0.006332340027202441,oof,xanh
adfecgdb,r01,2,10,40.0,9,9,0,0,100.0,100.0,1.073274588301607,3.1650505172293864,0.7597585456583725,0.36713999079387066,0.004124582903300445,1.0,0.5,9.0,0.06399078025502651,3.0,0.9983249836497836,0.9991276860237122,0.001590408151805398,oof,xanh
adfecgdb,r01,2,11,44.0,8,8,0,0,100.0,100.0,1.0121864549406605,3.481681301414474,0.7603356480021587,0.3438069339909932,0.005407661372418496,1.0,0.625,8.0,0.0944151345698966,3.0,0.9986023418605328,0.9992524981498718,0.00313652758001209,oof,xanh
adfecgdb,r01,2,12,48.0,9,9,0,0,100.0,100.0,1.0649664235614258,3.6700319428664603,0.7673026189029863,0.3005931768057369,0.005641260791170422,1.0,0.8888888888888888,9.0,0.07061568248305695,3.0,0.9986066420873007,0.999014288187027,0.0013961080020758437,oof,xanh
adfecgdb,r01,2,13,52.0,8,8,0,0,100.0,100.0,0.9592514741755374,3.9096084797900996,0.7408400150432686,0.11825030094192553,0.006018402316407651,1.0,0.6666666666666666,8.0,0.11528891346230295,3.0,0.9968662671744823,0.9993702471256256,0.01860217047023457,oof,xanh
adfecgdb,r01,2,14,56.0,9,9,0,0,100.0,100.0,1.080152247300042,4.30743500441222,0.7661180779193563,0.12050157501036061,0.005714365682632567,1.0,0.7777777777777778,9.0,0.15660177607343506,3.0,0.998257127073076,0.9993773102760315,0.00281272874686334,oof,xanh
adfecgdb,r01,2,15,60.0,9,9,0,0,100.0,100.0,1.0068873453571547,3.3740835798357853,0.7559744568721607,0.16057488428463432,0.009526467757016625,1.0,0.8,9.0,0.11857208477567655,3.0,0.9982694486776987,0.9991803765296936,0.009734775659913524,oof,xanh
adfecgdb,r01,2,16,64.0,8,8,0,0,100.0,100.0,1.0829777325341499,3.410685973284135,0.7527172885348882,0.016743586957745298,0.012921862325074142,1.0,1.0,8.0,0.1005327532416887,3.0,0.9975546523928642,0.9988164901733398,0.0008321178199181643,oof,xanh
adfecgdb,r01,2,17,68.0,9,9,0,0,100.0,100.0,1.1862248982025303,1.7431324386412044,0.762724195471041,0.026974312578311035,0.03227479088456792,1.0,0.8888888888888888,9.0,0.15253209168381449,3.0,0.9952718714872996,0.9989458918571472,0.0415266192122408,oof,xanh
adfecgdb,r01,2,18,72.0,8,8,0,0,100.0,100.0,1.0496069872543172,3.3092633213586087,0.7525483394521144,0.04150614488955115,0.0038053882793763214,1.0,1.0,8.0,0.11559932303659776,3.0,0.9983008429408073,0.9988239407539368,0.0003639065898839728,oof,xanh
adfecgdb,r01,2,19,76.0,8,8,0,0,100.0,100.0,1.059971331247557,2.816089913468012,0.7666550591816745,0.02106433225173682,0.008928881200891711,1.0,0.875,8.0,0.10656419230186394,3.0,0.998694334179163,0.9993281364440918,0.0014062310474145777,oof,xanh
adfecgdb,r01,2,20,80.0,9,9,0,0,100.0,100.0,0.9512715334893879,6.027522199854403,0.7409374114216816,0.08618031125410716,0.008547008546990248,1.0,0.5333333333333333,9.0,0.11594147766427094,3.0,0.997808833916982,0.9992566704750061,0.0011965124101113384,oof,xanh
adfecgdb,r01,2,21,84.0,8,8,0,0,100.0,100.0,1.1053950757894293,1.963143501505055,0.7532058647192389,0.04627773705465706,0.009463951771628887,1.0,1.0,8.0,0.12430468126215923,3.0,0.9968566969037056,0.9990023970603943,0.00551705271334054,oof,xanh
adfecgdb,r01,2,22,88.0,9,9,0,0,100.0,100.0,0.949136340667847,3.724376824491034,0.7478641371339054,0.15275962147728708,0.02195644241542822,1.0,0.7058823529411765,9.0,0.09868075586091339,3.0,0.9968837532732222,0.9986934661865234,0.04558546769943012,oof,xanh
adfecgdb,r01,2,23,92.0,8,8,0,0,100.0,100.0,1.0495712713805123,4.841072029118456,0.7649496093292572,0.04235643002557253,0.009729387310920889,1.0,0.9333333333333333,8.0,0.08795007623625203,3.0,0.9982123747467995,0.999165415763855,0.0016253456856962346,oof,xanh
adfecgdb,r01,2,24,96.0,8,8,0,0,100.0,100.0,1.027585716812851,5.344227819470234,0.743594994893846,0.13596180186246865,0.007715167498088531,1.0,0.6666666666666666,8.0,0.10203449479725511,3.0,0.9975248724222183,0.9991901516914368,0.0055738641588208345,oof,xanh
adfecgdb,r01,2,25,100.0,9,9,0,0,100.0,100.0,0.8658543017199817,7.472681042369343,0.7573624310758114,0.11853912979662348,0.007781950143840615,1.0,0.875,9.0,0.16017260938918929,3.0,0.9976381361484528,0.9989281296730042,0.0006740216546112574,oof,xanh
adfecgdb,r01,2,26,104.0,8,8,0,0,100.0,100.0,0.9785371155151417,4.62898277166052,0.7579540015566024,0.3915099125418732,0.004173616403771631,1.0,0.75,8.0,0.1837585378505427,3.0,0.9980348534882069,0.9992469549179077,0.0013322631273810165,oof,xanh
adfecgdb,r01,2,27,108.0,9,9,0,0,100.0,100.0,0.9921749434666487,4.147846571590278,0.7485558215134416,0.2601468288430706,0.012921351974152086,1.0,1.0,9.0,0.17380159029726144,3.0,0.9972174730565813,0.9988850951194763,0.0571912900915558,oof,vang
adfecgdb,r01,2,28,112.0,8,8,0,0,100.0,100.0,1.0163600902682803,3.9408281694066467,0.7569865993185028,0.336703069220271,0.006406177508617359,1.0,1.0,8.0,0.13021229397655074,3.0,0.9985964186489582,0.9990491271018982,0.0005480513019440763,oof,xanh
adfecgdb,r01,2,29,116.0,9,9,0,0,100.0,100.0,0.9209210396693579,3.8993522011817374,0.7463177798805704,0.4164357407332962,0.004255319148927061,1.0,0.8888888888888888,9.0,0.08084032418771805,3.0,0.9976344108581543,0.9994183778762817,0.0031001787392778567,oof,xanh
adfecgdb,r01,2,30,120.0,8,8,0,0,100.0,100.0,1.0467965904072176,4.841183575140278,0.7645931263371755,0.2771047757205224,0.0059670882893494235,1.0,1.0,8.0,0.10118989696571676,3.0,0.9986982047557831,0.9992705583572388,0.0005187661347620141,oof,xanh
adfecgdb,r01,2,31,124.0,9,9,0,0,100.0,100.0,1.0346726674216256,3.9024244601836733,0.7683427619024736,0.39472946500037176,0.006679142244262038,1.0,0.8888888888888888,9.0,0.14737573595285852,3.0,0.9985892739560869,0.9992696642875671,0.0015567367764511711,oof,xanh
adfecgdb,r01,2,32,128.0,8,8,0,0,100.0,100.0,1.0419951819898807,3.341093122337604,0.754210003013989,0.47689475904453993,0.017966917428688996,1.0,0.875,8.0,0.13873502162039492,3.0,0.9980018511414528,0.9990843534469604,0.09617574147328199,oof,vang
adfecgdb,r01,2,33,132.0,9,9,0,0,100.0,100.0,0.9328066513336793,4.1112015207051265,0.7525841199127324,0.4673939191458782,0.009891176090211028,1.0,0.5882352941176471,9.0,0.18044741082961233,3.0,0.9980616834428575,0.9992561936378479,0.042462707392085366,oof,xanh
adfecgdb,r01,2,34,136.0,8,8,0,0,100.0,100.0,0.9480077395457471,4.876063881513008,0.7324475321899895,0.4669876772189667,0.00844902832958621,1.0,0.7142857142857143,8.0,0.09374114271307518,3.0,0.9990487210452557,0.9993726313114166,0.014732003724626323,oof,xanh
adfecgdb,r01,2,35,140.0,9,9,0,0,100.0,100.0,1.0328374954948802,2.2546969903585907,0.7613525741927215,0.42762578098424314,0.010469166857989263,1.0,0.625,9.0,0.14100252099258193,3.0,0.998223152425554,0.9994698166847229,0.07420752000106526,oof,vang
adfecgdb,r01,2,36,144.0,9,9,0,0,100.0,100.0,1.0112944787739435,5.066976490987431,0.7501500950303737,0.3942409049163459,0.006095748113664002,1.0,0.75,9.0,0.07068716994201127,3.0,0.9978270398245918,0.9994551539421082,0.007271104118563592,oof,xanh
adfecgdb,r01,2,37,148.0,8,8,0,0,100.0,100.0,1.0845547162991842,3.366360280364411,0.7612936500751654,0.22003573197674656,0.009854828377965672,1.0,0.8235294117647058,8.0,0.13588080989929732,3.0,0.9981439709663391,0.9991595149040222,0.0037380801247397515,oof,xanh
adfecgdb,r01,2,38,152.0,9,9,0,0,100.0,100.0,0.9980742528601354,3.3790403043965522,0.7560000093749739,0.3051728555305788,0.0061932862767715684,1.0,0.8888888888888888,9.0,0.10379820861228554,3.0,0.9982260862986246,0.9989368319511414,0.0034807697381011825,oof,xanh
adfecgdb,r01,2,39,156.0,9,9,0,0,100.0,100.0,1.074942544582205,3.360794892116223,0.73659553763618,0.31788904757628156,0.22635724075932043,0.875,0.7058823529411765,9.0,0.08049420223269865,3.0,0.9971215095784929,0.9988512992858887,0.617507612801964,oof,do
adfecgdb,r01,2,40,160.0,8,8,0,0,100.0,100.0,1.0097873343701675,4.851570473251789,0.7511836433337934,0.39866502314412,0.23715042038398337,0.8571428571428571,0.6153846153846154,8.0,0.06446547798507102,3.0,0.9964820854365826,0.9987836480140686,0.787692648370444,oof,do
adfecgdb,r01,2,41,164.0,10,10,0,0,100.0,100.0,1.0236432199408712,4.397766062274058,0.7536770846788667,0.45998073155978997,0.028001837450246085,1.0,0.47058823529411764,10.0,0.08476377962453945,3.0,0.9978778809309006,0.9990195035934448,0.049497500853686635,oof,xanh
adfecgdb,r01,2,42,168.0,8,8,0,0,100.0,100.0,1.0192823040751984,4.7192432028825415,0.7656921271278286,0.33849456844123177,0.037434115604480137,1.0,0.5714285714285714,8.0,0.1201399841919391,3.0,0.9988101422786713,0.9993036389350891,0.016194105599431283,oof,xanh
adfecgdb,r01,2,43,172.0,8,8,0,0,100.0,100.0,0.9340809048968894,5.61730129915443,0.764405444988932,0.3332929607842688,0.018526388009430916,1.0,0.875,8.0,0.16386765473112597,3.0,0.998367752879858,0.9989657402038574,0.005469981045327135,oof,xanh
adfecgdb,r01,2,44,176.0,9,9,0,0,100.0,100.0,0.9353248005225667,6.461812337114617,0.756323191126388,0.3244261465175152,0.012605042016780216,1.0,0.8888888888888888,9.0,0.18305219272359385,3.0,0.998335427708096,0.9992745518684387,0.008516366800204712,oof,xanh
adfecgdb,r01,2,45,180.0,9,9,0,0,100.0,100.0,0.9010202761592595,4.114595266602527,0.7288169331044556,0.13028141617501904,0.01949260379114249,1.0,0.5333333333333333,9.0,0.17510210687952393,3.0,0.9981259670522478,0.999254047870636,0.007026218542364593,oof,xanh
adfecgdb,r01,2,46,184.0,9,9,0,0,100.0,100.0,0.8619098097151018,6.987319557078422,0.7659008581367117,0.05275779277021918,0.009112901991054842,1.0,1.0,9.0,0.10484184817178788,3.0,0.9981886280907525,0.9987533092498779,0.00018192204702240038,oof,xanh
adfecgdb,r01,2,47,188.0,10,10,0,0,100.0,100.0,0.9954081506811925,4.536278918512502,0.7733991252103464,0.012246048706223145,0.007644397634430576,1.0,0.8421052631578947,10.0,0.14471535457561915,3.0,0.997865891456604,0.9989256262779236,0.0006746324650610158,oof,xanh
adfecgdb,r01,2,48,192.0,10,10,0,0,100.0,100.0,1.0782664928501087,3.4158537426640416,0.7645854912940795,0.019025032389350445,0.016483145381652513,1.0,0.5882352941176471,10.0,0.07534293154834035,3.0,0.9975229561328888,0.9991099536418915,0.008247412022840336,oof,xanh
adfecgdb,r01,2,49,196.0,9,9,0,0,100.0,100.0,0.9615786159839758,3.1777036288027176,0.7584768656337851,0.18699542480274467,0.01590518580963686,1.0,0.5882352941176471,9.0,0.10635084723742896,3.0,0.9980962773164114,0.9991888403892517,0.03178748573851211,oof,xanh
adfecgdb,r01,2,50,200.0,8,8,0,0,100.0,100.0,0.9448557099407651,4.1190863833913145,0.7342716082205029,0.05208877939185322,0.005660931588594527,1.0,0.75,8.0,0.13588932076080637,3.0,0.9984121546149254,0.9992217123508453,0.0009030601015430866,oof,xanh
adfecgdb,r01,2,51,204.0,9,9,0,0,100.0,100.0,0.9818912159428308,4.419398090298428,0.7499953414305439,0.07710216845956605,0.025139655888403084,1.0,0.8235294117647058,9.0,0.1119708205697564,3.0,0.9937750399112701,0.9987268447875977,0.09435857053040539,oof,vang
adfecgdb,r01,2,52,208.0,10,10,0,0,100.0,100.0,1.0086311585306844,4.826532527688955,0.763175526553056,0.03034028115121105,0.011174521339127021,1.0,0.8888888888888888,10.0,0.21362660656841415,3.0,0.9974293917417526,0.9987999200820923,0.07667850058017986,oof,vang
adfecgdb,r01,2,53,212.0,9,9,0,0,100.0,100.0,1.0124843174171436,4.034238561083634,0.7589477674734119,0.08525572174642618,0.04803493449771172,1.0,0.8888888888888888,9.0,0.05956900652196641,3.0,0.9981384542253282,0.9991360902786255,0.006070130716760138,oof,xanh
adfecgdb,r01,2,54,216.0,8,8,0,0,100.0,100.0,1.0740688144863906,4.754017821872798,0.7429254682037911,0.08845602851367339,0.005362273327326379,1.0,0.875,8.0,0.07864606496460598,3.0,0.9986600987613201,0.9992351531982422,0.0014816072414217613,oof,xanh
adfecgdb,r01,2,55,220.0,9,9,0,0,100.0,100.0,1.0164383051669452,3.992757574344761,0.7398843783183005,0.3013193535833971,0.009138152921449769,1.0,1.0,9.0,0.12097054714585777,3.0,0.9979852570427789,0.9991062581539154,0.0018214120143378474,oof,xanh
adfecgdb,r01,2,56,224.0,8,8,0,0,100.0,100.0,0.9800845873608176,3.7736060191068166,0.7266364963716342,0.1929276157392524,0.016168996699025714,1.0,0.9333333333333333,8.0,0.11589406011400742,3.0,0.9948096424341202,0.9985742568969727,0.04395800781969552,oof,xanh
adfecgdb,r01,2,57,228.0,8,8,0,0,100.0,100.0,1.0895264000514642,1.973964647960007,0.7325047661216939,0.19344674195829573,0.01265149394653721,1.0,0.5333333333333333,8.0,0.05955867509439043,3.0,0.9979381076991558,0.9991080164909363,0.003801490121336026,oof,xanh
adfecgdb,r01,2,58,232.0,9,9,0,0,100.0,100.0,0.9892674402300683,3.3244842059718733,0.7592751185164187,0.3989310562299468,0.005617306392906481,1.0,0.875,9.0,0.08243019311173932,3.0,0.9985995690027872,0.9991030693054199,0.0025140997157352732,oof,xanh
adfecgdb,r01,2,59,236.0,8,8,0,0,100.0,100.0,0.9986153772274313,4.3896957640257135,0.7430631180125525,0.43194095405137783,0.006406177508617359,1.0,1.0,8.0,0.12349016811423083,3.0,0.9986745417118073,0.9992213249206543,0.006359731704917362,oof,xanh
adfecgdb,r01,2,60,240.0,9,9,0,0,100.0,100.0,0.9671769666800083,5.060520019875433,0.7625448862089058,0.280029072034422,0.009355932960230602,1.0,0.47058823529411764,9.0,0.04074970215072018,3.0,0.9983846412764655,0.9993195533752441,0.008970411257828331,oof,xanh
adfecgdb,r01,2,61,244.0,8,8,0,0,100.0,100.0,1.207531193697296,2.99152778729833,0.7327598779607124,0.33985979859118065,0.00414366221905563,1.0,0.6666666666666666,8.0,0.07718941193665724,3.0,0.9975598603487015,0.9990170001983643,0.0006968600986536516,oof,xanh
adfecgdb,r01,2,62,248.0,9,9,0,0,100.0,100.0,1.1239358213898487,3.1799491154302864,0.7642534244713551,0.182840859545845,0.028405707346563145,1.0,0.5714285714285714,9.0,0.04482002550940703,3.0,0.9955930444929335,0.9993399679660797,0.030240033739214925,oof,xanh
adfecgdb,r01,2,63,252.0,8,8,0,0,100.0,100.0,0.9926617383674492,3.429483869189202,0.756867812915665,0.20003137251680497,0.00614339700431571,1.0,0.7058823529411765,8.0,0.1004112540797907,3.0,0.9986102394759655,0.9991323947906494,0.0023081594512758007,oof,xanh
adfecgdb,r01,2,64,256.0,8,8,0,0,100.0,100.0,0.9954758221011959,3.500952909059336,0.7292341715341352,0.38998737796564464,0.00414366221905563,1.0,0.9333333333333333,8.0,0.14808591004495936,3.0,0.9983402602374554,0.9992030560970306,0.0018982973932778237,oof,xanh
adfecgdb,r01,2,65,260.0,9,9,0,0,100.0,100.0,0.9807502859014866,3.6875856762136223,0.756109256102092,0.34508331679018817,0.005830119751642269,1.0,0.9411764705882353,9.0,0.08439795236361343,3.0,0.9986020061704848,0.9993094205856323,0.0028401463635210657,oof,xanh
adfecgdb,r01,2,66,264.0,8,8,0,0,100.0,100.0,0.9846484810787216,4.40543691943242,0.7564612404003782,0.29661351186157825,0.009770392477746718,1.0,0.6666666666666666,8.0,0.08515482701020434,3.0,0.9980711676180363,0.9992361664772034,0.007078183808079102,oof,xanh
adfecgdb,r01,2,67,268.0,8,8,0,0,100.0,100.0,0.9914492442391405,4.2865240969573435,0.737306942566377,0.22846998317254635,0.005818265422275748,1.0,0.5714285714285714,8.0,0.04352281886626613,3.0,0.9976886846125126,0.9993816614151001,0.0042332690355597205,oof,xanh
adfecgdb,r01,2,68,272.0,9,9,0,0,100.0,100.0,0.973858400425378,3.320324475005215,0.7460216537625584,0.2687464181086155,0.009278290363050426,1.0,0.8235294117647058,9.0,0.1909127724409817,3.0,0.9980181985431247,0.9993264079093933,0.018088620584302877,oof,xanh
adfecgdb,r01,2,69,276.0,8,8,0,0,100.0,100.0,1.0337042459781172,3.7991623819667355,0.7404334042645521,0.23149639811552478,0.005362273327326379,1.0,0.7142857142857143,8.0,0.025655573674196356,3.0,0.9983093924820423,0.9992647767066956,0.0007170231044835591,oof,xanh
adfecgdb,r01,2,70,280.0,8,8,0,0,100.0,100.0,1.0345612318582162,2.863330989494724,0.7265597118348436,0.4355182309766417,0.008717045347964752,1.0,0.5714285714285714,8.0,0.04091780479889083,3.0,0.9981799647212029,0.9989815354347229,0.005865904888776477,oof,xanh
adfecgdb,r01,2,71,284.0,9,9,0,0,100.0,100.0,1.0195241916086943,2.9844933713917134,0.7517808284977071,0.41116403287660114,0.007798315969589982,1.0,0.9411764705882353,9.0,0.08962531960918965,3.0,0.9976197216245863,0.9993442893028259,0.006660758441883142,oof,xanh
adfecgdb,r01,2,72,288.0,8,8,0,0,100.0,100.0,1.0704231783325244,2.0023303016335854,0.7342684406357839,0.4120614257010014,0.007651405783228427,1.0,0.75,8.0,0.09271464268778716,3.0,0.9972000755369663,0.9992876946926117,0.010852145287243,oof,xanh
adfecgdb,r01,2,73,292.0,8,8,0,0,100.0,100.0,0.9921689732915321,3.819869156936078,0.7333459091246524,0.2742428242748609,0.007382531740067142,1.0,0.8,8.0,0.08865970768018774,3.0,0.9979034624993801,0.9988810420036316,0.0022826046681661645,oof,xanh
adfecgdb,r01,2,74,296.0,9,9,0,0,100.0,100.0,1.0122768157258408,3.669017438040166,0.7420151141464305,0.283066708591439,0.009625778176542386,1.0,0.631578947368421,9.0,0.12029902200448862,3.0,0.9959669080045488,0.9992716908454895,0.022451090669699064,oof,xanh
adfecgdb,r01,3,0,0.0,9,9,0,0,100.0,100.0,0.8289850609545463,9.244165400380005,0.762232004534195,0.43046639335373893,0.00566542036629318,1.0,1.0,9.0,0.16119674375253779,3.0,0.9985732071929507,0.9989060163497925,0.001131318517136266,oof,xanh
adfecgdb,r01,3,1,4.0,8,8,0,0,100.0,100.0,0.8908010194584824,7.676551436107571,0.7588442137589517,0.4720549351134911,0.005453824335353662,1.0,1.0,8.0,0.17977375171336737,3.0,0.998902291059494,0.9994051456451416,0.018448412113652765,oof,xanh
adfecgdb,r01,3,2,8.0,9,9,0,0,100.0,100.0,0.7533945204390825,10.051894001945021,0.7557402630160792,0.5076190739787411,0.006095748113664002,1.0,1.0,9.0,0.19179945208048932,3.0,0.9989234771993425,0.9993728995323181,0.010694321367584156,oof,xanh
adfecgdb,r01,3,3,12.0,9,9,0,0,100.0,100.0,0.8629868626786945,7.221212301271757,0.7650713449456606,0.5339652115038444,0.006202691063026294,1.0,1.0,9.0,0.16895191655224517,3.0,0.9989346464474996,0.9992915093898773,0.006759361921001832,oof,xanh
adfecgdb,r01,3,4,16.0,8,8,0,0,100.0,100.0,0.861431986137762,10.923641423487073,0.7591890075863419,0.4944132741460114,0.007316125338560228,1.0,1.0,8.0,0.19549421884700433,3.0,0.997800275683403,0.9993222951889038,0.01343231374028472,oof,xanh
adfecgdb,r01,3,5,20.0,9,9,0,0,100.0,100.0,0.8892557728073939,7.6219615023088,0.7670330517420657,0.5768878494261057,0.01004023579447658,1.0,1.0,9.0,0.16798482304492748,3.0,0.9987780849138895,0.9992696642875671,0.010859526468147791,oof,xanh
adfecgdb,r01,3,6,24.0,9,9,0,0,100.0,100.0,0.9136533677080695,8.733905492094172,0.7597746659850343,0.24707145785725476,0.006095748113664002,1.0,1.0,9.0,0.17629925469096255,3.0,0.9985714190536075,0.9993271231651306,0.001551491791607358,oof,xanh
adfecgdb,r01,3,7,28.0,8,8,0,0,100.0,100.0,0.754230101866069,10.62310789440032,0.7520938761799018,0.5685583349237988,0.005967088289349423,1.0,1.0,8.0,0.13620923835897902,3.0,0.99887315928936,0.9994639754295349,0.0026902589343549927,oof,xanh
adfecgdb,r01,3,8,32.0,9,9,0,0,100.0,100.0,0.8784801142773966,8.244681284095309,0.7710017056575796,0.5818777491354131,0.0037409304699031055,1.0,0.8888888888888888,9.0,0.1933162621305381,3.0,0.9987262454297807,0.9995039701461792,0.0778105468931714,oof,vang
adfecgdb,r01,3,9,36.0,8,8,0,0,100.0,100.0,0.9039627652968425,8.692362203502489,0.7667945792709823,0.468046542567911,0.005467158869180918,1.0,1.0,8.0,0.16657459963824767,3.0,0.9980030544102192,0.9994625449180603,0.014081531185258173,oof,xanh
adfecgdb,r01,3,10,40.0,9,9,0,0,100.0,100.0,0.8674525695064924,6.505156353949049,0.7808485696538823,0.46927354668237053,0.007370428968362475,1.0,1.0,9.0,0.14180962687271378,3.0,0.9983475539419386,0.9992338418960571,0.0009899871410795232,oof,xanh
adfecgdb,r01,3,11,44.0,8,8,0,0,100.0,100.0,0.9421010609044863,8.645536968327011,0.7639779266509179,0.4902368570649904,0.005407661372418496,1.0,1.0,8.0,0.14039636780681755,3.0,0.9981456696987152,0.9991790652275085,0.003435445229963324,oof,xanh
adfecgdb,r01,3,12,48.0,9,9,0,0,100.0,100.0,0.9130021877753751,5.665875117851693,0.7605551224364945,0.52014893601471,0.005929461515248263,1.0,0.8888888888888888,9.0,0.17883611324192136,3.0,0.9986218313376108,0.9995905756950378,0.014173861895903856,oof,xanh
adfecgdb,r01,3,13,52.0,8,8,0,0,100.0,100.0,0.9307101346962788,8.069509579285617,0.7469620563936008,0.4027654758371273,0.006018402316407651,1.0,1.0,8.0,0.15842939467073852,3.0,0.9988484419882298,0.9991410076618195,0.0007269437488635976,oof,xanh
adfecgdb,r01,3,14,56.0,9,9,0,0,100.0,100.0,0.8697893606072652,7.782880245064412,0.7313858013935418,0.2614626855501057,0.008364974829803576,1.0,0.8888888888888888,9.0,0.16053511071489648,3.0,0.9980002840360006,0.9993677735328674,0.014636724582273788,oof,xanh
adfecgdb,r01,3,15,60.0,9,9,0,0,100.0,100.0,0.8302202208819782,6.757478889902549,0.7233023389985344,0.13010921136724793,0.00743369445306934,1.0,0.7777777777777778,9.0,0.10708186643732841,4.0,0.9971827301714156,0.999195396900177,0.003927173930318268,oof,xanh
adfecgdb,r01,3,16,64.0,8,8,0,0,100.0,100.0,1.0609157086345846,5.708203568419494,0.7667279078396533,0.03426942616527893,0.005467158869180918,1.0,0.875,8.0,0.19933382084326445,3.0,0.9981728196144104,0.9991092383861542,0.0005205707003543994,oof,xanh
adfecgdb,r01,3,17,68.0,9,9,0,0,100.0,100.0,1.0352472612427805,5.516255192756082,0.7730840473686378,0.04557496445866749,0.005523489167137932,1.0,1.0,9.0,0.16500226388486708,3.0,0.9977602528201209,0.9990205764770508,0.000257377824963871,oof,xanh
adfecgdb,r01,3,18,72.0,8,8,0,0,100.0,100.0,0.8685653493330108,8.405841523513988,0.7234002568966149,0.12522716411469423,0.007418067392245488,1.0,0.7142857142857143,8.0,0.17610405685325592,3.0,0.9976296909153461,0.999067485332489,0.001271113845231608,oof,xanh
adfecgdb,r01,3,19,76.0,8,8,0,0,100.0,100.0,0.8450512551542971,9.912150019133476,0.7521117778542935,0.05717211578865274,0.00456856823780943,1.0,0.8,8.0,0.07074315871467118,3.0,0.9984328784048557,0.9991978406906128,0.0004757311309967237,oof,xanh
adfecgdb,r01,3,20,80.0,9,9,0,0,100.0,100.0,0.6032387556117951,10.853183927553003,0.6470561747366043,0.18615433024487532,0.007931763087785851,1.0,0.16666666666666666,9.0,0.0952259000564352,4.0,0.9984395073519813,0.9991296529769897,5.816749601383885e-05,oof,xanh
adfecgdb,r01,3,21,84.0,8,8,0,0,100.0,100.0,0.655623048734245,9.979684214566133,0.6500194268126794,0.22842625564641328,0.010763263429579185,1.0,0.16666666666666666,8.0,0.1070884753826605,4.0,0.9979042522609234,0.9989510476589203,9.27657355459853e-05,oof,xanh
adfecgdb,r01,3,22,88.0,9,9,0,0,100.0,100.0,0.5664889778003723,8.781102097487127,0.6641314902565607,0.3559333304614253,0.02229785988736312,1.0,0.15384615384615385,9.0,0.09964112058368076,4.0,0.9940938883357577,0.9988941550254822,0.0008642019487231435,oof,xanh
adfecgdb,r01,3,23,92.0,8,8,0,0,100.0,100.0,0.9104744458575763,8.466543792659346,0.7614290827585702,0.23326875368871436,0.008636050959177093,1.0,1.0,8.0,0.12434256806236298,3.0,0.9980245567858219,0.9988541603088379,0.0001729846204329421,oof,xanh
adfecgdb,r01,3,24,96.0,8,8,0,0,100.0,100.0,0.8836718773092143,22.55643236523642,0.7249993393653452,0.43665411559148337,0.007715167498088531,1.0,0.2222222222222222,8.0,0.1002888336997404,3.0,0.9972472302615643,0.9991806149482727,0.008280310531799413,oof,xanh
adfecgdb,r01,3,25,100.0,9,9,0,0,100.0,100.0,0.7348842824333154,11.162069395000227,0.7519067891706797,0.5115154466857076,0.005032352070621888,1.0,0.3333333333333333,9.0,0.17849697262900632,4.0,0.9945061405499777,0.9992855191230774,0.0567072802940251,oof,vang
adfecgdb,r01,3,26,104.0,8,8,0,0,100.0,100.0,0.766569502513835,9.340269716297579,0.7531636624232162,0.4619383314615606,0.006143397004315709,1.0,0.875,8.0,0.14627993007119475,3.0,0.998903464525938,0.999427080154419,0.031380686535896846,oof,xanh
adfecgdb,r01,3,27,108.0,9,9,0,0,100.0,100.0,0.7841794273975876,10.803703017650642,0.7659798410615668,0.481841157667835,0.0058669803612416156,1.0,1.0,9.0,0.11480185515386145,3.0,0.9987235135502286,0.9991713762283325,0.0005193034056918949,oof,xanh
adfecgdb,r01,3,28,112.0,8,8,0,0,100.0,100.0,0.8271618410676177,12.128845012627407,0.7507026107181383,0.4714086612232623,0.002969078476094486,1.0,1.0,8.0,0.15652443705222474,3.0,0.9985125809907913,0.999250590801239,0.0010762886499605705,oof,xanh
adfecgdb,r01,3,29,116.0,9,9,0,0,100.0,100.0,0.810914824615525,10.884128739459447,0.7478518496792189,0.5037932930925383,0.005916859046565509,1.0,0.9411764705882353,9.0,0.17732710132576562,3.0,0.9985510210196177,0.9993366599082947,0.003916108400992808,oof,xanh
adfecgdb,r01,3,30,120.0,8,8,0,0,100.0,100.0,0.6931945503522375,16.40889193520971,0.7134009345705994,0.46439299108772947,0.0059670882893494235,1.0,0.8571428571428571,8.0,0.189289603978497,3.0,0.996602326631546,0.9990288615226746,0.022541842356514703,oof,xanh
adfecgdb,r01,3,31,124.0,9,9,0,0,100.0,100.0,0.8253101871127035,9.07712437071065,0.7695543133058699,0.5035720468907375,0.00566542036629318,1.0,0.8888888888888888,9.0,0.17328254356175363,3.0,0.9987030294206407,0.9994462132453918,0.027250948595163183,oof,xanh
adfecgdb,r01,3,32,128.0,8,8,0,0,100.0,100.0,0.9483966239340171,9.732139886536393,0.7651835213293391,0.47199969872536784,0.010105651043158841,1.0,1.0,8.0,0.1498120138307346,3.0,0.9988744109869003,0.9992875456809998,0.002505978794023756,oof,xanh
adfecgdb,r01,3,33,132.0,9,9,0,0,100.0,100.0,0.6471843545607397,9.692942010323064,0.7490494509331421,0.5074868414427406,0.006622479319602452,1.0,0.8888888888888888,9.0,0.06069188738215607,3.0,0.9990257488356696,0.999428927898407,0.005681262005854604,oof,xanh
adfecgdb,r01,3,34,136.0,8,8,0,0,100.0,100.0,0.7883268134814355,11.39240691161973,0.7534673120056572,0.485298737333047,0.00456856823780943,1.0,1.0,8.0,0.13236489918317165,3.0,0.9990949109196663,0.9993933439254761,0.0026388569168487165,oof,xanh
adfecgdb,r01,3,35,140.0,9,9,0,0,100.0,100.0,0.7095743663864669,9.593456585708728,0.7537038971299522,0.5473902569644287,0.007363753598696344,1.0,0.8888888888888888,9.0,0.14956949516722887,3.0,0.9990674555301666,0.9994732737541199,0.0255936296280195,oof,xanh
adfecgdb,r01,3,36,144.0,9,9,0,0,100.0,100.0,0.732113822216141,9.89833752483394,0.7461130699962286,0.4909479545126502,0.00746573623950494,1.0,1.0,9.0,0.18476192518873255,3.0,0.998189197646247,0.9993013441562653,0.013420364513631714,oof,xanh
adfecgdb,r01,3,37,148.0,8,8,0,0,100.0,100.0,0.8235327588703617,12.67394484823533,0.7579972193782991,0.38574737999779507,0.0072978121337078025,1.0,1.0,8.0,0.21230708722856642,3.0,0.9988921731710434,0.9992965161800385,0.0010910418800014593,oof,xanh
adfecgdb,r01,3,38,152.0,9,9,0,0,100.0,100.0,0.7385468529664061,11.561582204744287,0.7499521673966157,0.5417385940104936,0.0061932862767715684,1.0,1.0,9.0,0.16651576814093128,3.0,0.9989037050141228,0.9992709755897522,0.0007162717490542983,oof,xanh
adfecgdb,r01,3,39,156.0,9,9,0,0,100.0,100.0,0.7032180603723835,13.17234502801156,0.7573560248996434,0.3058181537082698,0.22943610293054198,0.875,0.9411764705882353,9.0,0.16010468348009682,3.0,0.9976915915807089,0.9989248812198639,0.008368664784415973,oof,xanh
adfecgdb,r01,3,40,160.0,8,8,0,0,100.0,100.0,0.7421873395730187,13.157487465232364,0.7672147215957164,0.43930221146762627,0.23719630672102224,0.8571428571428571,1.0,8.0,0.15372036542556497,3.0,0.9979788772761822,0.9988451898097992,0.009413649292916965,oof,xanh
adfecgdb,r01,3,41,164.0,10,10,0,0,100.0,100.0,0.6701736979342768,9.44338447935227,0.7670285008212441,0.5200128132810405,0.02874647705609804,1.0,0.8421052631578947,10.0,0.255945839264077,3.0,0.9981944859027863,0.9991844296455383,0.0031514759494514926,oof,xanh
adfecgdb,r01,3,42,168.0,8,8,0,0,100.0,100.0,0.7466467350170757,14.19074738929589,0.759682780340305,0.4016541040258275,0.03639407556882483,1.0,1.0,8.0,0.19888882379258122,3.0,0.9988124631345272,0.9993333518505096,0.00025111262549804345,oof,xanh
adfecgdb,r01,3,43,172.0,8,8,0,0,100.0,100.0,0.6742092476823576,9.688465234741047,0.766509392929457,0.4815454758500943,0.01902240196359558,1.0,0.875,8.0,0.1996858853871567,3.0,0.9988248907029629,0.9993232488632202,0.011584621760859703,oof,xanh
adfecgdb,r01,3,44,176.0,9,9,0,0,100.0,100.0,0.6248818370890193,11.731982175737244,0.7574510246535362,0.3360716452559198,0.015386021299668809,1.0,1.0,9.0,0.1594379374521789,3.0,0.9984872705406613,0.9993558526039124,0.00013747036304313282,oof,xanh
adfecgdb,r01,3,45,180.0,9,9,0,0,100.0,100.0,0.6917962776538419,11.611780281191733,0.7387982986737404,0.13103876108291215,0.020381283174773883,1.0,1.0,9.0,0.20630986243834287,3.0,0.9981894857353635,0.9988361597061157,0.0006056876948482684,oof,xanh
adfecgdb,r01,3,46,184.0,9,9,0,0,100.0,100.0,0.7400629592947219,8.482274941142785,0.7593069830703202,0.22885163578759543,0.013100622030157475,1.0,0.8888888888888888,9.0,0.1706872700191757,3.0,0.9980158309141794,0.9989678859710693,0.0014560589903432949,oof,xanh
adfecgdb,r01,3,47,188.0,10,10,0,0,100.0,100.0,0.853822479853491,9.3616310300304,0.7698937489970462,0.022368937222314797,0.00965904093950047,1.0,1.0,10.0,0.18418411607936105,3.0,0.9979394972324371,0.9987980425357819,0.0003137374741573018,oof,xanh
adfecgdb,r01,3,48,192.0,10,10,0,0,100.0,100.0,0.6066930642088265,4.587310404905696,0.7623545645508634,0.16551296051505357,0.02273655244967338,1.0,0.7777777777777778,10.0,0.16109205232831864,2.0,0.9810941040515899,0.9989946782588959,0.0017846280269407737,oof,xanh
adfecgdb,r01,3,49,196.0,9,9,0,0,100.0,100.0,0.6596953997245558,9.376859207512881,0.7517895140880684,0.09288606207999034,0.016346575583704014,1.0,0.625,9.0,0.10341158361917492,3.0,0.9986018406020271,0.9991763234138489,0.0019925935720508823,oof,xanh
adfecgdb,r01,3,50,200.0,8,8,0,0,100.0,100.0,0.5769031650015437,11.23485508192322,0.68245194333919,0.20248905871474515,0.0073809517656106185,1.0,0.18181818181818182,8.0,0.08760577120969212,4.0,0.9986657537519932,0.9991796612739563,8.539093643779675e-05,oof,xanh
adfecgdb,r01,3,51,204.0,9,9,0,0,100.0,100.0,0.8048865124859812,8.438732370627646,0.7638399619665682,0.34496516127901683,0.010043157533667245,1.0,1.0,9.0,0.20215801081161638,3.0,0.9976639913188087,0.9989446103572845,0.0015509169752320879,oof,xanh
adfecgdb,r01,3,52,208.0,10,10,0,0,100.0,100.0,0.7048186407054997,5.550491637652799,0.7351112127425138,0.181459120773697,0.03321171013213577,1.0,0.8235294117647058,10.0,0.14745467224162298,3.0,0.9756644576787948,0.998396098613739,0.029042100634595957,oof,xanh
adfecgdb,r01,3,53,212.0,9,9,0,0,100.0,100.0,0.768957311771293,8.828321269026562,0.7642270258391195,0.1799622964789107,0.04803493449771172,1.0,0.9411764705882353,9.0,0.18167481428626994,3.0,0.99708468053076,0.9993124008178711,0.001138827771338879,oof,xanh
adfecgdb,r01,3,54,216.0,8,8,0,0,100.0,100.0,0.761397613999967,13.869839862718035,0.7454717666678797,0.0858325479791577,0.0058670413000671785,1.0,1.0,8.0,0.1992746958793716,3.0,0.9983947575092316,0.9995496869087219,0.004213410747780647,oof,xanh
adfecgdb,r01,3,55,220.0,9,9,0,0,100.0,100.0,0.8040818505002846,10.527447397497411,0.7386254197046239,0.4708508423467392,0.007781950143840615,1.0,0.8,9.0,0.21305774582229212,3.0,0.9985822902785407,0.9994211196899414,0.023209539334493563,oof,xanh
adfecgdb,r01,3,56,224.0,8,8,0,0,100.0,100.0,0.8961303722349305,8.691448085431215,0.7581918316194005,0.4337348947825644,0.011187303043025437,1.0,1.0,8.0,0.10485965059968853,3.0,0.9985560774803162,0.9992541670799255,0.008725672965919062,oof,xanh
adfecgdb,r01,3,57,228.0,8,8,0,0,100.0,100.0,0.8270202884498367,8.723974203129751,0.7465413811048907,0.4823449906032154,0.010802260760845677,1.0,0.875,8.0,0.1313018254460909,3.0,0.9984273798763752,0.9991746842861176,0.02384996409647918,oof,xanh
adfecgdb,r01,3,58,232.0,9,9,0,0,100.0,100.0,0.6882640832431335,11.475706616638638,0.7478019598220077,0.47443543706886543,0.005617306392906481,1.0,1.0,9.0,0.15489842107878657,3.0,0.9987046784824796,0.9992544054985046,0.0007316651495618911,oof,xanh
adfecgdb,r01,3,59,236.0,8,8,0,0,100.0,100.0,0.7872413746334349,10.905007224831635,0.7478554709266008,0.5176949449340625,0.007067820478585327,1.0,1.0,8.0,0.17039304510051254,3.0,0.9988274984061718,0.9994010925292969,0.0035738962061572202,oof,xanh
adfecgdb,r01,3,60,240.0,9,9,0,0,100.0,100.0,0.7231933250798159,9.115762443439316,0.7492162171987724,0.5343825598860129,0.008293891257238445,1.0,1.0,9.0,0.18483773354288652,3.0,0.9986265897750854,0.9994914531707764,0.05662307662281585,oof,vang
adfecgdb,r01,3,61,244.0,8,8,0,0,100.0,100.0,0.48206752910381717,1.9683984592964476,0.6238765623919843,0.8719406717629088,0.031747066084825845,1.0,0.75,8.0,0.05547801641675618,2.0,0.9913182556629181,0.9990361630916595,0.01244535853676004,oof,xanh
adfecgdb,r01,3,62,248.0,9,9,0,0,100.0,100.0,0.7339806016274979,8.66307730489894,0.7410685956881287,0.5597803691503116,0.005617306392906481,1.0,0.8235294117647058,9.0,0.15988597108402164,3.0,0.9985751012961069,0.9992401599884033,0.0078003251502649735,oof,xanh
adfecgdb,r01,3,63,252.0,8,8,0,0,100.0,100.0,0.658121019991665,10.522154691206193,0.7411831478036728,0.564616439209589,0.004178650922955905,1.0,1.0,8.0,0.19473806417504286,3.0,0.9989169463515282,0.9994717240333557,0.004407900659323161,oof,xanh
adfecgdb,r01,3,64,256.0,8,8,0,0,100.0,100.0,0.7234870324999363,11.384614462919929,0.7491773000309017,0.502935190823897,0.0041387116070854425,1.0,1.0,8.0,0.20392889437998854,3.0,0.9988010115921497,0.9993618130683899,0.01166723681084741,oof,xanh
adfecgdb,r01,3,65,260.0,9,9,0,0,100.0,100.0,0.7617006921533866,9.334011040748997,0.7564723028502184,0.5667832896661708,0.004055479943664199,1.0,1.0,9.0,0.1596537063193911,3.0,0.998327546649509,0.9989144802093506,0.0013522458522281775,oof,xanh
adfecgdb,r01,3,66,264.0,8,8,0,0,100.0,100.0,0.7294521408860192,9.641115044718006,0.7559376336390303,0.49014760757453246,0.01074185662884772,1.0,0.875,8.0,0.18989455291042528,3.0,0.9984733052551746,0.9994674324989319,0.03597531175365938,oof,xanh
adfecgdb,r01,3,67,268.0,8,8,0,0,100.0,100.0,0.8183975302812517,10.275728675787299,0.7562586244215546,0.5290474378336142,0.005818265422275748,1.0,1.0,8.0,0.16886331901425222,3.0,0.998713705688715,0.9992855191230774,0.002615091239716555,oof,xanh
adfecgdb,r01,3,68,272.0,9,9,0,0,100.0,100.0,0.7842718775180717,10.56161110156793,0.7666428711269463,0.5309249956157761,0.004013454244766211,1.0,1.0,9.0,0.2238511059716863,3.0,0.9987841977013482,0.999439537525177,0.008226023873028185,oof,xanh
adfecgdb,r01,3,69,276.0,8,8,0,0,100.0,100.0,0.7537903106468014,8.903174752360322,0.7548229806115444,0.5233047405123531,0.006991549034572027,1.0,0.875,8.0,0.23206430818908894,3.0,0.998944066464901,0.9993934035301208,0.042784637355195436,oof,xanh
adfecgdb,r01,3,70,280.0,8,8,0,0,100.0,100.0,0.8212140046764089,12.219349249530318,0.7572996290878621,0.5093123221961454,0.006041492314670873,1.0,1.0,8.0,0.14730535889788127,3.0,0.9989927783608437,0.999334841966629,0.0024763560411848397,oof,xanh
adfecgdb,r01,3,71,284.0,9,9,0,0,100.0,100.0,0.740135984101358,8.255840960937897,0.7466493739657526,0.4649711795006531,0.009807969561586947,1.0,1.0,9.0,0.2056974406617735,3.0,0.9980339772171445,0.9992687106132507,0.03767701868805417,oof,xanh
adfecgdb,r01,3,72,288.0,8,8,0,0,100.0,100.0,0.7963593800514591,10.640351488140757,0.7621516579251937,0.5085446948129618,0.006247346661296639,1.0,1.0,8.0,0.1913289122291482,3.0,0.9985306225717068,0.9993687868118286,0.012919363340823548,oof,xanh
adfecgdb,r01,3,73,292.0,8,8,0,0,100.0,100.0,0.8065150587712678,11.001406706552276,0.7532638872574726,0.517547734485954,0.006099305638256119,1.0,1.0,8.0,0.15361218797563084,3.0,0.9980003125965595,0.9992780685424805,0.0007115428025110887,oof,xanh
adfecgdb,r01,3,74,296.0,9,9,0,0,100.0,100.0,0.7657985751475831,9.384467520400776,0.7583372484880468,0.5609902609887012,0.006444786376042843,1.0,1.0,9.0,0.1779289875584906,3.0,0.9988306363423666,0.9991744160652161,0.0032694361859137706,oof,xanh
adfecgdb,r01,4,0,0.0,9,9,0,0,100.0,100.0,0.5281992710950963,7.920460954579552,0.7294881046171807,0.4724337179043196,0.00566542036629318,1.0,0.7777777777777778,9.0,0.11878623721488522,3.0,0.9987307720714145,0.9990594983100891,0.000854407632701579,oof,xanh
adfecgdb,r01,4,1,4.0,8,8,0,0,100.0,100.0,0.497093645483711,8.259744962250034,0.7166859123777984,0.48879195093029043,0.0029871826131438045,1.0,0.75,8.0,0.10980664192625023,3.0,0.9990535601973534,0.9994775056838989,0.004586908843801907,oof,xanh
adfecgdb,r01,4,2,8.0,9,9,0,0,100.0,100.0,0.5961398470755289,10.056804364695239,0.7604248252624997,0.5210792294444597,0.006095748113664002,1.0,0.8888888888888888,9.0,0.18275062050138532,3.0,0.99901372856564,0.999432384967804,0.004306311178650071,oof,xanh
adfecgdb,r01,4,3,12.0,9,9,0,0,100.0,100.0,0.5984724455055314,11.0719149262733,0.7462991189226389,0.547256978747264,0.004385964912271088,1.0,0.9411764705882353,9.0,0.16793487443069094,3.0,0.9988942874802483,0.999356210231781,0.0016474438726391545,oof,xanh
adfecgdb,r01,4,4,16.0,8,8,0,0,100.0,100.0,0.5018505641342852,13.345517598515421,0.7176504146843211,0.45969238977314925,0.004688793717751554,1.0,1.0,8.0,0.16914680998064047,3.0,0.9988943934440613,0.9994120895862579,0.002038179392854406,oof,xanh
adfecgdb,r01,4,5,20.0,9,9,0,0,100.0,100.0,0.6065514153597701,10.196096377237733,0.753702918766123,0.5262008355581055,0.009070128926973332,1.0,1.0,9.0,0.14637556100463817,3.0,0.9988861183325449,0.9994834661483765,0.0011613206262473773,oof,xanh
adfecgdb,r01,4,6,24.0,9,9,0,0,100.0,100.0,0.4852028896357991,8.329965457974266,0.707306785630454,0.47292025343579464,0.006095748113664002,1.0,0.7777777777777778,9.0,0.1276329591876809,4.0,0.9987230334017012,0.9991934299468994,0.001831267494059116,oof,xanh
adfecgdb,r01,4,7,28.0,8,8,0,0,100.0,100.0,0.49990474242731625,11.791326620024055,0.7283418477251226,0.4627407252293595,0.007508421440871869,1.0,1.0,8.0,0.14847725678513074,3.0,0.9989914298057556,0.9993088245391846,0.001978531087711285,oof,xanh
adfecgdb,r01,4,8,32.0,9,9,0,0,100.0,100.0,0.5672040229991688,8.974579879298075,0.7412237213152176,0.5233908405335895,0.005714365682632567,1.0,0.7777777777777778,9.0,0.18669013648824856,3.0,0.9983417656686571,0.9992961883544922,0.021090647855222973,oof,xanh
adfecgdb,r01,4,9,36.0,8,8,0,0,100.0,100.0,0.6464036200614619,13.909212746511692,0.7458046346255259,0.4804312135831911,0.00712830304991784,1.0,1.0,8.0,0.15467190758310986,3.0,0.9986389689147472,0.9990158677101135,0.0001688266031817633,oof,xanh
adfecgdb,r01,4,10,40.0,9,9,0,0,100.0,100.0,0.5597939789728851,11.933954855260243,0.7406232572106071,0.47559067367162616,0.007370428968362475,1.0,1.0,9.0,0.1428862775082526,3.0,0.9988924596044753,0.9992626905441284,0.0003224017551981636,oof,xanh
adfecgdb,r01,4,11,44.0,8,8,0,0,100.0,100.0,0.6531514860335855,9.975686600377662,0.7448821640279467,0.4062304278107285,0.0029618981170229717,1.0,0.875,8.0,0.16991042622810973,3.0,0.9986936338245869,0.9991773962974548,0.00029534027483120955,oof,xanh
adfecgdb,r01,4,12,48.0,9,9,0,0,100.0,100.0,0.5929242417696458,10.359589843082974,0.7504776471954265,0.2905917626570402,0.005641260791170422,1.0,1.0,9.0,0.14607689366995052,3.0,0.998347649971644,0.9993305206298828,0.0007648459745749054,oof,xanh
adfecgdb,r01,4,13,52.0,8,8,0,0,100.0,100.0,0.5399301643301698,8.944169397270137,0.6884201042303382,0.11344290626943745,0.006018402316407651,1.0,0.75,8.0,0.15739868061754653,4.0,0.9990712106227875,0.999519944190979,0.002946956985142655,oof,xanh
adfecgdb,r01,4,14,56.0,9,9,0,0,100.0,100.0,0.5833134451820172,11.078699019506706,0.6967678375545007,0.10187153805212183,0.007163336480233778,1.0,0.7142857142857143,9.0,0.16197197924299497,3.0,0.9988944563600752,0.9993489384651184,0.0009893286897682326,oof,xanh
adfecgdb,r01,4,15,60.0,9,9,0,0,100.0,100.0,0.7274512979914483,8.66886987809958,0.7512821826896213,0.08851622305691297,0.007347968489160055,1.0,1.0,9.0,0.14592851213581381,3.0,0.9984239108032651,0.999422550201416,0.0038348895645674125,oof,xanh
adfecgdb,r01,4,16,64.0,8,8,0,0,100.0,100.0,0.7263958123949825,10.447657426503202,0.7266485973097899,0.09328591127059804,0.008469686100563157,1.0,0.875,8.0,0.1418325737599704,3.0,0.9971712902188301,0.9989166259765625,0.0006436107790649454,oof,xanh
adfecgdb,r01,4,17,68.0,9,9,0,0,100.0,100.0,0.8426570092537079,9.095427679573422,0.7641689075138762,0.10965233784191304,0.006924060105111648,1.0,1.0,9.0,0.15538289779689773,3.0,0.9984651174810197,0.9992699027061462,0.0002975537086317172,oof,xanh
adfecgdb,r01,4,18,72.0,8,8,0,0,100.0,100.0,0.58625161229736,17.917068954121493,0.6961129275575979,0.2248642382207294,0.005895282172750957,1.0,0.9333333333333333,8.0,0.1422474253608728,4.0,0.9979849010705948,0.9990413784980774,0.00016675843960984107,oof,xanh
adfecgdb,r01,4,19,76.0,8,8,0,0,100.0,100.0,0.7030012917022023,10.454848198531046,0.7586564650400855,0.24629181387431623,0.005453824335353662,1.0,1.0,8.0,0.10932491917289124,3.0,0.9985124543309212,0.9993163347244263,0.0003281267313475585,oof,xanh
adfecgdb,r01,4,20,80.0,9,9,0,0,100.0,100.0,0.6702874538038028,14.954200142852851,0.7577083795098931,0.2903791482072513,0.006679142244262038,1.0,0.9411764705882353,9.0,0.14101630373612994,3.0,0.9988990823427836,0.9993626475334167,0.0004760002663927306,oof,xanh
adfecgdb,r01,4,21,84.0,8,8,0,0,100.0,100.0,0.6743470446133312,8.29814619225679,0.7561945184053515,0.14306422643463926,0.008327167344063602,1.0,1.0,8.0,0.10684473580143683,3.0,0.9981330968439579,0.9992303252220154,0.0004080699997165347,oof,xanh
adfecgdb,r01,4,22,88.0,9,9,0,0,100.0,100.0,0.5785065552047348,19.008146162948293,0.7195121511432748,0.352273510735398,0.007186932811474213,1.0,0.2,9.0,0.13804521843649037,3.0,0.9964005185498132,0.9991559982299805,0.0003603989419229971,oof,xanh
adfecgdb,r01,4,23,92.0,8,8,0,0,100.0,100.0,0.687956933588459,11.948717392757139,0.7466786935379411,0.2790447773863533,0.008636050959177093,1.0,1.0,8.0,0.14957410237561453,3.0,0.9986152835190296,0.9993864297866821,0.00087555530529879,oof,xanh
adfecgdb,r01,4,24,96.0,8,8,0,0,100.0,100.0,0.576115540387605,18.67131190458984,0.7487753720535886,0.29445688224110655,0.007715167498088531,1.0,1.0,8.0,0.16064463793805495,3.0,0.9984702132642269,0.9992334246635437,0.0002994101957683568,oof,xanh
adfecgdb,r01,4,25,100.0,9,9,0,0,100.0,100.0,0.4974480078924445,16.80639871306923,0.7155235809607275,0.3805060513339692,0.006552988455808288,1.0,0.9411764705882353,9.0,0.15551497134535014,3.0,0.997417668501536,0.9990424513816833,0.00027005786262446197,oof,xanh
adfecgdb,r01,4,26,104.0,8,8,0,0,100.0,100.0,0.5215657514235522,11.636963173740796,0.7385270504458282,0.21793452798749957,0.020880953022905577,1.0,0.875,8.0,0.15140503198429411,3.0,0.9948244951665401,0.9994817078113556,0.0012989020551368911,oof,xanh
adfecgdb,r01,4,27,108.0,9,9,0,0,100.0,100.0,0.6389414565045529,10.935346312943242,0.7550610012247685,0.3993081387468035,0.0058669803612416156,1.0,1.0,9.0,0.1731225371217352,3.0,0.9988233711984422,0.9992764592170715,0.00010204490983712203,oof,xanh
adfecgdb,r01,4,28,112.0,8,8,0,0,100.0,100.0,0.6109278679035036,14.56739876743671,0.7378091612184209,0.38041180983739836,0.002969078476094486,1.0,1.0,8.0,0.1422217623795081,3.0,0.9992280788719654,0.9993804693222046,0.001011507216959609,oof,xanh
adfecgdb,r01,4,29,116.0,9,9,0,0,100.0,100.0,0.3862964603970649,12.839255245577583,0.722876347791221,0.4758510873513966,0.004255319148927061,1.0,0.875,9.0,0.160402912266975,4.0,0.9985677666134305,0.9995085000991821,0.002311716553031754,oof,xanh
adfecgdb,r01,4,30,120.0,8,8,0,0,100.0,100.0,0.45945590641002565,20.358623388650095,0.71676717331046,0.4940503261928229,0.0059670882893494235,1.0,0.7692307692307693,8.0,0.18811070104253017,3.0,0.9984780699014664,0.9993779361248016,0.00697041213832454,oof,xanh
adfecgdb,r01,4,31,124.0,9,9,0,0,100.0,100.0,0.5158158511422611,10.931932155176387,0.7593660010231785,0.49405424305466406,0.007101980279118373,1.0,1.0,9.0,0.18198908200319758,3.0,0.9987745682398478,0.9994818568229675,0.0037559214938735126,oof,xanh
adfecgdb,r01,4,32,128.0,8,8,0,0,100.0,100.0,0.6472757870640536,13.376083889597687,0.7604186552161469,0.4420393262966215,0.010105651043158841,1.0,1.0,8.0,0.1611612774407421,3.0,0.9990686774253845,0.9994282126426697,0.0003351764499408191,oof,xanh
adfecgdb,r01,4,33,132.0,9,9,0,0,100.0,100.0,0.3866854540664161,10.735034815970456,0.7020890306013701,0.47101539868146997,0.007864473475164262,1.0,0.5333333333333333,9.0,0.13946644650513662,4.0,0.9989073309633467,0.9992571473121643,0.0004608435092140417,oof,xanh
adfecgdb,r01,4,34,136.0,8,8,0,0,100.0,100.0,0.5768553995594337,15.131075914802135,0.7507435910397571,0.4810203541417112,0.00456856823780943,1.0,1.0,8.0,0.15839119307061136,3.0,0.9992472790181637,0.9993106126785278,0.0016139994348250064,oof,xanh
adfecgdb,r01,4,35,140.0,9,9,0,0,100.0,100.0,0.44537727282649214,10.921836747303008,0.7433707784390767,0.5295175956251477,0.005980412849428607,1.0,0.8888888888888888,9.0,0.17326949038887832,3.0,0.9986617399586571,0.9994938373565674,0.0023990250190109837,oof,xanh
adfecgdb,r01,4,36,144.0,9,9,0,0,100.0,100.0,0.5536164031871794,12.035327473225735,0.7624093385794098,0.44066212064190646,0.006095748113664002,1.0,1.0,9.0,0.13495307594259123,3.0,0.9987846977180905,0.9995567202568054,0.0008279327726729187,oof,xanh
adfecgdb,r01,4,37,148.0,8,8,0,0,100.0,100.0,0.5181790088411902,13.310381001359335,0.7207829039444433,0.38747511057686446,0.009377587435503107,1.0,0.8,8.0,0.11333260460417278,3.0,0.9987592175602913,0.999221682548523,0.0002785803737677735,oof,xanh
adfecgdb,r01,4,38,152.0,9,9,0,0,100.0,100.0,0.4662609706066556,11.320334535505637,0.7502146211543644,0.407475318285533,0.0076258671861911,1.0,0.8888888888888888,9.0,0.15012354762764746,3.0,0.9989326993624369,0.9994307160377502,0.001064606223097019,oof,xanh
adfecgdb,r01,4,39,156.0,9,9,0,0,100.0,100.0,0.5433364821291906,14.55362978142648,0.7490867048874266,0.2814559514441673,0.22692081340269565,0.875,1.0,9.0,0.1252745236247727,3.0,0.9976538750860426,0.9990131556987762,0.01630653423629678,oof,xanh
adfecgdb,r01,4,40,160.0,8,8,0,0,100.0,100.0,0.43892067618112723,9.832845615090044,0.7310087958909186,0.463558915932272,0.23705862106389122,0.8571428571428571,0.75,8.0,0.14297509460226185,3.0,0.9960223659873009,0.9981076717376709,0.0897565449393704,oof,vang
adfecgdb,r01,4,41,164.0,10,10,0,0,100.0,100.0,0.5183632197061755,8.494712439628216,0.753099798342141,0.4973317263758598,0.02911165513003605,1.0,0.9473684210526315,10.0,0.26794134041256606,3.0,0.996964430809021,0.9988909363746643,0.0016820886657248526,oof,xanh
adfecgdb,r01,4,42,168.0,8,8,0,0,100.0,100.0,0.43943747604753847,11.616806378580648,0.7429295822368582,0.4708425238384232,0.03639407556882483,1.0,0.875,8.0,0.08390109352971525,3.0,0.9986752904951572,0.9991163313388824,0.0004714332620605964,oof,xanh
adfecgdb,r01,4,43,172.0,8,8,0,0,100.0,100.0,0.5245954655777982,15.228823624243425,0.7521992937576659,0.4788175721440815,0.01902240196359558,1.0,1.0,8.0,0.18490764322113815,3.0,0.9989271126687527,0.9992750287055969,0.0031154209812884045,oof,xanh
adfecgdb,r01,4,44,176.0,9,9,0,0,100.0,100.0,0.4115958784711221,12.623023725495559,0.7509478063865266,0.38590267379018434,0.014194910029842887,1.0,1.0,9.0,0.14213407818122206,3.0,0.9988638162612915,0.9994526505470276,0.00030432316235737993,oof,xanh
adfecgdb,r01,4,45,180.0,9,9,0,0,100.0,100.0,0.48218680869674974,14.692625289283754,0.7219901111423859,0.3092031136131235,0.021340921731874997,1.0,1.0,9.0,0.20985914758043714,3.0,0.9983485672208998,0.9990923702716827,0.0002023094381339216,oof,xanh
adfecgdb,r01,4,46,184.0,9,9,0,0,100.0,100.0,0.508663165461127,8.547387084366669,0.7234870561664857,0.14836707219500034,0.014694112937373435,1.0,0.7058823529411765,9.0,0.057956595844441315,3.0,0.9975771142376794,0.9988940358161926,0.0008701493329487238,oof,xanh
adfecgdb,r01,4,47,188.0,10,10,0,0,100.0,100.0,0.6030482121171499,9.32966377070665,0.7528481459156375,0.0895174845814214,0.008503248244052578,1.0,1.0,10.0,0.18673662999483312,3.0,0.9974166333675385,0.9990938603878021,0.00036996583360641283,oof,xanh
adfecgdb,r01,4,48,192.0,10,10,0,0,100.0,100.0,0.5113060675305553,8.99759657830557,0.7460993364053241,0.15766708236376067,0.016483145381652513,1.0,0.9,10.0,0.1782006952108999,3.0,0.9961929976940155,0.9982813000679016,0.004068704964868425,oof,xanh
adfecgdb,r01,4,49,196.0,9,9,0,0,100.0,100.0,0.6379427661912273,10.449750196646574,0.764494305282911,0.16561922164879822,0.015726572998477642,1.0,1.0,9.0,0.19722167420470307,3.0,0.9983600841628181,0.9989176988601685,0.00016992273215273593,oof,xanh
adfecgdb,r01,4,50,200.0,8,8,0,0,100.0,100.0,0.48681622878271724,12.760355940995101,0.7306061452745934,0.3553211507390397,0.0073809517656106185,1.0,0.0,8.0,0.13721804134177026,4.0,0.9984442107379436,0.9989307224750519,5.373770262284195e-05,oof,xanh
adfecgdb,r01,4,51,204.0,9,9,0,0,100.0,100.0,0.6375866736821737,8.401580883308794,0.7505827691190773,0.23430962635296176,0.008968648512063098,1.0,1.0,9.0,0.18017186358752502,3.0,0.9975710080729591,0.9990637600421906,0.0003193543266109417,oof,xanh
adfecgdb,r01,4,52,208.0,10,10,0,0,100.0,100.0,0.48942633179355904,11.421311620449703,0.7096733997772879,0.16193256713601098,0.012069862537951266,1.0,0.75,10.0,0.1400803561396103,3.0,0.9947279274463654,0.9980849027633667,0.0004070826153625664,oof,xanh
adfecgdb,r01,4,53,212.0,9,9,0,0,100.0,100.0,0.6983998642544682,10.715421659923829,0.7649734252382352,0.4267178363726225,0.04901734567815422,1.0,1.0,9.0,0.1733571266613199,3.0,0.997999413145913,0.9991603791713715,0.0004145480632167437,oof,xanh
adfecgdb,r01,4,54,216.0,8,8,0,0,100.0,100.0,0.5150570220890306,13.90639257714723,0.7319949556437279,0.4072493886624952,0.0058670413000671785,1.0,0.875,8.0,0.1651453787086281,4.0,0.9984737522900105,0.9993928670883179,0.001023976123061212,oof,xanh
adfecgdb,r01,4,55,220.0,9,9,0,0,100.0,100.0,0.5822803357196662,10.196023488563375,0.7231087958204414,0.43070633970664324,0.007781950143840615,1.0,1.0,9.0,0.18520821909392285,3.0,0.9986950788233016,0.9994582533836365,0.00889436267797569,oof,xanh
adfecgdb,r01,4,56,224.0,8,8,0,0,100.0,100.0,0.46636843397452465,14.5371026596696,0.6850693452204716,0.443521103932363,0.0092853866438627,1.0,0.6153846153846154,8.0,0.08097738040777791,4.0,0.9977293163537979,0.9990862607955933,0.00021148873608490258,oof,xanh
adfecgdb,r01,4,57,228.0,8,8,0,0,100.0,100.0,0.6318949661218602,9.90805034970008,0.7430525646019677,0.4970531734534385,0.013432483384362502,1.0,1.0,8.0,0.12746281076981095,3.0,0.9984623044729233,0.9994098246097565,0.00047356062305335217,oof,xanh
adfecgdb,r01,4,58,232.0,9,9,0,0,100.0,100.0,0.516080938258457,11.963673691559043,0.7292053449401497,0.433858892982636,0.007041666221546371,1.0,1.0,9.0,0.1870136216195804,3.0,0.9983858267466227,0.9992260932922363,0.002289198636608084,oof,xanh
adfecgdb,r01,4,59,236.0,8,8,0,0,100.0,100.0,0.4801939002692832,7.6186397834570965,0.7055857832704854,0.49029589881480423,0.006406177508617359,1.0,0.625,8.0,0.06579556683805851,3.0,0.9988927841186523,0.9994063377380371,0.003589187829138945,oof,xanh
adfecgdb,r01,4,60,240.0,9,9,0,0,100.0,100.0,0.5927020716547609,12.164560797882048,0.7521837488436032,0.5138216582846394,0.008293891257238445,1.0,1.0,9.0,0.17615425840677998,3.0,0.9986704058117337,0.9991599321365356,0.00031732581709026673,oof,xanh
adfecgdb,r01,4,61,244.0,8,8,0,0,100.0,100.0,0.49642295891186655,12.765990815222727,0.6863624714550342,0.49201139335008875,0.006092018534745673,1.0,0.875,8.0,0.051566474578742534,4.0,0.9982704408466816,0.9992062449455261,0.0006114273045312594,oof,xanh
adfecgdb,r01,4,62,248.0,9,9,0,0,100.0,100.0,0.49131973372186577,10.195438052999553,0.7435755474393885,0.5662837380107066,0.005617306392906481,1.0,0.8235294117647058,9.0,0.19467750737171896,3.0,0.99859376417266,0.9993661046028137,0.0053257574781323406,oof,xanh
adfecgdb,r01,4,63,252.0,8,8,0,0,100.0,100.0,0.4941881201267283,8.747113071691844,0.7077702993919739,0.5505774950691431,0.004178650922955905,1.0,0.8235294117647058,8.0,0.16400462649458702,4.0,0.9987736567854881,0.9992457330226898,0.0022400815224934015,oof,xanh
adfecgdb,r01,4,64,256.0,8,8,0,0,100.0,100.0,0.5708792699784933,13.650794585591843,0.715287250991377,0.45544038657908026,0.00414366221905563,1.0,0.875,8.0,0.13974257828605413,3.0,0.9988255351781845,0.999147891998291,0.00031136732574208684,oof,xanh
adfecgdb,r01,4,65,260.0,9,9,0,0,100.0,100.0,0.48969410772270094,8.879682167137927,0.7297900037523365,0.509139100051468,0.005830119751642269,1.0,0.8888888888888888,9.0,0.18639303730310153,3.0,0.9978437125682831,0.999228835105896,0.0046433543902644585,oof,xanh
adfecgdb,r01,4,66,264.0,8,8,0,0,100.0,100.0,0.461520135294221,7.530677854329966,0.6867547794319013,0.4410525864392787,0.01074185662884772,1.0,0.625,8.0,0.06255384611850706,4.0,0.9983871132135391,0.9993266761302948,0.0016743589353705665,oof,xanh
adfecgdb,r01,4,67,268.0,8,8,0,0,100.0,100.0,0.6071263639351346,13.21943155309377,0.7484224565692738,0.5097089684226924,0.006933355404082251,1.0,1.0,8.0,0.20928454950948686,3.0,0.9988881349563599,0.9990555644035339,0.0002797066690215011,oof,xanh
adfecgdb,r01,4,68,272.0,9,9,0,0,100.0,100.0,0.6220904502180535,11.230231151399332,0.7499301622332969,0.5383744516390863,0.01016385785385103,1.0,1.0,9.0,0.20917828150377493,3.0,0.9987166126569113,0.9992627501487732,0.000833801933642291,oof,xanh
adfecgdb,r01,4,69,276.0,8,8,0,0,100.0,100.0,0.6384633147763488,10.475712736161752,0.750071847710997,0.527362741079527,0.006991549034572027,1.0,0.875,8.0,0.18196370848020857,3.0,0.9986017420887947,0.999285876750946,0.006702696314681719,oof,xanh
adfecgdb,r01,4,70,280.0,8,8,0,0,100.0,100.0,0.6221347147854634,12.893034231065359,0.7515645873432021,0.5377295579969361,0.006041492314670873,1.0,1.0,8.0,0.17442812475918243,3.0,0.9989122673869133,0.9992567896842957,0.000325260803790923,oof,xanh
adfecgdb,r01,4,71,284.0,9,9,0,0,100.0,100.0,0.5220850744992402,9.190830279263537,0.7155337679121182,0.4952826109610839,0.0065667697143904,1.0,0.8888888888888888,9.0,0.06168898118054459,3.0,0.9986599021487765,0.9992035031318665,0.0012872186232416468,oof,xanh
adfecgdb,r01,4,72,288.0,8,8,0,0,100.0,100.0,0.6715702976515262,13.624757884838939,0.739190426057331,0.499717351413803,0.006247346661296639,1.0,1.0,8.0,0.16559753718116843,3.0,0.9986285008490086,0.99930739402771,0.0011717642678805242,oof,xanh
adfecgdb,r01,4,73,292.0,8,8,0,0,100.0,100.0,0.622449932423776,11.373261959142853,0.7483977180733483,0.5113568160329355,0.007565257560195604,1.0,0.9411764705882353,8.0,0.19094397483647976,3.0,0.9988564103841782,0.9992144107818604,0.0012251925773682174,oof,xanh
adfecgdb,r01,4,74,296.0,9,9,0,0,100.0,100.0,0.6087218237181368,12.89113590108882,0.7547904843344602,0.5173069746492103,0.004949258537980212,1.0,1.0,9.0,0.1928884261718792,3.0,0.9987055096361372,0.9992330074310303,0.0009385608232070648,oof,xanh
adfecgdb,r04,1,0,0.0,9,9,0,0,100.0,96.57915672235482,1.030302394548281,3.3556065686257392,0.7303951230587931,0.19448185764335793,0.009138152921449738,1.0,1.0,9.0,0.18768123308437504,3.0,0.9982508652740054,0.9990671277046204,0.0029438975062978066,oof,xanh
adfecgdb,r04,1,1,4.0,8,8,0,0,100.0,96.57915672235482,1.0962074296963173,2.1541704467869165,0.7262690776234393,0.14492109295102681,0.014487459466407301,1.0,0.75,8.0,0.05340983095486952,4.0,0.9980279095470905,0.999261200428009,0.0048716776320818535,oof,xanh
adfecgdb,r04,1,2,8.0,8,8,0,0,100.0,96.57915672235482,1.0216757946378787,3.3137930375026343,0.730761751507341,0.18154169317667743,0.020391306267702743,1.0,0.42857142857142855,8.0,0.017794465593568155,4.0,0.9931402541697025,0.9986335337162018,0.09516647879393945,oof,vang
adfecgdb,r04,1,3,12.0,8,8,0,0,100.0,96.57915672235482,0.6138396327474271,19.126586403967142,0.6188447712675788,0.06338805724838513,0.023002039655545765,1.0,0.2,8.0,0.16597616597520487,4.0,0.9122328199446201,0.9988244771957397,0.003657046846593628,oof,xanh
adfecgdb,r04,1,4,16.0,9,9,0,0,100.0,96.57915672235482,0.5693251805125362,23.697579020111288,0.6216844162007175,0.012529963705409777,0.009070128926973306,1.0,0.0,9.0,0.0776501678356554,4.0,0.9950243963135613,0.9991932511329651,0.00010270763603668457,oof,xanh
adfecgdb,r04,1,5,20.0,8,8,0,0,100.0,96.57915672235482,1.199120464286821,2.4832724541791764,0.7386391981106089,0.013337311067421139,0.009083398304491527,1.0,0.75,8.0,0.09416631551864393,3.0,0.9967825151979923,0.9990643858909607,0.0026276506419533247,oof,xanh
adfecgdb,r04,1,6,24.0,9,9,0,0,100.0,96.57915672235482,1.096699144790149,2.7380338924347543,0.7326639348593733,0.21574070714838622,0.010182232533550996,1.0,0.5555555555555556,9.0,0.07877128655316734,4.0,0.9960661232471466,0.9989124834537506,0.01736766217104585,oof,xanh
adfecgdb,r04,1,7,28.0,8,8,0,0,100.0,96.57915672235482,0.8861038078771353,5.774699725290587,0.6357890687555012,0.03813758716635095,0.016060401860957058,1.0,0.3333333333333333,8.0,0.042576440586752626,4.0,0.9961597695946693,0.9987547397613525,0.00552945618342861,oof,xanh
adfecgdb,r04,1,8,32.0,8,8,0,0,100.0,96.57915672235482,0.7681948197667977,16.58703533136175,0.6421564910425527,0.016155914825132595,0.03632552302737197,1.0,0.0,9.0,0.07478827399814927,4.0,0.9856753316190507,0.9988107979297638,0.0010201585392093624,oof,xanh
adfecgdb,r04,1,9,36.0,9,9,0,0,100.0,96.57915672235482,0.7151363706366484,18.07340028716402,0.6445398050506741,0.036134803165312986,0.01112172682354711,1.0,0.0,8.0,0.052145734870865997,4.0,0.9827380552887917,0.9989768266677856,0.007851538765553695,oof,xanh
adfecgdb,r04,1,10,40.0,8,8,0,0,100.0,96.57915672235482,1.1575495051667701,2.0630554127609058,0.7359847197724317,0.20211591958672856,0.008983571156701252,1.0,0.8235294117647058,8.0,0.1211361199395418,4.0,0.9975504204630852,0.9992150068283081,0.001050227616185064,oof,xanh
adfecgdb,r04,1,11,44.0,8,8,0,0,100.0,96.57915672235482,0.6534972449239655,13.261596594000881,0.6108205741997974,0.09124655686338763,0.00758868934238242,1.0,0.18181818181818182,8.0,0.07895800702421704,5.0,0.984629899263382,0.9986894726753235,0.0008191832761931771,oof,xanh
adfecgdb,r04,1,12,48.0,9,9,0,0,100.0,96.57915672235482,0.6094930092181419,16.05873493763462,0.612068271322596,0.05647065355636133,0.007985532672576155,1.0,0.18181818181818182,9.0,0.03919751225165989,5.0,0.9927932818730673,0.9979400038719177,0.00014241099140910633,oof,xanh
adfecgdb,r04,1,13,52.0,8,8,0,0,100.0,96.57915672235482,1.0748691463928006,2.90135726253557,0.7277548680586446,0.23284265859117265,0.0029195348543242807,1.0,1.0,8.0,0.1384446718223065,3.0,0.9985120072960854,0.9991059899330139,0.0009026176763955102,oof,xanh
adfecgdb,r04,1,14,56.0,8,8,0,0,100.0,96.57915672235482,1.1866764541544426,2.1666325754772497,0.7502804159474613,0.0032012134449237372,0.007651405783228427,1.0,0.875,8.0,0.09597722897278133,3.0,0.9978454560041428,0.9990358054637909,0.0006684760912370621,oof,xanh
adfecgdb,r04,1,15,60.0,8,8,0,0,100.0,96.57915672235482,1.0598071342254793,1.9265354837770143,0.7143102130989665,0.07994450610299829,0.003755674180714738,1.0,1.0,8.0,0.20086195437752669,4.0,0.9941693432629108,0.9989883303642273,0.007234793762603131,oof,xanh
adfecgdb,r04,1,16,64.0,9,9,0,0,100.0,96.57915672235482,0.9989914652177242,3.9964368792226974,0.7074006346622821,0.19551667090820812,0.006838401629584669,1.0,1.0,9.0,0.18157117791441513,4.0,0.9985162185298072,0.9993603825569153,0.00018542563794613447,oof,xanh
adfecgdb,r04,1,17,68.0,8,8,0,0,100.0,96.57915672235482,1.1292598486017522,4.280582067530234,0.7398870258833105,0.1877628566093144,0.005375163407440117,1.0,1.0,8.0,0.16551366199545284,3.0,0.9969429671764374,0.9983577132225037,0.0030576422536086165,oof,xanh
adfecgdb,r04,1,18,72.0,8,8,0,0,100.0,96.57915672235482,0.6957613192098676,24.7023926166215,0.6806043935601467,0.1883137129702399,0.008307198117818883,1.0,0.0,8.0,0.05056644647926456,4.0,0.9857134595513344,0.9987578392028809,0.0033664954906629644,oof,xanh
adfecgdb,r04,1,19,76.0,9,9,0,0,100.0,96.57915672235482,1.0306849473831965,2.90857486865242,0.7549547542144448,0.25564055967296384,0.007157234742005374,1.0,0.6666666666666666,9.0,0.07757589094685508,3.0,0.998342795504464,0.9989294409751892,0.0007501200739965826,oof,xanh
adfecgdb,r04,1,20,80.0,8,8,0,0,100.0,96.57915672235482,0.7261370052018012,34.92880526204375,0.6849248803964451,0.31405298321339364,0.0057031193079818175,1.0,0.2222222222222222,8.0,0.07692032270293012,4.0,0.9936232008039951,0.998818576335907,0.0006191353915942163,oof,xanh
adfecgdb,r04,1,21,84.0,8,7,1,1,87.5,96.57915672235482,0.6394976486258995,10.080918500982667,0.5637700703627774,0.7314362934815509,0.2533606761736116,0.7142857142857143,0.0,8.0,0.015595394706464469,2.0,0.9115079268813133,0.9982863664627075,0.599990414578433,oof,do
adfecgdb,r04,1,22,88.0,7,5,1,2,76.92307692307692,96.57915672235482,0.5155836462019437,9.795208938011182,0.6187083912471845,0.7339600140639916,0.41111969459592307,0.8,0.0,6.0,0.014440504535445325,2.0,0.8788761496543884,0.9960007071495056,0.5658406335917762,oof,do
adfecgdb,r04,1,23,92.0,7,6,1,1,85.71428571428571,96.57915672235482,0.7142889004938783,39.53792216470593,0.6381435622453219,0.23195031998736804,0.0554713478956874,1.0,0.25,7.0,0.04439716306685998,4.0,0.8943261674472264,0.9888365268707275,0.03884743942568575,oof,xanh
adfecgdb,r04,1,24,96.0,7,5,2,2,71.42857142857143,96.57915672235482,1.3133627034433577,1.3965863113351267,0.7801869129650777,0.2727484168058184,0.22025884084470504,0.8333333333333334,0.8571428571428571,7.0,0.053965323326662026,3.0,0.8533789409058434,0.9969253540039062,0.5503030332946701,oof,do
adfecgdb,r04,1,25,100.0,7,6,1,1,85.71428571428571,96.57915672235482,1.3064484070131472,2.426703183836235,0.7712354151954246,0.2981797261465343,0.12497960339153699,0.8333333333333334,0.8571428571428571,7.0,0.04508763601901249,3.0,0.902255939585822,0.9988508224487305,0.4572030743231796,oof,vang
adfecgdb,r04,1,26,104.0,8,8,0,0,100.0,96.57915672235482,1.2355337247496028,1.2561716988011895,0.7722129742845177,0.27576027710228207,0.023206285799190405,1.0,0.875,8.0,0.0677487148070738,3.0,0.9795752316713333,0.9964182376861572,0.020351917570018183,oof,xanh
adfecgdb,r04,1,27,108.0,8,8,0,0,100.0,96.57915672235482,1.1209887833584598,2.4183323581296836,0.7541870857757056,0.27015774961841993,0.014077527257346283,1.0,0.625,8.0,0.0975146194699347,3.0,0.9952101148664951,0.999030351638794,0.08097590852100532,oof,vang
adfecgdb,r04,1,28,112.0,8,8,0,0,100.0,96.57915672235482,0.7401210349413044,38.67346004487999,0.7470447929329694,0.025180034492387024,0.010220161649546857,1.0,0.2222222222222222,8.0,0.041429126031735944,4.0,0.9893020987510681,0.998695582151413,0.0033083389375425367,oof,xanh
adfecgdb,r04,1,29,116.0,9,9,0,0,100.0,96.57915672235482,1.2578204061644287,1.9703922152273003,0.75290442025597,0.2150390236994645,0.015397767023729407,1.0,0.6666666666666666,9.0,0.05916344286851001,3.0,0.9908431536621518,0.9987913966178894,0.05617093837255962,oof,vang
adfecgdb,r04,1,30,120.0,8,8,0,0,100.0,96.57915672235482,0.7032811066379839,37.49481961071901,0.6227063363494807,0.22882149411699648,0.023263600974769778,1.0,0.2222222222222222,8.0,0.06707701554310579,4.0,0.9899836331605911,0.9988118410110474,0.011432648280765274,oof,xanh
adfecgdb,r04,1,31,124.0,8,8,0,0,100.0,96.57915672235482,1.2227776689463672,2.1701898956498917,0.7357357754365998,0.08630049973707178,0.015873015872984394,1.0,1.0,8.0,0.18492364899702113,3.0,0.9981292374432087,0.9993346333503723,0.007935709783440548,oof,xanh
adfecgdb,r04,1,32,128.0,8,8,0,0,100.0,96.57915672235482,1.1347893659017714,5.596051034323004,0.7211858907616819,0.1590919211576457,0.01460761612074929,1.0,0.5714285714285714,8.0,0.07444559237005716,4.0,0.9951780624687672,0.9991162419319153,0.017583683223992893,oof,xanh
adfecgdb,r04,1,33,132.0,8,8,0,0,100.0,96.57915672235482,0.66322788446947,38.4733551152508,0.5959154787304551,0.22377347124605979,0.009005476995507062,1.0,0.2222222222222222,8.0,0.07533509560965601,5.0,0.9773651994764805,0.9989725351333618,0.0005355453431697632,oof,xanh
adfecgdb,r04,1,34,136.0,9,9,0,0,100.0,96.57915672235482,1.0799736650709515,2.430127453289254,0.7432202513172957,0.257558027216864,0.010494160882499408,1.0,0.5882352941176471,9.0,0.06772585221676551,3.0,0.99770896964603,0.998654842376709,0.005950695854950272,oof,xanh
adfecgdb,r04,1,35,140.0,9,9,0,0,100.0,96.57915672235482,0.7153113892467392,36.439390543349454,0.6423691618139392,0.010181034123287195,0.020018018872129555,1.0,0.0,9.0,0.061717143119508634,4.0,0.9944018887148963,0.9990041851997375,0.0009909218390507335,oof,xanh
adfecgdb,r04,1,36,144.0,8,8,0,0,100.0,96.57915672235482,1.157890496252293,3.167006995643642,0.734994839010883,0.10282935952248438,0.01294729498352511,1.0,0.8,8.0,0.14088852642323701,3.0,0.9959564618766308,0.9989465773105621,0.08014662139774431,oof,vang
adfecgdb,r04,1,37,148.0,9,9,0,0,100.0,96.57915672235482,1.302213967261687,1.7422481552858713,0.7614014304085479,0.10941663295217013,0.006095748113664002,1.0,0.9411764705882353,9.0,0.0790114734026987,3.0,0.9981495903597938,0.9991488456726074,0.00034049571414773364,oof,xanh
adfecgdb,r04,1,38,152.0,8,8,0,0,100.0,96.57915672235482,1.0606391860100963,3.58732436790857,0.7483475758071316,0.10889195427728748,0.00725242772989131,1.0,0.2857142857142857,8.0,0.04029593146776828,4.0,0.9915734454989433,0.9987927675247192,0.003334415901988084,oof,xanh
adfecgdb,r04,1,39,156.0,9,9,0,0,100.0,96.57915672235482,1.34201800808204,1.0411352930621547,0.7828587859399622,0.008961786286356197,0.021915325633524205,1.0,1.0,9.0,0.0388753068384333,3.0,0.9809281726678213,0.997654139995575,0.005079519405380506,oof,xanh
adfecgdb,r04,1,40,160.0,10,9,0,1,94.73684210526316,96.57915672235482,1.2514691182762638,1.2046996950238489,0.7650002793646464,0.18513459124561457,0.015214474534308103,1.0,0.8888888888888888,9.0,0.10038738799846127,3.0,0.9889814323849149,0.9958678185939789,0.051753497083904525,oof,xanh
adfecgdb,r04,1,41,164.0,9,8,0,1,94.11764705882354,96.57915672235482,0.7466766603037576,16.27566682388233,0.6268282327243269,0.11921903918043825,0.0952436841528489,1.0,0.2,8.0,0.08625273901430183,4.0,0.8774669393897057,0.9946257472038269,0.7010238591708667,oof,do
adfecgdb,r04,1,42,168.0,10,9,1,1,90.0,96.57915672235482,1.2383221407186338,1.5795809977808482,0.7820271434917857,0.21033384782595,0.134378920469905,0.875,0.7777777777777778,9.0,0.09959953460778107,3.0,0.8670034176773496,0.9956393241882324,0.9196590228674121,oof,do
adfecgdb,r04,1,43,172.0,9,9,0,0,100.0,96.57915672235482,0.8732251447464512,33.32089909940445,0.6483054304543066,0.2693758640384308,0.015707258574678768,1.0,0.0,10.0,0.06718245875710993,4.0,0.9541922569274902,0.99490886926651,0.0024228276962164593,oof,xanh
adfecgdb,r04,1,44,176.0,9,9,0,0,100.0,96.57915672235482,0.8662043460379244,45.628866880227505,0.781559601054425,0.2496028952804012,0.025958415047576684,1.0,0.0,9.0,0.06524175638119697,4.0,0.985345893436008,0.9965603947639465,0.002964652886567143,oof,xanh
adfecgdb,r04,1,45,180.0,9,9,0,0,100.0,96.57915672235482,1.0780904889139422,30.13870953839254,0.7586363069142511,0.1421503802659626,0.009555846057670962,1.0,0.18181818181818182,9.0,0.0373932557584732,4.0,0.9744949142138163,0.9988476037979126,0.01491489418493912,oof,xanh
adfecgdb,r04,1,46,184.0,9,9,0,0,100.0,96.57915672235482,1.269463771280117,2.549651088721747,0.7572416378136309,0.21050483461192462,0.032975093996292164,1.0,0.8235294117647058,9.0,0.07418655306198706,3.0,0.9861956238746643,0.9987092018127441,0.05530232218390163,oof,vang
adfecgdb,r04,1,47,188.0,9,9,0,0,100.0,96.57915672235482,1.2366280973974695,2.205741679881081,0.7525998664194185,0.2787297875428899,0.007981800956520221,1.0,0.7777777777777778,9.0,0.0570359807098209,3.0,0.9896796842416128,0.9968931972980499,0.008225584597068254,oof,xanh
adfecgdb,r04,1,48,192.0,10,10,0,0,100.0,96.57915672235482,0.8040603059016962,24.50645033623732,0.6265683661995374,0.21076340694156107,0.035590492323649955,1.0,0.18181818181818182,10.0,0.10391388336720121,4.0,0.9793409764766693,0.9980716109275818,0.002989714659060695,oof,xanh
adfecgdb,r04,1,49,196.0,9,9,0,0,100.0,96.57915672235482,1.31486166005582,1.9837030626995409,0.7778782495200176,0.09402204294558333,0.03608496482431963,1.0,0.9411764705882353,9.0,0.11630584799527706,3.0,0.9546030561129252,0.9942813217639923,0.12367383593910188,oof,vang
adfecgdb,r04,1,50,200.0,10,10,0,0,100.0,96.57915672235482,1.3088967920817487,1.7011551415028903,0.7778908623245889,0.267228332660481,0.014426245016092765,1.0,1.0,10.0,0.17689202288371425,3.0,0.9841194480657578,0.995253324508667,0.07964685995674368,oof,vang
adfecgdb,r04,1,51,204.0,9,9,0,0,100.0,96.57915672235482,1.273885706999825,2.4500541329086127,0.768000753353308,0.29432587085968426,0.01668042481845341,1.0,0.5882352941176471,9.0,0.1354164630393672,3.0,0.9726432098282708,0.9968909621238708,0.15039590751116283,oof,vang
adfecgdb,r04,1,52,208.0,9,9,0,0,100.0,96.57915672235482,1.349542132574529,1.7993484814191216,0.7800489598955703,0.19284235836878372,0.02664900803192026,1.0,0.9411764705882353,9.0,0.15685146834106922,3.0,0.9705488648679521,0.9963990449905396,0.005078551918379925,oof,xanh
adfecgdb,r04,1,53,212.0,9,3,4,6,37.5,96.57915672235482,0.6536531979721155,13.541508909386991,0.73915119315663,0.43345167967484266,0.4256606023435856,0.8333333333333334,0.0,7.0,0.01612895124166903,3.0,0.8151852658816746,0.9277068972587585,0.5381457654357071,oof,vang
adfecgdb,r04,1,54,216.0,8,8,0,0,100.0,96.57915672235482,0.6469512259062778,38.009008305174945,0.7316071368344891,0.2581398126534846,0.036205797388975024,1.0,0.0,8.0,0.055737553103254275,3.0,0.9013743288815022,0.9972234070301056,0.003314909197547434,oof,xanh
adfecgdb,r04,1,55,220.0,7,7,0,0,100.0,96.57915672235482,0.6883427439473423,40.14493748780304,0.6319706506773735,0.29665650401324595,0.03693631983156529,1.0,0.0,7.0,0.05075180021744469,4.0,0.9543062022754124,0.9977248907089233,0.04638809960289621,oof,xanh
adfecgdb,r04,1,56,224.0,9,9,0,0,100.0,96.57915672235482,1.207828659614853,2.3372141623481815,0.7598289307803109,0.24360335340943054,0.01573570550372664,1.0,0.6666666666666666,9.0,0.0594484582972139,3.0,0.9927935865190294,0.9990015029907227,0.04075081536047389,oof,xanh
adfecgdb,r04,1,57,228.0,8,8,0,0,100.0,96.57915672235482,1.1449604578120387,2.1401645167680448,0.7353356961878802,0.03092477384364976,0.019440281559273104,1.0,0.7058823529411765,8.0,0.12448821870984113,4.0,0.993932880461216,0.998988687992096,0.08318767606154051,oof,vang
adfecgdb,r04,1,58,232.0,8,8,0,0,100.0,96.57915672235482,1.3253592938116854,2.2801483727558596,0.7696017173039548,0.18300060558159098,0.02495191194087692,1.0,0.8,8.0,0.08714132215538464,3.0,0.9914119802415371,0.9987738728523254,0.018074963923162348,oof,xanh
adfecgdb,r04,1,59,236.0,8,8,0,0,100.0,96.57915672235482,1.1380207091971857,2.527386891480246,0.7218456030027665,0.23481764636364694,0.019120793578554614,1.0,0.6666666666666666,8.0,0.07761759600964495,3.0,0.993556909263134,0.9982521533966064,0.01958322110829211,oof,xanh
adfecgdb,r04,1,60,240.0,8,8,0,0,100.0,96.57915672235482,1.252435072763272,1.562764518986957,0.7442066571133034,0.06709045204655038,0.011002582700951303,1.0,1.0,8.0,0.033474310053867626,3.0,0.99833794683218,0.9993472695350647,0.00276319964208135,oof,xanh
adfecgdb,r04,1,61,244.0,9,9,0,0,100.0,96.57915672235482,1.1527366048358298,1.8508744174054819,0.7430300470498432,0.19215506414055356,0.019923549233918546,1.0,0.7058823529411765,9.0,0.07938140441814893,3.0,0.9978427059120603,0.9992243051528931,0.006956070910380898,oof,xanh
adfecgdb,r04,1,62,248.0,8,8,0,0,100.0,96.57915672235482,1.2781640054615506,2.504567107931053,0.7567304247544333,0.1263177304431936,0.014085904245445946,1.0,1.0,8.0,0.15513055667842027,3.0,0.9962923415005207,0.999139666557312,0.005182551189480476,oof,xanh
adfecgdb,r04,1,63,252.0,8,8,0,0,100.0,96.57915672235482,1.1746072030077486,2.5971431931987334,0.7347660726924604,0.26848860949114756,0.020297550377330838,1.0,0.75,8.0,0.07056009702887579,3.0,0.9920209534466267,0.9989913403987885,0.0725581059508485,oof,vang
adfecgdb,r04,1,64,256.0,9,9,0,0,100.0,96.57915672235482,1.2501077190810348,1.969490313221212,0.7493767123481841,0.06078495013247016,0.01715222279552845,1.0,0.8888888888888888,9.0,0.09894320356906901,3.0,0.9926328261693319,0.9987620115280151,0.1171685613288183,oof,vang
adfecgdb,r04,1,65,260.0,8,8,0,0,100.0,96.57915672235482,0.8635438575664252,14.716102925900827,0.6630368391145699,0.11656899728724845,0.010584937171574728,1.0,0.0,8.0,0.104849616342023,4.0,0.9832346104085445,0.9987587928771973,0.024419593063477078,oof,xanh
adfecgdb,r04,1,66,264.0,8,8,0,0,100.0,96.57915672235482,1.3111693200707988,0.9983702667550158,0.766617489667394,0.13471853800545386,0.013809044823379643,1.0,0.9411764705882353,8.0,0.09858856377299087,3.0,0.9952879473567009,0.9992552399635315,0.012763835983510611,oof,xanh
adfecgdb,r04,1,67,268.0,9,9,0,0,100.0,96.57915672235482,1.296013660242008,1.4294084159762468,0.7519440935246926,0.03343719457607019,0.016070470316180023,1.0,0.9411764705882353,9.0,0.11121876143588952,3.0,0.9971790677971311,0.9993785619735718,0.0029481203396901842,oof,xanh
adfecgdb,r04,1,68,272.0,8,8,0,0,100.0,96.57915672235482,1.312082899651348,1.8166002229428422,0.7543783995428238,0.2618415929132375,0.006150807615901085,1.0,0.875,8.0,0.10777855975190524,3.0,0.9987044110894203,0.9993504881858826,0.0006963871777439449,oof,xanh
adfecgdb,r04,1,69,276.0,9,9,0,0,100.0,96.57915672235482,0.6437494516174578,41.80563269056577,0.5986710614796391,0.3176373002442906,0.010269446516707567,1.0,0.2,9.0,0.06756152448284161,4.0,0.9965966476334466,0.9987976551055908,0.0001293623600133323,oof,xanh
adfecgdb,r04,1,70,280.0,8,8,1,0,94.11764705882354,96.57915672235482,0.7872954852254951,36.74618318902278,0.643573807501036,0.060402696735171776,0.08697949240327751,1.0,0.2,9.0,0.10527164990003855,4.0,0.957215901878145,0.999218761920929,0.010301784896503982,oof,xanh
adfecgdb,r04,1,71,284.0,9,8,0,1,94.11764705882354,96.57915672235482,1.2614838418251608,1.552562125788853,0.7598565785799846,0.22052544980711897,0.005500782232459972,1.0,0.8235294117647058,8.0,0.0879065190679045,3.0,0.9976346790790558,0.9989182949066162,0.0005797340752441275,oof,xanh
adfecgdb,r04,1,72,288.0,8,6,1,2,80.0,96.57915672235482,1.0016549732222924,3.287050350650544,0.6986295179199397,0.12731162723090786,0.07575398779367136,1.0,0.6153846153846154,7.0,0.1035517353508625,4.0,0.9580290062086922,0.9989226460456848,0.23381862977132675,oof,vang
adfecgdb,r04,1,73,292.0,8,5,3,3,62.5,96.57915672235482,1.002173633376369,1.9155946405520146,0.6929582487066819,0.14377154851686652,0.1171727390654192,1.0,0.25,9.0,0.017001588198293206,4.0,0.9017656544844309,0.9988682270050049,0.6036918868493478,oof,do
adfecgdb,r04,1,74,296.0,9,6,2,3,70.58823529411765,96.57915672235482,0.7771100293893436,30.241968746000865,0.7440833272164377,0.17173758124321792,0.29793699401464024,0.5,0.25,7.0,0.10092747027815296,4.0,0.9331693564142499,0.9985520243644714,0.6388500276578686,oof,do
adfecgdb,r04,2,0,0.0,9,9,0,0,100.0,99.7624703087886,0.6460290594814595,7.377134201596737,0.7149190808478342,0.37952760882477865,0.009307009861043962,1.0,1.0,9.0,0.17085625066848198,3.0,0.9984920720259348,0.9989983439445496,0.00017602189923858532,oof,xanh
adfecgdb,r04,2,1,4.0,8,8,0,0,100.0,99.7624703087886,0.6381420264533855,8.41292457741695,0.7256784601554043,0.25789134181014045,0.015030808069060335,1.0,1.0,8.0,0.16740734189369552,3.0,0.9982212074100971,0.9991316199302673,0.0008517515778167776,oof,xanh
adfecgdb,r04,2,2,8.0,8,8,0,0,100.0,99.7624703087886,0.6029857104137359,8.39708094653939,0.7187796951981554,0.3997834944581472,0.011735372873607645,1.0,1.0,8.0,0.13201264042709654,3.0,0.9937795586884022,0.9988927245140076,0.0010661851148783521,oof,xanh
adfecgdb,r04,2,3,12.0,8,8,0,0,100.0,99.7624703087886,0.595160516354436,7.849578142840464,0.7063418757989599,0.12869468836306344,0.012154992881006294,1.0,0.9411764705882353,8.0,0.1763131678528215,3.0,0.9979947544634342,0.9989705085754395,0.00030738790416467396,oof,xanh
adfecgdb,r04,2,4,16.0,9,9,0,0,100.0,99.7624703087886,0.6752995073919211,6.872440849427651,0.7205694379779353,0.021874434006177158,0.007132526430856496,1.0,1.0,9.0,0.231892921047674,3.0,0.9980054398377737,0.9988346695899963,8.851195268354104e-05,oof,xanh
adfecgdb,r04,2,5,20.0,8,8,0,0,100.0,99.7624703087886,0.5697564938507224,22.34576593895109,0.6723941691053688,0.03743372617912661,0.006302867136689444,1.0,0.2222222222222222,8.0,0.1574519998413267,4.0,0.9967915415763855,0.9990173876285553,0.0006647622800881184,oof,xanh
adfecgdb,r04,2,6,24.0,9,9,0,0,100.0,99.7624703087886,0.6781224533903567,6.093519102929017,0.7228800732749817,0.22662928144383568,0.00947486431141967,1.0,1.0,9.0,0.14550409004944628,3.0,0.998130116197798,0.9991102516651154,0.0004443035730138269,oof,xanh
adfecgdb,r04,2,7,28.0,8,8,0,0,100.0,99.7624703087886,0.7669245965283225,5.936340584624352,0.7126638748479558,0.05196223967460416,0.007715167498088531,1.0,1.0,8.0,0.18805209649039903,3.0,0.9988126158714294,0.999091386795044,0.0008286471996207503,oof,xanh
adfecgdb,r04,2,8,32.0,8,8,0,0,100.0,99.7624703087886,0.7374037320000262,5.291947121828898,0.7204305388462064,0.03558694217941199,0.010535067031779425,1.0,1.0,8.0,0.17606489127196012,3.0,0.9982179887592793,0.9986719191074371,0.00026649867220086127,oof,xanh
adfecgdb,r04,2,9,36.0,9,9,0,0,100.0,99.7624703087886,0.558367643123541,21.5150758648824,0.6512203282551072,0.04029249375899306,0.011188422681654715,1.0,0.2,9.0,0.13557256146672203,4.0,0.9967205888695188,0.9989948868751526,0.0001702085264653814,oof,xanh
adfecgdb,r04,2,10,40.0,8,8,0,0,100.0,99.7624703087886,0.6745754205888067,7.444737754940167,0.7024395624211678,0.3537234715662221,0.008983571156701283,1.0,1.0,8.0,0.1501022331002607,3.0,0.9982608072459698,0.9989873170852661,0.0001873138456628048,oof,xanh
adfecgdb,r04,2,11,44.0,8,8,0,0,100.0,99.7624703087886,0.6471566156323243,8.342708389244919,0.7089587286197387,0.2533899119294758,0.0043813318346209345,1.0,1.0,8.0,0.2386116362754021,3.0,0.9982842467725277,0.9989031553268433,0.00010888766412936198,oof,xanh
adfecgdb,r04,2,12,48.0,9,9,0,0,100.0,99.7624703087886,0.6038769142137284,9.88120810951801,0.7006860672897901,0.32785959313678886,0.005455157342389975,1.0,0.9411764705882353,9.0,0.20521905928942863,3.0,0.997793714205424,0.9987548589706421,0.0002557347983480821,oof,xanh
adfecgdb,r04,2,13,52.0,8,8,0,0,100.0,99.7624703087886,0.6416224726799554,6.929295065279845,0.7197789673258529,0.4182905693448672,0.004454354031864465,1.0,1.0,8.0,0.2361485129238638,3.0,0.9985830374062061,0.9989380240440369,0.00015785874394371878,oof,xanh
adfecgdb,r04,2,14,56.0,8,8,0,0,100.0,99.7624703087886,0.5092767529283168,27.129093309128024,0.6472777978826464,0.005092421571079409,0.00689237812628043,1.0,0.2222222222222222,8.0,0.10925437581960003,4.0,0.9975680075585842,0.9990949630737305,0.00013301965724263988,oof,xanh
adfecgdb,r04,2,15,60.0,8,8,0,0,100.0,99.7624703087886,0.7131079231224834,6.68434464439782,0.7160983835792243,0.20070523149024316,0.008706717095182826,1.0,0.9333333333333333,8.0,0.2087151326516972,3.0,0.9969502501189709,0.99887415766716,0.0026807033509693196,oof,xanh
adfecgdb,r04,2,16,64.0,9,9,0,0,100.0,99.7624703087886,0.6257899714776335,6.587276815152613,0.71582600731002,0.474003114636309,0.003988654321523628,1.0,1.0,9.0,0.1430932826829643,3.0,0.9979352355003357,0.9986022114753723,0.000235927164909871,oof,xanh
adfecgdb,r04,2,17,68.0,8,8,0,0,100.0,99.7624703087886,0.3069436378069794,28.210004010497833,0.6085853809413113,0.329642054643265,0.008983571156701285,1.0,0.4,8.0,0.10460854088311158,4.0,0.9978480897843838,0.9989449381828308,0.00047161780613599945,oof,xanh
adfecgdb,r04,2,18,72.0,8,8,0,0,100.0,99.7624703087886,0.4561917423628768,12.451489428646312,0.6423872341686349,0.18160600163291632,0.006099305638256119,1.0,0.3333333333333333,8.0,0.06431297679600743,4.0,0.9932421073317528,0.9987602233886719,0.00012353925700034764,oof,xanh
adfecgdb,r04,2,19,76.0,9,9,0,0,100.0,99.7624703087886,0.41715704607592646,12.214387591710137,0.6097816068735882,0.3629294571147268,0.007157234742005374,1.0,0.15384615384615385,9.0,0.07787551260866636,4.0,0.9941516154342227,0.9990288019180298,7.468227706581381e-05,oof,xanh
adfecgdb,r04,2,20,80.0,8,8,0,0,100.0,99.7624703087886,0.5678634430747551,18.399069487397167,0.6072058404954604,0.30232291013043594,0.009457553439603514,1.0,0.0,8.0,0.04455542975230343,4.0,0.9971535615622997,0.9984709620475769,0.002662654851755748,oof,xanh
adfecgdb,r04,2,21,84.0,8,8,0,0,100.0,99.7624703087886,0.49622192751999566,11.198161628219143,0.6028689243685309,0.23841654268353127,0.039957617942760065,1.0,0.0,8.0,0.05346484321084801,4.0,0.990103043615818,0.9988846182823181,0.0031846888361431653,oof,xanh
adfecgdb,r04,2,22,88.0,7,6,0,1,92.3076923076923,99.7624703087886,1.1069030285597532,2.80339976238667,0.7585218023280081,0.26807866015356746,0.3546606937334067,0.8,0.75,6.0,0.024495433101657568,3.0,0.89018681148688,0.9846014976501465,0.9728854912410085,oof,do
adfecgdb,r04,2,23,92.0,7,7,0,0,100.0,99.7624703087886,0.6683991119267918,29.71563076217796,0.7629577926173924,0.3753366094254231,0.025772828681582937,1.0,0.25,7.0,0.07335220116294616,4.0,0.9305199384689331,0.9861801266670227,0.0009086127819537016,oof,xanh
adfecgdb,r04,2,24,96.0,7,7,0,0,100.0,99.7624703087886,0.5124587916307363,28.305722643803644,0.6149501544286146,0.36303390846797884,0.01279136533758878,1.0,0.4444444444444444,7.0,0.06870645663010067,4.0,0.9152397641113826,0.9950307607650757,0.007065719728793123,oof,xanh
adfecgdb,r04,2,25,100.0,7,7,0,0,100.0,99.7624703087886,0.9745283839748321,5.1557229879364925,0.7465877860731988,0.3593049209496627,0.03647287792652765,1.0,1.0,7.0,0.107194553028706,3.0,0.9844434048448291,0.9981927275657654,0.048659737160296465,oof,xanh
adfecgdb,r04,2,26,104.0,8,8,0,0,100.0,99.7624703087886,0.9396450240183132,3.554165740030384,0.7503995772494562,0.3611325864452882,0.0232062857991904,1.0,1.0,8.0,0.11558459183717296,3.0,0.9955472759902477,0.9978846907615662,0.03712504841858969,oof,xanh
adfecgdb,r04,2,27,108.0,8,8,0,0,100.0,99.7624703087886,0.7953354435091213,5.969941632387723,0.7401946130808944,0.40825300426615363,0.011945177983209621,1.0,1.0,8.0,0.1650867081205996,3.0,0.9968653544783592,0.9985156953334808,0.00612369254734677,oof,xanh
adfecgdb,r04,2,28,112.0,8,8,0,0,100.0,99.7624703087886,0.43498844151998545,17.978159934317993,0.6146155189325335,0.04120951599777286,0.012392277803555838,1.0,0.36363636363636365,8.0,0.1096419943660213,4.0,0.9959740526974201,0.9984539151191711,0.004848590048402442,oof,xanh
adfecgdb,r04,2,29,116.0,9,9,0,0,100.0,99.7624703087886,0.4656904523295708,22.11911810213551,0.6110566490128166,0.3094843382129425,0.010887865477609667,1.0,0.18181818181818182,9.0,0.05980318467614871,4.0,0.9967760211891599,0.9988422989845276,0.00018752878759838295,oof,xanh
adfecgdb,r04,2,30,120.0,8,8,0,0,100.0,99.7624703087886,0.8732783908477829,6.976927690858581,0.7392482305807534,0.39744426842700153,0.016102182979371046,1.0,1.0,8.0,0.20249993698671595,3.0,0.9965906217694283,0.9986234903335571,0.12626054471790077,oof,vang
adfecgdb,r04,2,31,124.0,8,8,0,0,100.0,99.7624703087886,0.8693814241647418,6.559944392262503,0.7553270727546707,0.16032220695798635,0.015873015872984394,1.0,1.0,8.0,0.20344831101899533,3.0,0.9980226531624794,0.99883633852005,0.006650050870594916,oof,xanh
adfecgdb,r04,2,32,128.0,8,8,0,0,100.0,99.7624703087886,0.7843853967546044,7.284545970430184,0.7123958342231355,0.26313802985844476,0.00977039247774672,1.0,1.0,8.0,0.14971799095731914,3.0,0.9986951015889645,0.9989796280860901,0.0005550613895810359,oof,xanh
adfecgdb,r04,2,33,132.0,8,8,0,0,100.0,99.7624703087886,0.5284145800796332,26.548449699130277,0.7147483558834807,0.3833554621094046,0.007750680539611739,1.0,0.0,8.0,0.11912952590326371,4.0,0.9986565634608269,0.9990294277667999,9.990764970840103e-05,oof,xanh
adfecgdb,r04,2,34,136.0,9,9,0,0,100.0,99.7624703087886,0.6961616631139897,5.5407536888828695,0.7249611003307496,0.505141403416535,0.005789390177371561,1.0,0.9411764705882353,9.0,0.18652334676663163,3.0,0.9977320167753432,0.9989898800849915,0.006475615496608606,oof,xanh
adfecgdb,r04,2,35,140.0,9,9,0,0,100.0,99.7624703087886,0.4815031679129905,26.959773766188427,0.7308731248926921,0.020638113367319015,0.01708841914792349,1.0,0.0,9.0,0.10861329768620685,4.0,0.9951842559708489,0.9991029500961304,0.002002430677273556,oof,xanh
adfecgdb,r04,2,36,144.0,8,8,0,0,100.0,99.7624703087886,0.3968427137467939,24.831375068908248,0.6049063012506011,0.21722725215575628,0.011569641664453963,1.0,0.2,8.0,0.12403590193578949,4.0,0.9978588595986366,0.9990010857582092,0.0009731156734011589,oof,xanh
adfecgdb,r04,2,37,148.0,9,9,0,0,100.0,99.7624703087886,0.7046305045555964,5.752478436716636,0.7384001852912261,0.22823762145300433,0.009070128926973306,1.0,0.8888888888888888,9.0,0.19155823235260327,3.0,0.9985882507430183,0.9990081191062927,0.0016543039029936403,oof,xanh
adfecgdb,r04,2,38,152.0,8,8,0,0,100.0,99.7624703087886,0.5753199512315121,31.29538406136627,0.6279391293101169,0.14701537416634927,0.012941849122528796,1.0,0.0,8.0,0.1404340395976158,4.0,0.9966820813715458,0.9986935257911682,0.005597042126327612,oof,xanh
adfecgdb,r04,2,39,156.0,9,9,0,0,100.0,99.7624703087886,0.9591077215066279,3.784798610525149,0.7453580920826058,0.016956580377107944,0.008908253572588062,1.0,0.8888888888888888,9.0,0.08014109594900701,3.0,0.9866121411323547,0.9980695247650146,0.006665015608831403,oof,xanh
adfecgdb,r04,2,40,160.0,10,10,0,0,100.0,99.7624703087886,1.0668723082401044,3.5639951586056116,0.7558671152000832,0.30128165548092367,0.016481258997385895,1.0,1.0,10.0,0.17972591498234472,3.0,0.9740915417671203,0.997143566608429,0.056768472923518186,oof,vang
adfecgdb,r04,2,41,164.0,9,9,0,0,100.0,99.7624703087886,0.6689827472934118,28.162407195284466,0.7395781573898902,0.23909734722571171,0.02176069954269745,1.0,0.0,9.0,0.11954203082671642,4.0,0.9636451601982117,0.9972182810306549,0.001398549754740362,oof,xanh
adfecgdb,r04,2,42,168.0,10,10,0,0,100.0,99.7624703087886,0.568468419433554,17.767940177194436,0.657537780870018,0.39580097386651447,0.021753496350692222,1.0,0.0,9.0,0.041413839253500555,4.0,0.9750365383095212,0.9978432655334473,0.0004849506997152643,oof,xanh
adfecgdb,r04,2,43,172.0,9,9,0,0,100.0,99.7624703087886,0.967237557690072,4.378256149204564,0.7402323780377003,0.4519737161246447,0.013811869502515079,1.0,0.7777777777777778,10.0,0.14087145780857416,3.0,0.9742514669895173,0.9930242300033569,0.565065185739467,oof,do
adfecgdb,r04,2,44,176.0,9,9,0,0,100.0,99.7624703087886,0.6481383835715258,23.839866419141053,0.6792961844833745,0.48703624692352426,0.024165538300610974,1.0,0.2,9.0,0.08768719764014357,4.0,0.9870891405476464,0.9977904558181763,0.00044443605807438697,oof,xanh
adfecgdb,r04,2,45,180.0,9,9,0,0,100.0,99.7624703087886,0.856124093849051,4.262966623326484,0.7423467880163266,0.2317558837924712,0.011667071780334059,1.0,0.8235294117647058,9.0,0.14895377873604213,3.0,0.9981025457382202,0.9992941915988922,0.0024749328077817846,oof,xanh
adfecgdb,r04,2,46,184.0,9,9,0,0,100.0,99.7624703087886,0.6098471045961746,30.993997323571968,0.7558501573561223,0.41183475482793996,0.022169793957151896,1.0,0.2,9.0,0.10980498945205922,4.0,0.991938677099016,0.998725950717926,0.0006072167468491291,oof,xanh
adfecgdb,r04,2,47,188.0,9,9,0,0,100.0,99.7624703087886,0.8596127977333105,5.477013233043147,0.736844457080338,0.4400097671988847,0.007981800956520221,1.0,1.0,9.0,0.1770649330823702,3.0,0.9935672879219055,0.998051643371582,0.0401056607846892,oof,xanh
adfecgdb,r04,2,48,192.0,10,10,0,0,100.0,99.7624703087886,0.811221549066168,5.8398725213150815,0.7510492315443913,0.4158604038676328,0.011803335604937201,1.0,1.0,10.0,0.17279074231432667,3.0,0.9848914861679077,0.9958406090736389,0.006720368952539248,oof,xanh
adfecgdb,r04,2,49,196.0,9,9,0,0,100.0,99.7624703087886,0.579796541115135,38.58654643411224,0.6620614038933231,0.13926502773929775,0.0078038230361119985,1.0,0.2,9.0,0.11239154543299668,4.0,0.978859027226766,0.9956467747688293,0.0001372012332166194,oof,xanh
adfecgdb,r04,2,50,200.0,10,10,0,0,100.0,99.7624703087886,0.8464728503659031,4.956535440853561,0.7478126525537655,0.29746058341856474,0.010200895677937845,1.0,1.0,10.0,0.20227765890868232,3.0,0.9843944042921067,0.9946170449256897,0.28026756068327463,oof,vang
adfecgdb,r04,2,51,204.0,9,9,0,0,100.0,99.7624703087886,0.653020718050018,30.021784974465355,0.6717962974273839,0.32711697679980767,0.009011176776522016,1.0,0.0,9.0,0.06824450835566903,4.0,0.9879498018158807,0.9925304055213928,9.131236715921309e-05,oof,xanh
adfecgdb,r04,2,52,208.0,9,9,0,0,100.0,99.7624703087886,0.6805482024301924,32.34339047728001,0.6906101170765513,0.33618736207113387,0.021361099573228536,1.0,0.0,9.0,0.09810443147425431,4.0,0.9934807419776917,0.9979292154312134,0.00922972963372186,oof,xanh
adfecgdb,r04,2,53,212.0,9,8,1,1,88.88888888888889,99.7624703087886,0.6621786438898394,8.220469030258084,0.7421818421993072,0.35445541951595727,0.2351966507243563,0.875,0.3076923076923077,9.0,0.01887928750406219,3.0,0.93367028898663,0.9956610798835754,0.3050709525422038,oof,vang
adfecgdb,r04,2,54,216.0,8,8,0,0,100.0,99.7624703087886,0.5173375997056325,22.579895619723928,0.6540350601110962,0.1611443133288289,0.011811389781515292,1.0,0.0,8.0,0.058793120168507074,4.0,0.9936429746448994,0.9984303116798401,0.001758010413009176,oof,xanh
adfecgdb,r04,2,55,220.0,7,7,0,0,100.0,99.7624703087886,0.46328032366826516,19.95011024972183,0.6970331630815442,0.35060230719149654,0.034220532319326605,1.0,0.2222222222222222,7.0,0.11681859946201867,4.0,0.9935588240623474,0.9986163377761841,0.0004935623498926759,oof,xanh
adfecgdb,r04,2,56,224.0,9,9,0,0,100.0,99.7624703087886,0.7797095661690808,4.622502169312228,0.7374012976951617,0.24719051898052977,0.01265822784807452,1.0,1.0,9.0,0.1357739466700828,3.0,0.995638006263309,0.998816728591919,0.011011353442966254,oof,xanh
adfecgdb,r04,2,57,228.0,8,8,0,0,100.0,99.7624703087886,0.7499111790754497,6.123367424831224,0.7235945597621006,0.059163566665485154,0.021222705467736636,1.0,1.0,8.0,0.18769375440960898,4.0,0.9970938116312027,0.9988496601581573,0.010425982202060887,oof,xanh
adfecgdb,r04,2,58,232.0,8,8,0,0,100.0,99.7624703087886,0.8582991283368346,5.763556994860732,0.7265070889944322,0.3166983093868295,0.030271453251874407,1.0,1.0,8.0,0.19006525547808042,3.0,0.9968063347041607,0.9986068606376648,0.020704186341072888,oof,xanh
adfecgdb,r04,2,59,236.0,8,8,0,0,100.0,99.7624703087886,0.7763893848832105,4.076561683974273,0.7229606393688405,0.2816621934608856,0.012041433388840932,1.0,1.0,8.0,0.09656427065084332,3.0,0.9960739612579346,0.9990923404693604,0.0019462093369431222,oof,xanh
adfecgdb,r04,2,60,240.0,8,8,0,0,100.0,99.7624703087886,0.7410971279534562,4.5332476915386595,0.7254091635642149,0.14915234446827577,0.011002582700951303,1.0,1.0,8.0,0.1425789271396659,3.0,0.9981292225420475,0.9991735816001892,0.0011845784461997477,oof,xanh
adfecgdb,r04,2,61,244.0,9,9,0,0,100.0,99.7624703087886,0.7100619351902198,3.8227106437461433,0.7199796962171832,0.27071862887615294,0.020362688465821586,1.0,0.8888888888888888,9.0,0.14438430069638358,3.0,0.9982912970913781,0.9988642036914825,0.0010229652100380044,oof,xanh
adfecgdb,r04,2,62,248.0,8,8,0,0,100.0,99.7624703087886,0.752751733544165,6.034369010404037,0.7273774470169697,0.23665014004375778,0.01178511301975125,1.0,1.0,8.0,0.08192507890213407,3.0,0.9977873712778091,0.9990872144699097,0.0006773289867749361,oof,xanh
adfecgdb,r04,2,63,252.0,8,8,0,0,100.0,99.7624703087886,0.44648415548387804,45.80689314975218,0.6328099925323005,0.4064770119784205,0.01490832185662354,1.0,0.2222222222222222,8.0,0.10528700931897055,4.0,0.997433889657259,0.9989966750144958,0.0023930100044771466,oof,xanh
adfecgdb,r04,2,64,256.0,9,9,0,0,100.0,99.7624703087886,0.751179952289405,5.519234392292521,0.7454284703367402,0.1375848653410959,0.00852551442876123,1.0,1.0,9.0,0.19053268832013148,3.0,0.9979106121593051,0.9989363551139832,0.002792405977042301,oof,xanh
adfecgdb,r04,2,65,260.0,8,8,0,0,100.0,99.7624703087886,0.3332000060078966,27.11257047876223,0.6317963371378674,0.21407694924381335,0.014282560252446322,1.0,0.2,8.0,0.10375447248395285,4.0,0.9975297302007675,0.9991987347602844,0.0024372255932211123,oof,xanh
adfecgdb,r04,2,66,264.0,8,8,0,0,100.0,99.7624703087886,0.7939351248569398,4.998977453286039,0.7308813281832613,0.22074103055733274,0.009935194278575813,1.0,0.9411764705882353,8.0,0.14368240815764527,3.0,0.9984299428761005,0.9992103576660156,0.001062656532097963,oof,xanh
adfecgdb,r04,2,67,268.0,9,9,0,0,100.0,99.7624703087886,0.7597962873093267,4.497284099720009,0.7358048446542448,0.07943995299235208,0.017604318203777957,1.0,1.0,9.0,0.13115987719933656,3.0,0.9984605742825402,0.9991503953933716,0.0013043220206618072,oof,xanh
adfecgdb,r04,2,68,272.0,8,8,0,0,100.0,99.7624703087886,0.7074856460912146,6.196313168225219,0.7124256011891787,0.4705458317904485,0.005916641890768093,1.0,0.9411764705882353,8.0,0.14898771361203533,3.0,0.9982882589101791,0.9991698265075684,0.0004705731212549935,oof,xanh
adfecgdb,r04,2,69,276.0,9,9,0,0,100.0,99.7624703087886,0.7085672308935108,5.903929549218123,0.7416707599810715,0.5251135017093851,0.014041624249010582,1.0,0.8888888888888888,9.0,0.1562993564847759,3.0,0.9987133244673411,0.999219536781311,0.014723151378476568,oof,xanh
adfecgdb,r04,2,70,280.0,8,8,0,0,100.0,99.7624703087886,0.7446005133570557,6.362172856099235,0.7284574740178479,0.10441833433257351,0.01644167630511021,1.0,1.0,8.0,0.13879378777762985,3.0,0.9978673197329044,0.9989506006240845,0.0018495755460647828,oof,xanh
adfecgdb,r04,2,71,284.0,9,9,0,0,100.0,99.7624703087886,0.4982226448427405,32.925599686572006,0.734856513814072,0.4787595821728537,0.0060695861045925075,1.0,0.5,9.0,0.17183580213274546,4.0,0.9975343147913615,0.9990779161453247,0.0011265789435401764,oof,xanh
adfecgdb,r04,2,72,288.0,8,8,0,0,100.0,99.7624703087886,0.39842404305957396,44.16225823112769,0.6255280841636299,0.3204424296977349,0.011622727130619669,1.0,0.2222222222222222,8.0,0.17073399021322494,4.0,0.9977700039744377,0.9992353916168213,0.0010311038206783285,oof,xanh
adfecgdb,r04,2,73,292.0,8,8,0,0,100.0,99.7624703087886,0.6952569127965371,6.419347033227792,0.718633398073664,0.5199723667483713,0.009307337912524269,1.0,0.9411764705882353,8.0,0.1917138011981233,3.0,0.9980467073619366,0.9989676475524902,0.006747924430456406,oof,xanh
adfecgdb,r04,2,74,296.0,9,9,0,0,100.0,99.7624703087886,0.6883155825677539,7.474537045248667,0.7185725560138978,0.26648561467391874,0.020013951426671374,1.0,0.8235294117647058,9.0,0.09111154233315741,3.0,0.9980960653887855,0.9988656044006348,0.0006603243201136873,oof,xanh
adfecgdb,r04,3,0,0.0,9,9,0,0,100.0,99.44576405384005,0.42171059595178817,12.427766187568368,0.6462472397375959,0.3066789344257154,0.010893401305441773,1.0,0.15384615384615385,9.0,0.1305580722606703,4.0,0.9966886970731947,0.9989644289016724,3.591273195013262e-05,oof,xanh
adfecgdb,r04,3,1,4.0,8,8,0,0,100.0,99.44576405384005,0.6042458523206307,23.208065802094833,0.6969414935737961,0.1683783183093003,0.015030808069060335,1.0,0.0,8.0,0.06522523656335165,4.0,0.9966583922505379,0.9992732405662537,0.0005664228775747143,oof,xanh
adfecgdb,r04,3,2,8.0,8,8,0,0,100.0,99.44576405384005,0.5080983977556324,15.22895628349206,0.6415990465455634,0.24900331372294288,0.017773327903813852,1.0,0.36363636363636365,8.0,0.08628280611821473,4.0,0.992820218205452,0.9989292025566101,0.0008023048645875288,oof,xanh
adfecgdb,r04,3,3,12.0,8,8,0,0,100.0,99.44576405384005,0.5150507881123342,14.402435516665086,0.6416311207399817,0.06173347020927301,0.039339789623390194,1.0,0.36363636363636365,8.0,0.08995832387357056,4.0,0.9892823733389378,0.9987761378288269,0.0007926388525732459,oof,xanh
adfecgdb,r04,3,4,16.0,9,9,0,0,100.0,99.44576405384005,0.8456118036734979,4.574004583452648,0.782598448269281,0.012324351930465528,0.00832899644343888,1.0,1.0,9.0,0.13327214925607597,3.0,0.99810481733746,0.9990208148956299,0.00014983768427852167,oof,xanh
adfecgdb,r04,3,5,20.0,8,8,0,0,100.0,99.44576405384005,0.9343659626280941,4.069077013254987,0.764442192457049,0.0175351210725444,0.009094640134076269,1.0,1.0,8.0,0.12204072232256241,3.0,0.9945140890777111,0.9987930059432983,0.0024062055693190735,oof,xanh
adfecgdb,r04,3,6,24.0,9,9,0,0,100.0,99.44576405384005,0.7194013808272242,17.68479812462491,0.7070878602820414,0.18174999506084538,0.008935471657644165,1.0,0.0,9.0,0.05018414052828613,4.0,0.9980153010951148,0.9989607632160187,0.00014417898995896876,oof,xanh
adfecgdb,r04,3,7,28.0,8,8,0,0,100.0,99.44576405384005,0.9890036573986023,3.5046834608517328,0.76498245308201,0.030907612883458422,0.007715167498088531,1.0,1.0,8.0,0.17311682826596642,4.0,0.998189140111208,0.9987385272979736,0.00036108549532788177,oof,xanh
adfecgdb,r04,3,8,32.0,8,8,0,0,100.0,99.44576405384005,0.978219786288898,3.2725326857640518,0.7514472966321741,0.020108870233024535,0.012338927625505803,1.0,0.8,8.0,0.1775576297410513,4.0,0.9978908114135265,0.9987150430679321,0.004934427945263212,oof,xanh
adfecgdb,r04,3,9,36.0,9,9,0,0,100.0,99.44576405384005,0.9795956450889199,4.10891912686165,0.7663799936726385,0.026316391269910318,0.01446844715860201,1.0,0.875,9.0,0.06131733462585919,3.0,0.9974514212873247,0.9987031519412994,0.022709805895088944,oof,xanh
adfecgdb,r04,3,10,40.0,8,8,0,0,100.0,99.44576405384005,0.9722799218314003,5.28680390731987,0.797317010669111,0.2568126849337974,0.010043937893545216,1.0,1.0,8.0,0.24153320211925924,3.0,0.9984120205044746,0.9991794228553772,0.0010047613408206276,oof,xanh
adfecgdb,r04,3,11,44.0,8,8,0,0,100.0,99.44576405384005,0.9351167021843417,4.753817806666593,0.7795619063706695,0.17468229222536974,0.009796955814196276,1.0,0.9411764705882353,8.0,0.2507600071462131,3.0,0.9954680167138577,0.9982526898384094,0.020413099130169705,oof,xanh
adfecgdb,r04,3,12,48.0,9,9,0,0,100.0,99.44576405384005,0.7330770058333019,21.476680980696994,0.7202871848147665,0.19146400376337097,0.009625778176542386,1.0,0.0,9.0,0.05624735468073683,4.0,0.9955774048964182,0.9988530874252319,0.0021992591404797605,oof,xanh
adfecgdb,r04,3,13,52.0,8,8,0,0,100.0,99.44576405384005,0.6899941037002604,20.48514297785999,0.6938680997550164,0.2918728633286238,0.006299407883474002,1.0,0.2222222222222222,8.0,0.09827788781764275,4.0,0.9963785409927368,0.9992347955703735,0.00030114720393804926,oof,xanh
adfecgdb,r04,3,14,56.0,8,8,0,0,100.0,99.44576405384005,0.9075878070091025,3.443796270893543,0.7663505850400995,0.0026225399763303656,0.00818936552040329,1.0,0.9411764705882353,8.0,0.11383944406138566,3.0,0.9977139532566071,0.9993736147880554,0.00023924056658010745,oof,xanh
adfecgdb,r04,3,15,60.0,8,8,0,0,100.0,99.44576405384005,0.7887077128355026,15.014638251281589,0.7615724742262074,0.1104647968501451,0.02007991479506456,1.0,0.2222222222222222,8.0,0.19234606636388404,4.0,0.9958468154072762,0.9986316859722137,0.02857609716906042,oof,xanh
adfecgdb,r04,3,16,64.0,9,9,0,0,100.0,99.44576405384005,0.7150719157309585,23.46823344625398,0.6905695013939723,0.3506443992857445,0.008174308891016922,1.0,0.2,9.0,0.10570643579057501,4.0,0.9939625594351027,0.9988007545471191,0.0010803192409152857,oof,xanh
adfecgdb,r04,3,17,68.0,8,8,0,0,100.0,99.44576405384005,0.4878668417079505,10.81452124044891,0.6439032771974421,0.24722355805811594,0.007619946169064345,1.0,0.15384615384615385,8.0,0.07866247676246316,4.0,0.9954465627670288,0.9989657402038574,6.704815366021986e-05,oof,xanh
adfecgdb,r04,3,18,72.0,8,8,0,0,100.0,99.44576405384005,0.630359183700385,10.676475529785918,0.6868774171334091,0.27843065876015993,0.026392738392268023,1.0,0.3333333333333333,8.0,0.03351511148436515,4.0,0.9819212816655636,0.998829185962677,0.0010823450954558311,oof,xanh
adfecgdb,r04,3,19,76.0,9,9,0,0,100.0,99.44576405384005,0.5722723043690008,8.159213184738675,0.6673289303254492,0.42824545650780677,0.02979794442526066,1.0,0.14285714285714285,9.0,0.10177601684049463,4.0,0.9974622461530898,0.9989486336708069,0.000366229650490848,oof,xanh
adfecgdb,r04,3,20,80.0,8,8,0,0,100.0,99.44576405384005,0.7210930049916263,13.635686912615721,0.6748089709855647,0.3847179780935411,0.016767173007450925,1.0,0.0,8.0,0.06441026302434597,4.0,0.9944286085665226,0.9985973238945007,0.01578208025876271,oof,xanh
adfecgdb,r04,3,21,84.0,8,8,0,0,100.0,99.44576405384005,0.6622246187065383,7.549213164619799,0.6756072014282389,0.48862509162760337,0.039035901410694525,1.0,0.14285714285714285,8.0,0.06283639486289867,4.0,0.950601376593113,0.9989604651927948,0.0009750949331741462,oof,xanh
adfecgdb,r04,3,22,88.0,7,6,1,1,85.71428571428571,99.44576405384005,0.7799048470319133,14.43760605199055,0.7261876040755814,0.5042166446093178,0.11255825894829008,1.0,0.0,7.0,0.0856325920233155,4.0,0.9575819756303515,0.9923001527786255,0.772733224072124,oof,do
adfecgdb,r04,3,23,92.0,7,6,0,1,92.3076923076923,99.44576405384005,0.4885847146624564,13.098470169445037,0.6509340406875215,0.2746766261923078,0.028894128510351634,1.0,0.2,6.0,0.0718663487629372,4.0,0.9598243286212286,0.9955294728279114,0.00047266555101792556,oof,xanh
adfecgdb,r04,3,24,96.0,7,7,0,0,100.0,99.44576405384005,0.6442006259833359,18.378074403316838,0.6932118624420814,0.38768565475681116,0.028337110765592706,1.0,0.2222222222222222,7.0,0.032802114595168484,4.0,0.9764827489852905,0.9972278475761414,0.0015947924911765563,oof,xanh
adfecgdb,r04,3,25,100.0,7,7,0,0,100.0,99.44576405384005,0.5229082007148091,14.610580899182654,0.6713254835627136,0.4559027119499958,0.06164414002957416,1.0,0.36363636363636365,7.0,0.06530430663050808,4.0,0.988203878913607,0.9988995790481567,0.0021606467605818787,oof,xanh
adfecgdb,r04,3,26,104.0,8,8,0,0,100.0,99.44576405384005,0.6702587606676147,19.051631947537146,0.68683046774541,0.4342919942893076,0.026812007936040685,1.0,0.2,8.0,0.05002387479205588,4.0,0.9961815476417542,0.9982213973999023,0.0007761065762542569,oof,xanh
adfecgdb,r04,3,27,108.0,8,8,0,0,100.0,99.44576405384005,0.6619898434156976,22.7587464735978,0.6927030080377518,0.38166904647493094,0.015335246050689092,1.0,0.0,8.0,0.12218792309600854,4.0,0.9941912740468979,0.9987369477748871,0.0009287911703879783,oof,xanh
adfecgdb,r04,3,28,112.0,8,8,0,0,100.0,99.44576405384005,0.47140158502649027,12.49688220521266,0.6314508796274353,0.024902862585615193,0.009209365934497898,1.0,0.16666666666666666,8.0,0.03592766964943768,4.0,0.9959685914218426,0.9978481531143188,0.0003390764100949123,oof,xanh
adfecgdb,r04,3,29,116.0,9,9,0,0,100.0,99.44576405384005,0.47289557890363604,9.590884765424375,0.6526117407895516,0.27397806371341005,0.011639617797285486,1.0,0.26666666666666666,9.0,0.044486296135519666,4.0,0.9959247277842628,0.9989228844642639,3.736882047457403e-05,oof,xanh
adfecgdb,r04,3,30,120.0,8,8,0,0,100.0,99.44576405384005,0.5034140091873758,15.50700630863107,0.6597623477602641,0.36596568194770895,0.019275528324276706,1.0,0.18181818181818182,8.0,0.13032128338381033,4.0,0.9855415858328342,0.9988317787647247,0.0013661185314322436,oof,xanh
adfecgdb,r04,3,31,124.0,8,8,0,0,100.0,99.44576405384005,0.6762122348056672,16.361358300624797,0.7278579539590327,0.07522703039913263,0.018677715178298946,1.0,0.2,8.0,0.13612508444461105,4.0,0.9972545653581619,0.9990400671958923,0.0010488330814819142,oof,xanh
adfecgdb,r04,3,32,128.0,8,8,0,0,100.0,99.44576405384005,0.43247370152394105,10.493232349839928,0.6356246445043054,0.13372625364961255,0.05148237199610281,1.0,0.3076923076923077,8.0,0.13228692360530556,4.0,0.9847003445029259,0.9988072514533997,0.0005932664976864547,oof,xanh
adfecgdb,r04,3,33,132.0,8,8,0,0,100.0,99.44576405384005,0.38640588198061615,8.70956967386444,0.6257830154794262,0.28696008956262636,0.007750680539611739,1.0,0.2857142857142857,8.0,0.1382266672840314,4.0,0.9968706294894218,0.9988443851470947,0.0009084588835779278,oof,xanh
adfecgdb,r04,3,34,136.0,9,9,0,0,100.0,99.44576405384005,0.5401600001678635,24.20939771565396,0.6855567641778104,0.39734058323731686,0.005789390177371561,1.0,0.18181818181818182,9.0,0.11198785062107529,4.0,0.9978606171078153,0.9987196922302246,0.00011371278285574297,oof,xanh
adfecgdb,r04,3,35,140.0,9,9,0,0,100.0,99.44576405384005,0.6231460983981144,17.49432524832041,0.6807256405585385,0.008416653437198647,0.016910609739513065,1.0,0.0,9.0,0.09382579674775615,4.0,0.9983290036519369,0.99931800365448,9.073480183604769e-05,oof,xanh
adfecgdb,r04,3,36,144.0,8,8,0,0,100.0,99.44576405384005,0.6170600009387749,16.62532574493137,0.6475517808241821,0.09945074645302769,0.010818859185326721,1.0,0.2,8.0,0.08967473669854902,4.0,0.9957287833094597,0.998526006937027,0.0007616687371148229,oof,xanh
adfecgdb,r04,3,37,148.0,9,9,0,0,100.0,99.44576405384005,0.5372196602640955,15.088243948531623,0.6630730285867551,0.12859200191338432,0.0067222798690903755,1.0,0.0,9.0,0.06950673245434623,4.0,0.9979823364151849,0.9991506338119507,1.9321146547621708e-05,oof,xanh
adfecgdb,r04,3,38,152.0,8,8,0,0,100.0,99.44576405384005,0.634401072124701,14.441498675606994,0.6780703679933725,0.17047896029354132,0.01428995683215306,1.0,0.0,8.0,0.0707713523412085,4.0,0.993663989007473,0.9986749291419983,0.002170551520970644,oof,xanh
adfecgdb,r04,3,39,156.0,9,9,0,0,100.0,99.44576405384005,0.904368873099622,18.44775340071437,0.7267886051442686,0.009421984758352007,0.01736763832376115,1.0,0.2,9.0,0.12663176012986477,4.0,0.9856399430168999,0.99711474776268,0.017291258029052816,oof,xanh
adfecgdb,r04,3,40,160.0,10,10,0,0,100.0,99.44576405384005,0.9844061815020687,14.665441074584738,0.7952940910090903,0.2871551624254471,0.013676803259165813,1.0,0.0,10.0,0.11948520733209785,4.0,0.9501461982727051,0.9981613755226135,0.016480522767707447,oof,xanh
adfecgdb,r04,3,41,164.0,9,8,1,1,88.88888888888889,99.44576405384005,0.705189751712447,13.969888190636588,0.696142243498267,0.1439820280914648,0.04598878285868126,1.0,0.16666666666666666,9.0,0.06478001413198717,4.0,0.9304792284965515,0.9963651895523071,0.0040488715184370605,oof,xanh
adfecgdb,r04,3,42,168.0,10,10,0,0,100.0,99.44576405384005,0.7976064848227181,11.787483225381171,0.7030828895283956,0.3884494202416314,0.03402069087190983,1.0,0.16666666666666666,9.0,0.03422523898188768,4.0,0.9396217366059622,0.9982247948646545,0.01505289794683208,oof,xanh
adfecgdb,r04,3,43,172.0,9,9,0,0,100.0,99.44576405384005,0.7558557155652795,14.375502415583501,0.7050742618314407,0.3472628396887203,0.020715822199331893,1.0,0.15384615384615385,10.0,0.07901028572101078,4.0,0.9583044290542603,0.9960450530052185,0.00232405429458535,oof,xanh
adfecgdb,r04,3,44,176.0,9,9,0,0,100.0,99.44576405384005,0.7576251210755081,16.117652629879245,0.7085211095219096,0.4616154809967326,0.022658888394647997,1.0,0.18181818181818182,9.0,0.10051481292344816,4.0,0.977193060848448,0.9977755844593048,0.02962030365500488,oof,xanh
adfecgdb,r04,3,45,180.0,9,9,0,0,100.0,99.44576405384005,0.5032280051643823,9.813185683849591,0.6359738421513237,0.1388990066723935,0.013981745254345423,1.0,0.0,9.0,0.14803121574417144,4.0,0.995374686188168,0.9988786280155182,0.00011335209223403685,oof,xanh
adfecgdb,r04,3,46,184.0,9,9,0,0,100.0,99.44576405384005,0.947590821958448,20.879755662253576,0.7196383430938708,0.333780436350206,0.015764742667830223,1.0,0.2,9.0,0.06298527128241344,4.0,0.9717990756034851,0.9984966516494751,0.004115611004753168,oof,xanh
adfecgdb,r04,3,47,188.0,9,9,0,0,100.0,99.44576405384005,0.7249954121971514,18.514041747047944,0.6870132202491215,0.4357929287252083,0.015222964965814175,1.0,0.0,9.0,0.0798147832783348,4.0,0.9957875675625272,0.997546374797821,0.022814436626645056,oof,xanh
adfecgdb,r04,3,48,192.0,10,10,0,0,100.0,99.44576405384005,1.1670916136507747,2.911023931733567,0.8239999616874102,0.34762570493315803,0.025698011822536396,1.0,1.0,10.0,0.16154881519361874,3.0,0.978287935256958,0.9962950050830841,0.024564791168247554,oof,xanh
adfecgdb,r04,3,49,196.0,9,9,0,0,100.0,99.44576405384005,0.7047085260927283,16.083580328209866,0.6848353666822288,0.11188524653744227,0.03254378948083122,1.0,0.18181818181818182,9.0,0.11060388391554378,4.0,0.9814394248856438,0.9980407357215881,0.003825259051388395,oof,xanh
adfecgdb,r04,3,50,200.0,10,10,0,0,100.0,99.44576405384005,0.6407695509692138,15.330453749650964,0.6617476795406828,0.5408336441415172,0.012978567103722216,1.0,0.15384615384615385,10.0,0.10986967776698274,4.0,0.9508273646235466,0.9957879185676575,0.00044288834048799517,oof,xanh
adfecgdb,r04,3,51,204.0,9,9,0,0,100.0,99.44576405384005,0.5940504454985566,12.687068069793975,0.672010812521437,0.5352652708780561,0.016437119390565986,1.0,0.0,9.0,0.05390097646206035,4.0,0.9879979921711816,0.9959992170333862,0.00026148288907753767,oof,xanh
adfecgdb,r04,3,52,208.0,9,9,0,0,100.0,99.44576405384005,0.8097992353004154,18.92782793081817,0.7169341732960574,0.47765886921515277,0.024624632312891873,1.0,0.0,9.0,0.1076191334427533,4.0,0.9918264680438571,0.9982208609580994,0.03254651399124123,oof,xanh
adfecgdb,r04,3,53,212.0,9,8,1,1,88.88888888888889,99.44576405384005,0.6704039458239415,8.054854522471688,0.7461318195782727,0.5228447906811172,0.12736861192442145,1.0,0.0,9.0,0.03176464467389491,3.0,0.8757299913300408,0.9879137873649597,0.2829207258726792,oof,vang
adfecgdb,r04,3,54,216.0,8,8,0,0,100.0,99.44576405384005,0.47726609146437676,10.680762243298489,0.6447675395311568,0.3311793673656553,0.044165281622317455,1.0,0.15384615384615385,8.0,0.08491324523928084,4.0,0.9593178257346153,0.9982230067253113,0.00022649455629785957,oof,xanh
adfecgdb,r04,3,55,220.0,7,7,0,0,100.0,99.44576405384005,0.47672850413018764,12.49447810074321,0.6438955421091963,0.4022480276668908,0.03200755727218248,1.0,0.0,7.0,0.11331635230554808,4.0,0.9956352881022862,0.9982143640518188,0.0010336251571728208,oof,xanh
adfecgdb,r04,3,56,224.0,9,9,0,0,100.0,99.44576405384005,0.4290977823342009,11.852466552398633,0.6527950223681825,0.372522174895457,0.037025166191449826,1.0,0.2857142857142857,9.0,0.05388719683608353,4.0,0.9946904314888848,0.9989921450614929,3.620696036700713e-05,oof,xanh
adfecgdb,r04,3,57,228.0,8,8,0,0,100.0,99.44576405384005,0.45407450038110825,10.85488942128134,0.6392839028758124,0.029398496238853353,0.035322354257631694,1.0,0.15384615384615385,8.0,0.03380555607260995,4.0,0.9967935122549534,0.9988760054111481,0.0007144123608556481,oof,xanh
adfecgdb,r04,3,58,232.0,8,8,0,0,100.0,99.44576405384005,0.5423957699615175,17.347911125558827,0.6385574408757596,0.2595997709048588,0.04332745132431028,1.0,0.0,8.0,0.05363541147365332,4.0,0.9939714260399342,0.9990118741989136,0.0010276579129462995,oof,xanh
adfecgdb,r04,3,59,236.0,8,8,0,0,100.0,99.44576405384005,0.47503441149769876,13.449155988852183,0.6377807293370557,0.3349862547473626,0.01479230623042394,1.0,0.0,8.0,0.09944920613346428,4.0,0.9929530695080757,0.9987012147903442,0.003550532409240966,oof,xanh
adfecgdb,r04,3,60,240.0,8,8,0,0,100.0,99.44576405384005,0.4574440940323353,13.44313333739741,0.652403339438715,0.08968769468215779,0.01380904482337966,1.0,0.16666666666666666,8.0,0.1140880819882957,4.0,0.9969783276319504,0.9984962940216064,0.0014746001790737677,oof,xanh
adfecgdb,r04,3,61,244.0,9,9,0,0,100.0,99.44576405384005,0.4322729640364823,11.841172679158294,0.6420787413610157,0.2372442596493272,0.018543840261315756,1.0,0.0,9.0,0.0991039488632685,4.0,0.9979419145319197,0.9987099170684814,3.9592650942480754e-05,oof,xanh
adfecgdb,r04,3,62,248.0,8,8,0,0,100.0,99.44576405384005,0.44508391288127874,13.206514394913174,0.6460926240991866,0.1437477259564371,0.01178511301975125,1.0,0.0,8.0,0.10571215707678246,4.0,0.9939014278352261,0.9989281296730042,0.000981714016540091,oof,xanh
adfecgdb,r04,3,63,252.0,8,8,0,0,100.0,99.44576405384005,0.436018420542609,12.035878697659928,0.6394076237126545,0.289933638924608,0.021767512375892126,1.0,0.15384615384615385,8.0,0.12737442010622024,4.0,0.9961457327008247,0.9987346529960632,0.0004319808556829137,oof,xanh
adfecgdb,r04,3,64,256.0,9,9,0,0,100.0,99.44576405384005,0.5493416689306418,13.765995678596386,0.6459339261229359,0.058940415600795076,0.03661455702572798,1.0,0.3076923076923077,9.0,0.08355798241564849,4.0,0.9899841547012329,0.9988492727279663,6.515244735613783e-05,oof,xanh
adfecgdb,r04,3,65,260.0,8,8,0,0,100.0,99.44576405384005,0.5238666920524031,13.106170218847822,0.6211466431434831,0.15075486432894364,0.009307337912524269,1.0,0.3333333333333333,8.0,0.09408213391891897,4.0,0.9953165873885155,0.9986126720905304,0.0013272133519184688,oof,xanh
adfecgdb,r04,3,66,264.0,8,8,0,0,100.0,99.44576405384005,0.6775789412714597,21.799871036054547,0.703010866928124,0.1330000611085469,0.016164346825265588,1.0,0.0,8.0,0.07154029264201503,4.0,0.9974317736923695,0.9993482232093811,0.0022584483692030905,oof,xanh
adfecgdb,r04,3,67,268.0,9,9,0,0,100.0,99.44576405384005,0.7347679734946947,17.252441627218786,0.708553669003361,0.042253267989683534,0.018556580726100853,1.0,0.0,9.0,0.06916479271856378,4.0,0.9979678756660886,0.9989360272884369,0.0003565559122578755,oof,xanh
adfecgdb,r04,3,68,272.0,8,8,0,0,100.0,99.44576405384005,0.5065255256486577,18.23415079014459,0.6822661298244832,0.37897890355490993,0.008709061051826944,1.0,0.18181818181818182,8.0,0.09027667427791872,4.0,0.9982399195432663,0.9988837838172913,5.6760893117162866e-05,oof,xanh
adfecgdb,r04,3,69,276.0,9,9,0,0,100.0,99.44576405384005,0.7230979078905777,37.454127830578415,0.6862934740403887,0.43044362816978055,0.012078700610461374,1.0,0.2,9.0,0.0720416157176205,4.0,0.997773011525472,0.9987577199935913,0.0005652127836413015,oof,xanh
adfecgdb,r04,3,70,280.0,8,8,0,0,100.0,99.44576405384005,1.0318633603161012,3.5727308646476175,0.7819938476473342,0.05464020429893828,0.017674270958118875,1.0,1.0,8.0,0.07779660203015677,3.0,0.9970468170940876,0.9985987544059753,0.0034717866108708553,oof,xanh
adfecgdb,r04,3,71,284.0,9,9,0,0,100.0,99.44576405384005,0.7159668887307205,23.324066822347202,0.6932786133035612,0.45074719111090106,0.005980412849428642,1.0,0.0,9.0,0.043359052655977295,4.0,0.9975511266125573,0.9986516833305359,0.00026737625919272826,oof,xanh
adfecgdb,r04,3,72,288.0,8,8,0,0,100.0,99.44576405384005,0.7217712781356203,21.14620849995936,0.6629465100612095,0.23630201921207958,0.013209405368489843,1.0,0.0,8.0,0.050034292436194575,4.0,0.9941045306622982,0.9989565312862396,0.016390410376403257,oof,xanh
adfecgdb,r04,3,73,292.0,8,8,0,0,100.0,99.44576405384005,0.6305878446795897,22.58332953976993,0.6577819845783975,0.3973283737451064,0.012298585615848227,1.0,0.2,8.0,0.06612220554590074,4.0,0.9966900534927845,0.9985042810440063,0.0011063972097976559,oof,xanh
adfecgdb,r04,3,74,296.0,9,9,0,0,100.0,99.44576405384005,0.6791396143502116,20.69214292835535,0.6646103455227138,0.23980182345449422,0.01788992310944856,1.0,0.0,9.0,0.08589859756545036,4.0,0.9928137063980103,0.9979967176914215,0.002942720304407129,oof,xanh
adfecgdb,r04,4,0,0.0,9,9,0,0,100.0,99.60474308300394,0.5829072428802922,7.375021799613261,0.7107746007588568,0.35525355314118945,0.009307009861043962,1.0,1.0,9.0,0.14730460450231586,3.0,0.9981343183252547,0.9988241791725159,0.000186623868303669,oof,xanh
adfecgdb,r04,4,1,4.0,8,8,0,0,100.0,99.60474308300394,0.6402915979708207,8.63407904121441,0.717051704778589,0.2553196251877141,0.015030808069060335,1.0,1.0,8.0,0.12894531491015923,3.0,0.9959792569279671,0.9989290833473206,0.0008865828915912815,oof,xanh
adfecgdb,r04,4,2,8.0,8,8,0,0,100.0,99.60474308300394,0.6507565526170006,10.309108770711704,0.7180101311701631,0.32855240901483956,0.00906099870425312,1.0,1.0,8.0,0.17124310332746515,3.0,0.9924223572015762,0.9987315535545349,0.00028649135446942613,oof,xanh
adfecgdb,r04,4,3,12.0,8,8,0,0,100.0,99.60474308300394,0.5802333947610144,7.186485684987394,0.7039116538409779,0.15578451769427715,0.012598815766947975,1.0,0.9411764705882353,8.0,0.1768174204126052,3.0,0.9981713630259037,0.9990100860595703,0.00030738790416467396,oof,xanh
adfecgdb,r04,4,4,16.0,9,9,0,0,100.0,99.60474308300394,0.5929524258738129,4.999867044301716,0.703793622684204,0.03960023462711282,0.007982990836469002,1.0,0.8888888888888888,9.0,0.1378151031977244,3.0,0.9981294108761681,0.998766303062439,9.70469410950956e-05,oof,xanh
adfecgdb,r04,4,5,20.0,8,8,0,0,100.0,99.60474308300394,0.7514373760743361,7.0881559938770575,0.7123403380101293,0.05988146028606109,0.004287254474171108,1.0,0.9333333333333333,8.0,0.12009435945604412,3.0,0.9971567541360855,0.9989897608757019,0.00047610197758869607,oof,xanh
adfecgdb,r04,4,6,24.0,9,9,0,0,100.0,99.60474308300394,0.6634803502023517,5.620982476784205,0.7158042495223865,0.2622330239136458,0.008935471657644169,1.0,0.8888888888888888,9.0,0.08843617805983689,3.0,0.9983608524004618,0.9991301894187927,8.801317285265542e-05,oof,xanh
adfecgdb,r04,4,7,28.0,8,8,0,0,100.0,99.60474308300394,0.709545701969102,4.968296773269094,0.6832231098015191,0.08449495972536092,0.007715167498088531,1.0,1.0,8.0,0.2008467896433175,3.0,0.9987788982689381,0.9992477595806122,0.0004019165811306921,oof,xanh
adfecgdb,r04,4,8,32.0,8,8,0,0,100.0,99.60474308300394,0.7433852101033825,5.806029693321614,0.7144574406161309,0.06771096636920124,0.010535067031779425,1.0,1.0,8.0,0.16009659707098048,3.0,0.9983954019844532,0.9991615116596222,0.0002825486047002605,oof,xanh
adfecgdb,r04,4,9,36.0,9,9,0,0,100.0,99.60474308300394,0.6602743021207897,6.561849976697376,0.7086979466141694,0.07334494436825813,0.013464966168970314,1.0,0.9411764705882353,9.0,0.18349579272075128,3.0,0.9970697727468278,0.998832643032074,0.0017693698770527644,oof,xanh
adfecgdb,r04,4,10,40.0,8,8,0,0,100.0,99.60474308300394,0.617516691282335,6.988533675510718,0.6950005220970796,0.32493007928435513,0.0077800008384084655,1.0,0.8,8.0,0.17362938330050612,3.0,0.9973431974649429,0.9990668892860413,0.0003956530100309323,oof,xanh
adfecgdb,r04,4,11,44.0,8,8,0,0,100.0,99.60474308300394,0.7226976906974544,9.13467152431058,0.7228198034400583,0.3131722168522291,0.006196138901777919,1.0,0.9333333333333333,8.0,0.22621210515400397,3.0,0.9974385239183903,0.9989888072013855,0.0026505402165137907,oof,xanh
adfecgdb,r04,4,12,48.0,9,9,0,0,100.0,99.60474308300394,0.6232895325332357,9.446811050165529,0.717369334931396,0.33710824031448805,0.011479926521275354,1.0,0.9411764705882353,9.0,0.15794191439763042,3.0,0.9967066215144263,0.9988440275192261,0.0009401220523035488,oof,xanh
adfecgdb,r04,4,13,52.0,8,8,0,0,100.0,99.60474308300394,0.6369748943834974,6.99632013696834,0.7042023998668387,0.33153153453314355,0.004454354031864465,1.0,0.875,8.0,0.17078913186063366,3.0,0.9985134527087212,0.9990046918392181,0.0001761635391258409,oof,xanh
adfecgdb,r04,4,14,56.0,8,8,0,0,100.0,99.60474308300394,0.5889143116527664,5.933148566847864,0.6831718760571899,0.009023692854984637,0.01030472563482662,1.0,1.0,8.0,0.11739306464961433,3.0,0.9982623159885406,0.9990910291671753,0.00013747973144790764,oof,xanh
adfecgdb,r04,4,15,60.0,8,8,0,0,100.0,99.60474308300394,0.6861285687911677,6.781328651186044,0.7095360270503426,0.23379871365525876,0.007321156773107091,1.0,1.0,8.0,0.15591767499926368,3.0,0.9983204081654549,0.9988235831260681,0.000223618374689287,oof,xanh
adfecgdb,r04,4,16,64.0,9,9,0,0,100.0,99.60474308300394,0.6119561488079305,7.0534701800333455,0.7067252174900717,0.383665778987658,0.005734051866960411,1.0,1.0,9.0,0.1747091832325172,3.0,0.9977132810486687,0.9988161325454712,0.00017602189923858532,oof,xanh
adfecgdb,r04,4,17,68.0,8,8,0,0,100.0,99.60474308300394,0.6112841030789148,8.034987494220246,0.6977431962467655,0.37704700774678207,0.01188414758294223,1.0,1.0,8.0,0.10775517762530977,3.0,0.9971937201917171,0.9987648725509644,0.0007944510080239536,oof,xanh
adfecgdb,r04,4,18,72.0,8,8,0,0,100.0,99.60474308300394,0.7677666074392436,4.650134790137684,0.7429892247552204,0.4537845904550555,0.010452995068420911,1.0,0.8,8.0,0.030575412905125297,3.0,0.9906781353056431,0.9989664554595947,0.1213336132258845,oof,vang
adfecgdb,r04,4,19,76.0,9,9,0,0,100.0,99.60474308300394,0.7856096030295103,5.14010636280409,0.7359778022252434,0.46379294705983487,0.007157234742005374,1.0,1.0,9.0,0.17555233179154095,3.0,0.99797432952457,0.9990474581718445,0.001573646284485862,oof,xanh
adfecgdb,r04,4,20,80.0,8,8,0,0,100.0,99.60474308300394,0.7865732304121251,4.638671488565988,0.7217513543465379,0.42366985559128717,0.009610968824263998,1.0,0.875,8.0,0.06620112452327279,3.0,0.9968654923141003,0.9987758100032806,0.004305510307194686,oof,xanh
adfecgdb,r04,4,21,84.0,8,8,0,0,100.0,99.60474308300394,0.8809912170025573,5.238588671007985,0.7548681295891236,0.41049786559850604,0.03428460597637265,1.0,0.875,8.0,0.2364490828306745,3.0,0.9776180312037468,0.999056875705719,0.013656076531829724,oof,xanh
adfecgdb,r04,4,22,88.0,7,6,1,1,85.71428571428571,99.60474308300394,0.9132478920804664,3.886146859932756,0.7347886462075852,0.4101546634540226,0.07133803998885727,1.0,0.75,7.0,0.031378492786977547,3.0,0.8592179460184914,0.9845241904258728,0.8261012684700136,oof,do
adfecgdb,r04,4,23,92.0,7,7,0,0,100.0,99.60474308300394,0.8580801644155318,4.975099180253732,0.724638810304343,0.32518084867587216,0.023552053180526313,1.0,0.8571428571428571,7.0,0.07044335246580148,3.0,0.9269136318138668,0.9858720898628235,0.14237329254603387,oof,vang
adfecgdb,r04,4,24,96.0,7,7,0,0,100.0,99.60474308300394,0.8049174950871613,8.109974984304042,0.733229245566861,0.4330248758915112,0.011217575662354007,1.0,0.8571428571428571,7.0,0.07154345464202327,3.0,0.9247251834188189,0.9927350878715515,0.1918377909595918,oof,vang
adfecgdb,r04,4,25,100.0,7,7,0,0,100.0,99.60474308300394,0.8197869139221594,6.207727640553699,0.7233252284611159,0.4534681945672111,0.025503800349350906,1.0,0.8,7.0,0.09254760323063328,3.0,0.9812225145953042,0.9980413913726807,0.050501754547710456,oof,xanh
adfecgdb,r04,4,26,104.0,8,8,0,0,100.0,99.60474308300394,0.8583081067246208,5.633188163532926,0.7371562154716788,0.4857581528196656,0.022462641028999832,1.0,1.0,8.0,0.09038709986405637,3.0,0.9969451129436493,0.9985629916191101,0.020610237226586458,oof,xanh
adfecgdb,r04,4,27,108.0,8,8,0,0,100.0,99.60474308300394,0.7500342190314161,4.8482205118657316,0.707851732254085,0.37493821506077823,0.014792306230423938,1.0,0.875,8.0,0.2271586631960874,3.0,0.9930558241903782,0.9984733462333679,0.0673733022374378,oof,vang
adfecgdb,r04,4,28,112.0,8,8,0,0,100.0,99.60474308300394,0.7548522567472052,6.030103377008915,0.7172252220321618,0.07942754819585424,0.006196138901777919,1.0,0.875,8.0,0.10729337642624454,3.0,0.997368548065424,0.9983952641487122,0.0004951185515226478,oof,xanh
adfecgdb,r04,4,29,116.0,9,9,0,0,100.0,99.60474308300394,0.7380080665894878,6.394209868516022,0.728141802098399,0.3841603993953794,0.011639617797285486,1.0,0.9411764705882353,9.0,0.07743410163338456,3.0,0.9961248073312972,0.9990058541297913,0.006841302266737133,oof,xanh
adfecgdb,r04,4,30,120.0,8,8,0,0,100.0,99.60474308300394,0.6612198891195545,8.955229492566193,0.7210368038014957,0.3905012295597702,0.0058948202469161545,1.0,1.0,8.0,0.17233291679746499,3.0,0.993337620049715,0.9985886216163635,0.00041507238938062236,oof,xanh
adfecgdb,r04,4,31,124.0,8,8,0,0,100.0,99.60474308300394,0.7677598558649206,6.09191985664741,0.7203808165694577,0.16079297203334386,0.016968967740437737,1.0,1.0,8.0,0.16881387963526848,3.0,0.9973091334104538,0.9983606934547424,0.00241292881920624,oof,xanh
adfecgdb,r04,4,32,128.0,8,8,0,0,100.0,99.60474308300394,0.748795611141631,7.188227108399328,0.7239201212771721,0.2718679614631242,0.008717045347964752,1.0,1.0,8.0,0.12630531748536375,3.0,0.998121477663517,0.9985958933830261,0.0005978419576338955,oof,xanh
adfecgdb,r04,4,33,132.0,8,8,0,0,100.0,99.60474308300394,0.7074299244824056,6.342852456873546,0.7221299063117486,0.35055331797224715,0.007750680539611739,1.0,0.9411764705882353,8.0,0.13819117293586766,3.0,0.998084869235754,0.9989268183708191,0.00022367133573145622,oof,xanh
adfecgdb,r04,4,34,136.0,9,9,0,0,100.0,99.60474308300394,0.6157051467253832,6.89514271169489,0.7051753897329819,0.39045574768863917,0.005252827517308015,1.0,0.8235294117647058,9.0,0.09177116365947009,3.0,0.9967071314652761,0.9985916018486023,0.00029554458395661783,oof,xanh
adfecgdb,r04,4,35,140.0,9,9,0,0,100.0,99.60474308300394,0.6314003488244334,6.01986715638534,0.7296883075761817,0.030344910044563158,0.018079862291912937,1.0,0.8888888888888888,9.0,0.1367303046157031,3.0,0.9984934760464562,0.9989606142044067,0.0011055597151498594,oof,xanh
adfecgdb,r04,4,36,144.0,8,8,0,0,100.0,99.60474308300394,0.6503881656712329,6.778272249126955,0.7060715152152224,0.20695127935100455,0.009852104242793416,1.0,0.875,8.0,0.16894772374788303,3.0,0.9955133721232414,0.9991199970245361,0.0008398267366710689,oof,xanh
adfecgdb,r04,4,37,148.0,9,9,0,0,100.0,99.60474308300394,0.6386526861077079,5.614996107815008,0.7018646593767959,0.2288582210955394,0.00963822404092658,1.0,0.7777777777777778,9.0,0.14133898331880004,3.0,0.9986452890766991,0.9992585778236389,0.00023581768417753262,oof,xanh
adfecgdb,r04,4,38,152.0,8,8,0,0,100.0,99.60474308300394,0.8390434283769935,6.055469823859461,0.7277552937332444,0.34066312484035344,0.006100846183755522,1.0,1.0,8.0,0.1605633155458057,3.0,0.9950058981776237,0.9984612464904785,0.0054332955939843525,oof,xanh
adfecgdb,r04,4,39,156.0,9,9,0,0,100.0,99.60474308300394,0.957067961203815,4.118003212023646,0.7403400601581226,0.02962337443402809,0.014120403373897271,1.0,1.0,9.0,0.07822315407226381,3.0,0.9862487084335751,0.9985203742980957,0.019261384533130206,oof,xanh
adfecgdb,r04,4,40,160.0,10,10,0,0,100.0,99.60474308300394,0.9481549281387751,4.153760405240348,0.7389182279288704,0.3159353585553661,0.01857585139314574,1.0,0.7368421052631579,10.0,0.09611160071947725,3.0,0.9844622939825058,0.9933738708496094,0.17316309666575083,oof,vang
adfecgdb,r04,4,41,164.0,9,9,0,0,100.0,99.60474308300394,0.7819902269601622,3.495734963861719,0.7368928747654397,0.23542354787848113,0.017870357800187444,1.0,0.7058823529411765,9.0,0.10312677291051171,3.0,0.9713903367519379,0.9960159659385681,0.014323331430689812,oof,xanh
adfecgdb,r04,4,42,168.0,10,10,0,0,100.0,99.60474308300394,0.8055343387343584,5.180680717978884,0.730750057016117,0.45140187250624164,0.01683453306381346,1.0,0.8421052631578947,9.0,0.11790089034234708,3.0,0.9694006310568916,0.9969747066497803,0.2660539283593964,oof,vang
adfecgdb,r04,4,43,172.0,9,9,0,0,100.0,99.60474308300394,0.9468408560575343,4.408928120105916,0.7345148600497858,0.4157386935467448,0.011032170748820014,1.0,0.8421052631578947,10.0,0.09792275341861617,3.0,0.9662196964025498,0.9870581030845642,0.13774261391813958,oof,vang
adfecgdb,r04,4,44,176.0,9,9,0,0,100.0,99.60474308300394,0.9213514597254286,4.903375615480092,0.7605785003032398,0.45093573168744194,0.022729059352139147,1.0,0.8888888888888888,9.0,0.15670755698471664,3.0,0.9713885850376553,0.9975603818893433,0.2294569357420653,oof,vang
adfecgdb,r04,4,45,180.0,9,9,0,0,100.0,99.60474308300394,0.8704240975104649,4.164149541063311,0.727391184525796,0.2577142371346712,0.010467904883666402,1.0,0.625,9.0,0.15911790150656666,3.0,0.998258630434672,0.9992371201515198,0.002101322050176427,oof,xanh
adfecgdb,r04,4,46,184.0,9,9,0,0,100.0,99.60474308300394,0.8175820191829807,5.045124162077533,0.7394326735998961,0.4145952597490613,0.017599232667796408,1.0,0.8888888888888888,9.0,0.08733753474194478,3.0,0.9902885887357924,0.9984570741653442,0.029089379842731102,oof,xanh
adfecgdb,r04,4,47,188.0,9,9,0,0,100.0,99.60474308300394,0.8537041761999664,5.38681541422171,0.7370017300434,0.43632254928782865,0.009133778979488506,1.0,0.7058823529411765,9.0,0.08979344063223485,3.0,0.9933246672153473,0.9961385130882263,0.006568594106666468,oof,xanh
adfecgdb,r04,4,48,192.0,10,10,0,0,100.0,99.60474308300394,0.7816155050172424,4.65423652641877,0.7387871218853163,0.3846434953054217,0.024095838194173685,1.0,1.0,10.0,0.1868718265453798,3.0,0.9712810248136521,0.9978843331336975,0.05524002862009922,oof,vang
adfecgdb,r04,4,49,196.0,9,9,0,0,100.0,99.60474308300394,0.8590899828240057,4.9715592895068355,0.742326801318201,0.18979943233197774,0.04339545678735706,1.0,0.7777777777777778,9.0,0.06776816218378233,3.0,0.9686786300606198,0.9961766004562378,0.012733045147217816,oof,xanh
adfecgdb,r04,4,50,200.0,10,10,0,0,100.0,99.60474308300394,0.8428419879481159,4.490418686121992,0.7343157903266951,0.4588595214794816,0.012978567103722185,1.0,0.7368421052631579,10.0,0.08000305841338301,3.0,0.9856173247098923,0.992424488067627,0.19334850712600135,oof,vang
adfecgdb,r04,4,51,204.0,9,9,0,0,100.0,99.60474308300394,0.9797878703582916,4.327196968070548,0.7432367609043405,0.4849206216460942,0.012301686745536517,1.0,0.7777777777777778,9.0,0.15014020336430278,3.0,0.9890154269006517,0.9953324198722839,0.5130816008200377,oof,vang
adfecgdb,r04,4,52,208.0,9,9,0,0,100.0,99.60474308300394,0.8779656175524871,3.1665346141759665,0.7213460825800738,0.42686255088974406,0.018831221069281194,1.0,0.47058823529411764,9.0,0.1041200699262806,3.0,0.9932643870512644,0.997795820236206,0.12117265660590575,oof,vang
adfecgdb,r04,4,53,212.0,9,8,2,1,84.21052631578948,99.60474308300394,0.783888868633449,11.44648176049208,0.730030592733829,0.43036054900310144,0.18595725823105094,0.7777777777777778,0.0,10.0,0.012908375734794796,3.0,0.8794874042272568,0.9920376539230347,0.9695640508964198,oof,do
adfecgdb,r04,4,54,216.0,8,8,0,0,100.0,99.60474308300394,0.9118648704981196,4.342226083487159,0.7485460722095002,0.36761216000556984,0.013850082194159185,1.0,0.875,8.0,0.10093717462765106,3.0,0.9945544116199017,0.9984400868415833,0.0637278497751208,oof,vang
adfecgdb,r04,4,55,220.0,7,7,0,0,100.0,99.60474308300394,0.7331480870149836,4.372219416711705,0.7131115219109073,0.47682764553017526,0.02660518624452726,1.0,0.2857142857142857,7.0,0.08890238022242677,3.0,0.9940588005951473,0.9978154897689819,0.03260853199920591,oof,xanh
adfecgdb,r04,4,56,224.0,9,9,0,0,100.0,99.60474308300394,0.7568002094683134,5.975767108204403,0.7312647724178751,0.4621042165659441,0.013287165661635287,1.0,1.0,9.0,0.13290401452562892,3.0,0.9977177513970269,0.9988565444946289,0.004161228041492894,oof,xanh
adfecgdb,r04,4,57,228.0,8,8,0,0,100.0,99.60474308300394,0.8061992960417345,5.993100162848501,0.7129591581077002,0.0937619821989261,0.03458365934090828,1.0,0.875,8.0,0.18261160478743724,3.0,0.9958138726651669,0.9987977147102356,0.010561166761551,oof,xanh
adfecgdb,r04,4,58,232.0,8,8,0,0,100.0,99.60474308300394,0.769610396433966,4.493695745677534,0.7084814336096936,0.37768324476407666,0.032672805525340964,1.0,0.7058823529411765,8.0,0.15468525339071842,3.0,0.997061476111412,0.9985944628715515,0.003928833158223097,oof,xanh
adfecgdb,r04,4,59,236.0,8,8,0,0,100.0,99.60474308300394,0.7828401511250906,4.797297425488818,0.6889501238823581,0.43232914380076454,0.012770101749584527,1.0,0.625,8.0,0.0313224784627771,3.0,0.9958340972661972,0.9989499449729919,0.03478506268461718,oof,xanh
adfecgdb,r04,4,60,240.0,8,8,0,0,100.0,99.60474308300394,0.7546911816412796,5.030360992701999,0.7053954036175304,0.23413291204136102,0.015203257981546748,1.0,0.75,8.0,0.1021086589443426,3.0,0.9966287203133106,0.9987355172634125,0.007204211072581648,oof,xanh
adfecgdb,r04,4,61,244.0,9,9,0,0,100.0,99.60474308300394,0.7319616211253765,4.769275823446852,0.7333843348252037,0.3596568523103688,0.019179860166579164,1.0,0.7058823529411765,9.0,0.12451483345781943,3.0,0.9983163012398614,0.9989000558853149,0.0024363357834169316,oof,xanh
adfecgdb,r04,4,62,248.0,8,8,0,0,100.0,99.60474308300394,0.6788142726494373,4.98129505829021,0.70590557469992,0.31401036301455937,0.01178511301975125,1.0,0.625,8.0,0.034353179803969305,3.0,0.9976556673645973,0.9987325072288513,0.0010602187837901672,oof,xanh
adfecgdb,r04,4,63,252.0,8,8,0,0,100.0,99.60474308300394,0.7344171399020917,5.960167501639766,0.7003424721734512,0.356920659963977,0.013576139452464324,1.0,0.875,8.0,0.11080206449895748,3.0,0.9936962090432644,0.9987266659736633,0.012120237384438378,oof,xanh
adfecgdb,r04,4,64,256.0,9,9,0,0,100.0,99.60474308300394,0.8508321100580724,4.97717016616516,0.736224772815065,0.1825554772741608,0.00852551442876123,1.0,1.0,9.0,0.1847044173632765,3.0,0.9978540672196282,0.9987731575965881,0.0016491817490673292,oof,xanh
adfecgdb,r04,4,65,260.0,8,8,0,0,100.0,99.60474308300394,0.7424326722661111,6.968001685471027,0.7294443616343035,0.2796174851271232,0.016207221277510328,1.0,0.875,8.0,0.1890309629234837,3.0,0.9960617683827877,0.9991185665130615,0.2103686345287858,oof,vang
adfecgdb,r04,4,66,264.0,8,8,0,0,100.0,99.60474308300394,0.7686463620302073,5.584557889709275,0.7220758483177254,0.26567828647690195,0.009935194278575813,1.0,0.8235294117647058,8.0,0.15006352609314744,3.0,0.998537540435791,0.9991307854652405,0.0005528183935121719,oof,xanh
adfecgdb,r04,4,67,268.0,9,9,0,0,100.0,99.60474308300394,0.6576134837610793,4.9955184478210315,0.6756579219736087,0.11160028497817626,0.018086717608015078,1.0,0.7777777777777778,9.0,0.12457512441540888,4.0,0.9983770383728875,0.9991337656974792,3.963753243634735e-05,oof,xanh
adfecgdb,r04,4,68,272.0,8,8,0,0,100.0,99.60474308300394,0.713803657345883,6.798733822365202,0.6996788066371958,0.4049451215733064,0.008864257211500592,1.0,0.75,8.0,0.10709175111458463,3.0,0.997755728662014,0.9991920590400696,0.0002482726407668721,oof,xanh
adfecgdb,r04,4,69,276.0,9,9,0,0,100.0,99.60474308300394,0.6343145366682842,7.417195916174107,0.720959031995612,0.3943565764988413,0.011922407629160773,1.0,0.8888888888888888,9.0,0.16272205889163802,3.0,0.9983835816383362,0.9987866580486298,0.0005449982890947769,oof,xanh
adfecgdb,r04,4,70,280.0,8,8,0,0,100.0,99.60474308300394,0.7224311413180122,7.568850840695028,0.7209390887832479,0.1381279396500659,0.018826337617284607,1.0,1.0,8.0,0.15450139940298116,3.0,0.9975933842360973,0.9987154006958008,0.0006660029198052148,oof,xanh
adfecgdb,r04,4,71,284.0,9,9,0,0,100.0,99.60474308300394,0.6220700580898714,6.495081907649261,0.7026820046412215,0.4044273083783412,0.0041600250764759405,1.0,0.7777777777777778,9.0,0.11221531093181761,3.0,0.9981368283430735,0.9990255832672119,0.00014785299293074492,oof,xanh
adfecgdb,r04,4,72,288.0,8,8,0,0,100.0,99.60474308300394,0.624018072384243,6.368718195959101,0.7046957712307945,0.3670531328780054,0.012441386099264238,1.0,0.625,8.0,0.12993319294066358,3.0,0.9930756501853466,0.9991017580032349,0.001595008783886641,oof,xanh
adfecgdb,r04,4,73,292.0,8,8,0,0,100.0,99.60474308300394,0.647703236635351,6.0529756084013115,0.7028345735510259,0.4254040769716965,0.01205441965385873,1.0,0.75,8.0,0.11443437241839817,3.0,0.9972319640219212,0.9988940358161926,0.002554534846496529,oof,xanh
adfecgdb,r04,4,74,296.0,9,9,0,0,100.0,99.60474308300394,0.7290446009839726,4.834092519060638,0.7045225066451577,0.3316592369338606,0.020430953533974904,1.0,0.625,9.0,0.09810662178110759,3.0,0.9965769913461473,0.99853515625,0.004461174773432705,oof,xanh
adfecgdb,r07,1,0,0.0,9,9,0,0,100.0,98.64325618515562,1.132965427725798,2.3183804630325966,0.7365124988408902,0.16858655422280525,0.008677620398210321,1.0,0.625,8.0,0.13559656498037695,3.0,0.9972228743135929,0.9987697005271912,0.0032032639280549983,oof,xanh
adfecgdb,r07,1,1,4.0,8,8,0,0,100.0,98.64325618515562,1.106845734141518,2.6055928143942264,0.7258088713096722,0.05308641824168645,0.034692430230007426,1.0,0.8235294117647058,9.0,0.12119789666560239,4.0,0.9925048715538449,0.9988695979118347,0.0375266700121737,oof,xanh
adfecgdb,r07,1,2,8.0,8,8,0,0,100.0,98.64325618515562,0.6112412192884645,38.0034072465387,0.6541003484196151,0.015377312806491673,0.005407661372418496,1.0,0.2222222222222222,8.0,0.1675664267275731,4.0,0.9982903487980366,0.9991387128829956,3.336560094681343e-05,oof,xanh
adfecgdb,r07,1,3,12.0,9,9,0,0,100.0,98.64325618515562,1.0264868468965092,3.4152080198383086,0.7210329353502002,0.07403536853799099,0.005118283375989805,1.0,0.7058823529411765,9.0,0.07126205991429455,4.0,0.9958929585085975,0.9990525841712952,0.004637807574194853,oof,xanh
adfecgdb,r07,1,4,16.0,9,9,0,0,100.0,98.64325618515562,1.2162041964784955,2.308467884403284,0.7394610334112824,0.029364376717103007,0.0037088882388975797,1.0,0.9411764705882353,9.0,0.04715146702270007,3.0,0.9981718361377716,0.9987558126449585,0.0009070368464092237,oof,xanh
adfecgdb,r07,1,5,20.0,8,8,0,0,100.0,98.64325618515562,1.1956065102879834,2.83094721370792,0.7570690720008416,0.17003336359911983,0.0044917855783506416,1.0,0.8235294117647058,8.0,0.13830712679335444,3.0,0.9978466369211674,0.9989112615585327,0.0016302146363095747,oof,xanh
adfecgdb,r07,1,6,24.0,8,8,0,0,100.0,98.64325618515562,1.123100160314577,2.28159074838479,0.730680307273556,0.20187098636555068,0.007110916944918073,1.0,0.9411764705882353,8.0,0.16453350440939069,3.0,0.997286070138216,0.9987925291061401,0.0022500914430401155,oof,xanh
adfecgdb,r07,1,7,28.0,9,9,0,0,100.0,98.64325618515562,0.8525395192353099,23.27367395141747,0.668337401005162,0.053232634419549965,0.05618494443250238,1.0,0.2,9.0,0.10597094387644694,4.0,0.9872768455081515,0.9989193677902222,0.0011360429462096715,oof,xanh
adfecgdb,r07,1,8,32.0,8,7,1,1,87.5,98.64325618515562,0.960755115050652,7.9500229247036795,0.7083967805577089,0.23882520362287943,0.12266290066472278,1.0,0.42857142857142855,8.0,0.12168586407326583,4.0,0.9627962745726109,0.99922776222229,0.41958864340193486,oof,vang
adfecgdb,r07,1,9,36.0,9,9,0,0,100.0,98.64325618515562,0.7057195925435554,44.93791099488465,0.7266859523578857,0.26684848363795377,0.007781950143840582,1.0,0.2,9.0,0.1012919944173057,4.0,0.9923665457301669,0.9986659288406372,0.00118627502906166,oof,xanh
adfecgdb,r07,1,10,40.0,8,8,0,0,100.0,98.64325618515562,0.592695392776346,12.717990973429188,0.4927352908730458,0.0232336446493023,0.031489486874737765,1.0,0.0,8.0,0.11640179891982778,2.0,0.92341348528862,0.9988787770271301,0.00017092450737650388,oof,xanh
adfecgdb,r07,1,11,44.0,9,9,0,0,100.0,98.64325618515562,1.1102581843043464,3.2123137803212716,0.7531609942898224,0.11920871434026836,0.009465595758569348,1.0,0.8235294117647058,9.0,0.034502769684280545,3.0,0.9978254934151968,0.9989078044891357,0.0032677793054458797,oof,xanh
adfecgdb,r07,1,12,48.0,8,8,0,0,100.0,98.64325618515562,0.7127750764445544,40.79176158256677,0.634347959058178,0.16565265414674996,0.0058670413000671785,1.0,0.2222222222222222,8.0,0.07118449123180794,4.0,0.9980351850390434,0.9988815188407898,0.00011020102081383482,oof,xanh
adfecgdb,r07,1,13,52.0,9,9,0,0,100.0,98.64325618515562,0.9812282018735088,3.7153078899019896,0.7282861348985599,0.17102062087008235,0.002776234324301197,1.0,1.0,9.0,0.1346507143977131,4.0,0.9981862538390689,0.9989120960235596,0.0007127776427030366,oof,xanh
adfecgdb,r07,1,14,56.0,8,8,0,0,100.0,98.64325618515562,0.9868200013839591,13.874281241243018,0.7061761113631029,0.037894172906389106,0.03938300256983987,1.0,0.2222222222222222,8.0,0.09680522929604096,4.0,0.9943116307258606,0.998885452747345,0.0006542075812615199,oof,xanh
adfecgdb,r07,1,15,60.0,9,8,0,1,94.11764705882354,98.64325618515562,0.9923254181501527,3.1451530873154425,0.7278620963698971,0.18117574773155043,0.005514347663366132,1.0,0.8235294117647058,8.0,0.11560427229996735,4.0,0.998260173946619,0.9994515776634216,0.00804921367818642,oof,xanh
adfecgdb,r07,1,16,64.0,8,8,0,0,100.0,98.64325618515562,1.1858432769466423,2.6918906592823824,0.738221977053576,0.19895855673642376,0.0039040464940266043,1.0,0.75,8.0,0.12970929786158045,3.0,0.9983189627528191,0.9992974996566772,0.001278740061142873,oof,xanh
adfecgdb,r07,1,17,68.0,9,9,0,0,100.0,98.64325618515562,1.2038711214746614,1.70661182661798,0.7586503349686212,0.287395132008988,0.011543610703293763,1.0,0.8888888888888888,9.0,0.114686590050015,3.0,0.9933945900864072,0.9990341663360596,0.06123690483557851,oof,vang
adfecgdb,r07,1,18,72.0,8,8,0,0,100.0,98.64325618515562,1.1898275310784971,3.7286705082394356,0.7571035052717072,0.04234800130782321,0.008327167344063602,1.0,0.8,8.0,0.08185523322309506,3.0,0.9972295574843884,0.9990819692611694,0.0009511802806255804,oof,xanh
adfecgdb,r07,1,19,76.0,9,9,0,0,100.0,98.64325618515562,1.2346981506156987,2.481168971494676,0.743821442334019,0.21871841929535413,0.005477745985629639,1.0,0.7058823529411765,9.0,0.10326683175033013,3.0,0.9976128306653764,0.9987795948982239,0.0015820979604573454,oof,xanh
adfecgdb,r07,1,20,80.0,8,8,0,0,100.0,98.64325618515562,1.1862857496887018,2.4102362602797953,0.755342078731182,0.0902026267009498,0.01571456309081136,1.0,0.7058823529411765,8.0,0.03745031178639488,3.0,0.9976647049188614,0.9987654685974121,0.003780603489657222,oof,xanh
adfecgdb,r07,1,21,84.0,8,8,0,0,100.0,98.64325618515562,1.1815670187661484,2.141182440035305,0.7299019278488231,0.1373101775914798,0.012798796080144698,1.0,0.8,8.0,0.061335133924009605,4.0,0.992474976927042,0.998813271522522,0.04954243206190955,oof,xanh
adfecgdb,r07,1,22,88.0,8,8,0,0,100.0,98.64325618515562,1.2486818854266581,2.229468924940636,0.7541446295428383,0.08562356460954133,0.02668338875292505,1.0,0.8,8.0,0.1758901454185248,3.0,0.9905403256416321,0.998647153377533,0.09666322668544855,oof,vang
adfecgdb,r07,1,23,92.0,9,9,0,0,100.0,98.64325618515562,1.1674435701086563,2.260661685059884,0.7518465029534754,0.1129374079486251,0.025321180165272374,1.0,0.375,9.0,0.05771483809949161,3.0,0.9771833618481954,0.9966865479946136,0.035010227427191454,oof,xanh
adfecgdb,r07,1,24,96.0,8,7,1,1,87.5,98.64325618515562,1.1915986874112499,4.092318811646843,0.7353975969561406,0.1098096625516921,0.05175491695056877,1.0,0.3333333333333333,8.0,0.12617322514854548,4.0,0.9907811470329762,0.9987527132034302,0.04369326893989195,oof,xanh
adfecgdb,r07,1,25,100.0,9,9,0,0,100.0,98.64325618515562,1.195652338671675,1.6247145128009501,0.7668438777797085,0.16597981809278275,0.021092908506225954,1.0,0.8888888888888888,9.0,0.1425420343399791,3.0,0.9942864014042748,0.9990203380584717,0.12239374037018443,oof,vang
adfecgdb,r07,1,26,104.0,8,8,0,0,100.0,98.64325618515562,1.2780945694879822,4.349690301022217,0.7650965338774921,0.03860433101172464,0.00825769157361271,1.0,0.6666666666666666,8.0,0.09314895237151426,3.0,0.9880880862474442,0.9983277916908264,0.003606188801961929,oof,xanh
adfecgdb,r07,1,27,108.0,8,7,1,1,87.5,98.64325618515562,1.2463043884559561,3.6523060497286766,0.7703334111525229,0.15694468725773886,0.23294286701722408,0.7142857142857143,0.42857142857142855,8.0,0.047084255839706685,3.0,0.9658511765301228,0.9988543093204498,0.7540008036968602,oof,do
adfecgdb,r07,1,28,112.0,8,8,0,0,100.0,98.64325618515562,1.2274768743256186,1.896623406621142,0.7753159507866935,0.06088094735174178,0.030767126170617505,1.0,0.875,8.0,0.08701031748735501,3.0,0.9951963387429714,0.9987977743148804,0.023614389019809036,oof,xanh
adfecgdb,r07,1,29,116.0,9,9,0,0,100.0,98.64325618515562,0.6541204404282764,42.835827963764174,0.5842938529857852,0.13806744648091956,0.01116350764159916,1.0,0.2,9.0,0.06263840450521296,5.0,0.9929210775428348,0.9989781379699707,0.00043058809175234436,oof,xanh
adfecgdb,r07,1,30,120.0,8,8,0,0,100.0,98.64325618515562,1.1755027805784866,1.4827996268607961,0.7341933348697669,0.10258708941311925,0.00720141822775278,1.0,1.0,8.0,0.16189138608696108,4.0,0.9919606521725655,0.9989424347877502,0.01295768352043894,oof,xanh
adfecgdb,r07,1,31,124.0,8,8,0,0,100.0,98.64325618515562,0.6450111195853514,21.400979490688435,0.6507161104960776,0.1927473729463071,0.010802260760845681,1.0,0.2222222222222222,8.0,0.038442458495252144,6.0,0.9953114129602909,0.9992055296897888,0.0004432436689902482,oof,xanh
adfecgdb,r07,1,32,128.0,9,9,0,0,100.0,98.64325618515562,0.8740609279209381,6.75076901534111,0.7125221609217751,0.11979444595602491,0.007224082824432641,1.0,0.3076923076923077,9.0,0.20710875612292529,5.0,0.9975686371326447,0.9990407824516296,0.0006741175896806488,oof,xanh
adfecgdb,r07,1,33,132.0,8,8,0,0,100.0,98.64325618515562,1.0603926621435864,4.1299647730477025,0.7258390932242367,0.16684830299814785,0.007418067392245456,1.0,0.4,8.0,0.11048120592334357,4.0,0.9968900568783283,0.9989070892333984,0.0038732333710816535,oof,xanh
adfecgdb,r07,1,34,136.0,9,9,0,0,100.0,98.64325618515562,0.8460279580948494,21.487080970572,0.7696690203711821,0.03161367539194291,0.03099389182284185,1.0,0.0,9.0,0.10447599407088354,4.0,0.9748357468181186,0.9994080066680908,0.0015938545015912807,oof,xanh
adfecgdb,r07,1,35,140.0,8,8,0,0,100.0,98.64325618515562,0.6411477801366294,23.962663272071843,0.62681212803097,0.17835905469862348,0.018228065971239407,1.0,0.4,8.0,0.10845175447155811,4.0,0.9961231835186481,0.9990556836128235,0.0013451951332969787,oof,xanh
adfecgdb,r07,1,36,144.0,9,9,0,0,100.0,98.64325618515562,1.1072186716072594,2.5615306530541595,0.7595866622084282,0.02445290655708748,0.03752767823416966,1.0,0.26666666666666666,9.0,0.15078197840824695,3.0,0.9800415800677406,0.998738557100296,0.012420654886636835,oof,xanh
adfecgdb,r07,1,37,148.0,8,5,3,3,62.5,98.64325618515562,0.8648960227509565,3.2512541486516886,0.7467432298614857,0.15881395441414511,0.20340690811175058,1.0,0.46153846153846156,8.0,0.1014765310114155,3.0,0.8886359520256519,0.9979709982872009,0.8032146278095547,oof,do
adfecgdb,r07,1,38,152.0,9,8,1,1,88.88888888888889,98.64325618515562,0.5773743510868653,25.679237915800357,0.6163470590523504,0.11024848263658762,0.02652366494671613,1.0,0.36363636363636365,9.0,0.055320408130076576,4.0,0.9486246042781405,0.9989608526229858,0.004877649582657383,oof,xanh
adfecgdb,r07,1,39,156.0,8,8,0,0,100.0,98.64325618515562,1.241475560293649,2.716118116031118,0.7744294456256602,0.23694047619976538,0.004178650922955905,1.0,0.8,8.0,0.15850082133261448,3.0,0.9977912306785583,0.9990183115005493,0.0010547984983668313,oof,xanh
adfecgdb,r07,1,40,160.0,8,8,0,0,100.0,98.64325618515562,1.0459326083659992,3.2084922851510775,0.7327647763549665,0.16049280000114702,0.009852104242793413,1.0,0.5,8.0,0.0822225950468663,4.0,0.9982694871723652,0.998991459608078,0.00195297026806084,oof,xanh
adfecgdb,r07,1,41,164.0,9,9,0,0,100.0,98.64325618515562,1.1411452394776647,3.1489279867418682,0.7568655687755043,0.20894571796293784,0.008085560221710511,1.0,0.8888888888888888,9.0,0.09667900849316971,3.0,0.9980998535950979,0.9989461302757263,0.001065674428649097,oof,xanh
adfecgdb,r07,1,42,168.0,8,8,0,0,100.0,98.64325618515562,1.0960288777609,3.944559934171595,0.7365833440118155,0.17863750809332854,0.008377512974922398,1.0,0.2,8.0,0.06388853895622149,4.0,0.9859337024390697,0.999321699142456,0.0018501222085699537,oof,xanh
adfecgdb,r07,1,43,172.0,9,9,0,0,100.0,98.64325618515562,0.8164985217170216,20.427435100146635,0.7453020129049537,0.15037302373651396,0.006608463490354675,1.0,0.0,9.0,0.12610929589996758,5.0,0.9950388305717044,0.9990022480487823,0.001348869441374131,oof,xanh
adfecgdb,r07,1,44,176.0,8,8,0,0,100.0,98.64325618515562,0.8962021211966134,5.2975659575205825,0.7127362523095573,0.07870142661625912,0.008238053781523305,1.0,0.3333333333333333,8.0,0.020981666145018733,4.0,0.9980983212590218,0.9988628625869751,0.0007456830471859443,oof,xanh
adfecgdb,r07,1,45,180.0,8,8,0,0,100.0,98.64325618515562,1.2793444087660337,3.708113121066689,0.7667544414627908,0.16219690622199032,0.007556219020697182,1.0,0.8571428571428571,8.0,0.16671014200071296,3.0,0.9919952750205994,0.9988783895969391,0.008102522018597447,oof,xanh
adfecgdb,r07,1,46,184.0,9,9,0,0,100.0,98.64325618515562,1.2714152965517982,2.4376833093769124,0.75311300222703,0.20567900156034993,0.00408112049125317,1.0,1.0,9.0,0.11635010594447089,3.0,0.9980145461029477,0.9991635084152222,0.00041582965540616797,oof,xanh
adfecgdb,r07,1,47,188.0,8,8,0,0,100.0,98.64325618515562,1.1382030155863434,1.6035359450520188,0.6848952316473972,0.11916860556184601,0.0037871588744452147,1.0,0.75,8.0,0.07937898251048403,4.0,0.9975726455450058,0.9989099502563477,0.0017413379783673235,oof,xanh
adfecgdb,r07,1,48,192.0,9,9,0,0,100.0,98.64325618515562,0.6816197927771233,34.02378048895712,0.6233939049859037,0.09607396028152831,0.0055935545688350664,1.0,0.0,9.0,0.04828465597689948,5.0,0.9951280289226108,0.9986035525798798,0.0009623135775029647,oof,xanh
adfecgdb,r07,1,49,196.0,8,8,0,0,100.0,98.64325618515562,1.16435799856577,3.659763268350246,0.7463755994538271,0.22745395560207043,0.0063523440841753535,1.0,0.7142857142857143,8.0,0.06404265099728088,3.0,0.9983211308717728,0.999160885810852,0.0011482365233009145,oof,xanh
adfecgdb,r07,1,50,200.0,8,8,0,0,100.0,98.64325618515562,0.6162676989471862,38.64183885856369,0.7151415251433668,0.22455548149789262,0.005330316990453225,1.0,0.2222222222222222,8.0,0.15082295055325792,4.0,0.9980453737080097,0.9989375472068787,0.0001318201926874537,oof,xanh
adfecgdb,r07,1,51,204.0,9,9,0,0,100.0,98.64325618515562,1.2112107675933912,2.058134818793393,0.7704825243338641,0.17293731007245813,0.006953091803665514,1.0,1.0,9.0,0.11823991595827096,3.0,0.9971416360802121,0.9990531802177429,0.0015690255263258379,oof,xanh
adfecgdb,r07,1,52,208.0,8,8,0,0,100.0,98.64325618515562,0.6970894081194838,43.24112117196532,0.7440151671805236,0.15984547534500912,0.00456856823780943,1.0,0.0,8.0,0.09439367229781603,4.0,0.9953579753637314,0.9993144273757935,0.001008175373571221,oof,xanh
adfecgdb,r07,1,53,212.0,9,9,0,0,100.0,98.64325618515562,1.2061991503290188,2.468513159412101,0.777072505910717,0.17354164392683108,0.013456500681538907,1.0,0.6666666666666666,9.0,0.11131070351009557,3.0,0.996701611412896,0.9987609386444092,0.037306640504160354,oof,xanh
adfecgdb,r07,1,54,216.0,8,8,0,0,100.0,98.64325618515562,0.6929820959537099,43.57130764164267,0.6179470066349263,0.22942103673496905,0.016125801904944587,1.0,0.0,8.0,0.058264759477849086,4.0,0.9823604002594948,0.9986826777458191,0.0011395504853908612,oof,xanh
adfecgdb,r07,1,55,220.0,9,9,0,0,100.0,98.64325618515562,1.220984767217213,2.013928101507944,0.7518885321186616,0.23293165974091096,0.008293891257238445,1.0,0.6666666666666666,9.0,0.08375620456014829,3.0,0.9934175411860148,0.9985754489898682,0.010306520030369042,oof,xanh
adfecgdb,r07,1,56,224.0,8,8,0,0,100.0,98.64325618515562,1.2706867572515113,1.4705911988407818,0.7780332428670762,0.27400903143894056,0.016183845434222428,1.0,0.5,8.0,0.0524291604783262,3.0,0.9775321707129478,0.9983225464820862,0.04131099161653051,oof,xanh
adfecgdb,r07,1,57,228.0,8,7,1,1,87.5,98.64325618515562,1.3723028301687,1.343934832446835,0.7758427686715699,0.25648673091825097,0.04781574353390484,1.0,0.6153846153846154,8.0,0.028825032145530574,3.0,0.9568659253418446,0.9975134432315826,0.04029398680123298,oof,xanh
adfecgdb,r07,1,58,232.0,8,8,0,0,100.0,98.64325618515562,0.8495194520632352,30.341781048659556,0.6573947037919308,0.1913393299342936,0.0358767716181554,1.0,0.0,8.0,0.06319791996499924,4.0,0.9914906471967697,0.9979780316352844,0.001706172716909407,oof,xanh
adfecgdb,r07,1,59,236.0,8,8,0,0,100.0,98.64325618515562,1.0714104316421464,8.938200974604747,0.7648801436677451,0.24701007499005315,0.04143585145921034,1.0,0.36363636363636365,8.0,0.1200568751784746,4.0,0.991205494850874,0.9986228942871094,0.04868585679351975,oof,xanh
adfecgdb,r07,1,60,240.0,8,8,0,0,100.0,98.64325618515562,1.2655829165514072,2.759321444371234,0.7668141427113999,0.2161715289547542,0.018633115606925835,1.0,0.75,8.0,0.07660975711969885,3.0,0.9866005666553974,0.998813271522522,0.029022891101722497,oof,xanh
adfecgdb,r07,1,61,244.0,8,8,0,0,100.0,98.64325618515562,1.2243484564927487,3.961237883153724,0.7520659168410238,0.23008261027180274,0.012041433388840932,1.0,0.75,8.0,0.06413763906748518,3.0,0.9976515397429466,0.9982404708862305,0.003365296846557916,oof,xanh
adfecgdb,r07,1,62,248.0,8,8,0,0,100.0,98.64325618515562,1.1522748091779393,3.9161512425133296,0.7402709791765896,0.24590578439936114,0.01605447437850027,1.0,0.6666666666666666,8.0,0.14546075232696404,4.0,0.9946135431528091,0.9986382126808167,0.061012889753467296,oof,vang
adfecgdb,r07,1,63,252.0,8,8,0,0,100.0,98.64325618515562,1.157378494025985,2.6567677087642476,0.7490496882626079,0.16033462648579289,0.008103161672820275,1.0,1.0,8.0,0.23627410551405933,3.0,0.9978509172797203,0.9987984597682953,0.0009775154801372297,oof,xanh
adfecgdb,r07,1,64,256.0,8,8,0,0,100.0,98.64325618515562,1.176706715205722,4.642127421602284,0.7388541099353506,0.18823367038612906,0.007235227703000376,1.0,0.875,8.0,0.197578882064958,3.0,0.9976318888366222,0.9988149404525757,0.00233543290783237,oof,xanh
adfecgdb,r07,1,65,260.0,8,8,0,0,100.0,98.64325618515562,0.8050691945283953,50.65663737013198,0.7372296998385215,0.08846371091946745,0.023016803797309134,1.0,0.18181818181818182,8.0,0.08903472416519913,4.0,0.9958016946911812,0.9985257983207703,0.002986341069087619,oof,xanh
adfecgdb,r07,1,66,264.0,9,9,0,0,100.0,98.64325618515562,0.7757702188101934,61.8102442278914,0.7423053805305746,0.21690734148851784,0.013960525550506475,1.0,0.46153846153846156,9.0,0.07045756848569518,4.0,0.9929274287488725,0.9990278482437134,0.0035210634928219678,oof,xanh
adfecgdb,r07,1,67,268.0,8,8,0,0,100.0,98.64325618515562,1.1510693888314767,2.7101876714502646,0.7271476318121157,0.23465064355617082,0.006041492314670873,1.0,0.875,8.0,0.19676506901744634,4.0,0.9985695369541645,0.9992625415325165,0.0011635443268573258,oof,xanh
adfecgdb,r07,1,68,272.0,8,8,0,0,100.0,98.64325618515562,1.251514207911451,2.878180795117898,0.7469082084083527,0.14010134473138564,0.007493548957729444,1.0,1.0,8.0,0.15479650745468385,3.0,0.9973381273448467,0.9990936815738678,0.005701349549367655,oof,xanh
adfecgdb,r07,1,69,276.0,9,9,0,0,100.0,98.64325618515562,1.0207659254238874,5.542769983091503,0.6983532291845225,0.07760140914053498,0.012290093261127268,1.0,0.16666666666666666,9.0,0.17449459444524099,4.0,0.9960011078251733,0.9989690780639648,0.011215129713462375,oof,xanh
adfecgdb,r07,1,70,280.0,8,8,0,0,100.0,98.64325618515562,1.130226866810815,2.7742322774273145,0.7418857796953835,0.09028738467967523,0.006247346661296639,1.0,0.875,8.0,0.14986104249983795,3.0,0.9972745589911938,0.9993878602981567,0.044818250735683664,oof,xanh
adfecgdb,r07,1,71,284.0,8,8,0,0,100.0,98.64325618515562,1.1310283059123722,4.449876820685793,0.7271842182819744,0.17841155744746315,0.010584937171574728,1.0,0.8,8.0,0.11416121682954798,3.0,0.9981869198381901,0.9992926120758057,0.007437900057090985,oof,xanh
adfecgdb,r07,1,72,288.0,8,8,0,0,100.0,98.64325618515562,0.6106557777078687,39.046570719790594,0.5962698816661399,0.17217029991913946,0.009307337912524269,1.0,0.0,8.0,0.06430938269728863,4.0,0.9987839832901955,0.9992325305938721,0.0001443187886965436,oof,xanh
adfecgdb,r07,1,73,292.0,9,9,0,0,100.0,98.64325618515562,1.062277683235158,3.652641439025051,0.7471974823928013,0.11297408947216213,0.007247074508641236,1.0,1.0,9.0,0.10396272234409021,3.0,0.9967151317331526,0.9988248944282532,0.005273804469212446,oof,xanh
adfecgdb,r07,1,74,296.0,8,8,0,0,100.0,98.64325618515562,0.5649586788274531,41.78313789632789,0.6124194531554152,0.04603560774440169,0.006991549034572027,1.0,0.2222222222222222,8.0,0.07552495794219495,4.0,0.9984456785023212,0.999169111251831,5.51256271596051e-05,oof,xanh
adfecgdb,r07,2,0,0.0,9,9,0,0,100.0,100.0,0.4600363101561118,30.079134675425927,0.6493338859972223,0.4057167339069019,0.007008355642828174,1.0,0.0,8.0,0.22279568162189092,4.0,0.9983670823276043,0.999117910861969,5.6653131638689344e-05,oof,xanh
adfecgdb,r07,2,1,4.0,8,8,0,0,100.0,100.0,0.5896024277102505,7.414257804181158,0.7164145719383779,0.1897660247389352,0.006622479319602452,1.0,0.9411764705882353,9.0,0.15883230264459194,3.0,0.9983120494418674,0.9989827573299408,0.00022144791359363585,oof,xanh
adfecgdb,r07,2,2,8.0,8,8,0,0,100.0,100.0,0.682225465877344,5.200961760376899,0.7086331560783871,0.050054075770746456,0.0029618981170229717,1.0,1.0,8.0,0.13108094126715705,3.0,0.998386312276125,0.9988290667533875,0.0002575034852044734,oof,xanh
adfecgdb,r07,2,3,12.0,9,9,0,0,100.0,100.0,0.6616967520212489,5.959504753305227,0.7197786777863461,0.16901083257319102,0.005118283375989805,1.0,1.0,9.0,0.14374808271210912,3.0,0.9980252087116241,0.9986476302146912,0.00018737241062244904,oof,xanh
adfecgdb,r07,2,4,16.0,9,9,0,0,100.0,100.0,0.5053524265663805,24.65085471978522,0.6485253938403008,0.08274987870968203,0.00566542036629318,1.0,0.0,9.0,0.10121575511975145,4.0,0.9983409212695228,0.9989714622497559,0.00018600382870166934,oof,xanh
adfecgdb,r07,2,5,20.0,8,8,0,0,100.0,100.0,0.6889251580181179,7.951244794760601,0.7221033472341345,0.35647552458680587,0.0063523440841753535,1.0,0.9411764705882353,8.0,0.17155702922452112,3.0,0.9981506206095219,0.9990125894546509,0.0003408897262288342,oof,xanh
adfecgdb,r07,2,6,24.0,8,8,0,0,100.0,100.0,0.4915184604094686,27.849235747692212,0.6263551685144233,0.4438500599541707,0.005967088289349423,1.0,0.2222222222222222,8.0,0.11273554415975463,4.0,0.9981256909668446,0.9988457560539246,0.0002266258800142192,oof,xanh
adfecgdb,r07,2,7,28.0,9,9,0,0,100.0,100.0,0.6229579250427182,7.61943716923853,0.7204158426379565,0.28129384243362326,0.004124582903300445,1.0,0.9411764705882353,9.0,0.18976378041104647,3.0,0.9982652597957187,0.9985727071762085,0.000528387755489578,oof,xanh
adfecgdb,r07,2,8,32.0,8,8,0,0,100.0,100.0,0.5688077898898957,7.964203363756402,0.7002386295944928,0.47046513561118003,0.007067820478585327,1.0,1.0,8.0,0.19728465127040756,3.0,0.9983077980577946,0.9990190267562866,0.0021067743319140475,oof,xanh
adfecgdb,r07,2,9,36.0,9,9,0,0,100.0,100.0,0.548425868605143,11.270242598077498,0.7153824125281695,0.4884976130577345,0.006552988455808288,1.0,1.0,9.0,0.17538869369682752,3.0,0.9967348873615265,0.9989604353904724,0.00031501567423917196,oof,xanh
adfecgdb,r07,2,10,40.0,8,8,0,0,100.0,100.0,0.7184405024462162,3.838610809095183,0.7173185571475508,0.006997880068453995,0.004529851557828077,1.0,0.875,8.0,0.11268687100532267,4.0,0.9977658875286579,0.9990480542182922,0.00010218763589714687,oof,xanh
adfecgdb,r07,2,11,44.0,9,9,0,0,100.0,100.0,0.4557801617238494,35.5118931157933,0.7203367953712271,0.278514251382309,0.007370428968362475,1.0,0.2,9.0,0.15977091591859105,4.0,0.9975869655609131,0.9985614120960236,0.00013887085100672375,oof,xanh
adfecgdb,r07,2,12,48.0,8,8,0,0,100.0,100.0,0.6535629293636495,7.580092633931137,0.716622230803991,0.44907093452824887,0.0058670413000671785,1.0,1.0,8.0,0.1682238322540168,3.0,0.9984319061040878,0.9989803731441498,0.0005697053395938639,oof,xanh
adfecgdb,r07,2,13,52.0,9,9,0,0,100.0,100.0,0.426603359376998,25.619857921938017,0.6600948848051187,0.3659102038506011,0.005032352070621888,1.0,0.0,9.0,0.04898585220171284,4.0,0.998010257879893,0.9991402626037598,0.00010742288160188229,oof,xanh
adfecgdb,r07,2,14,56.0,8,8,0,0,100.0,100.0,0.44895904899524686,28.397530978409158,0.6306538947039096,0.13974573013242444,0.00768475737584845,1.0,0.2222222222222222,8.0,0.09830548590484758,4.0,0.9979610629379749,0.9992734789848328,0.00015399287307177846,oof,xanh
adfecgdb,r07,2,15,60.0,9,9,0,0,100.0,100.0,0.7818823217339593,5.714446922652369,0.7288936188995705,0.3113651758594,0.005714365682632567,1.0,1.0,9.0,0.20021947485901928,3.0,0.9984405239423116,0.9989872574806213,0.0020564189053555726,oof,xanh
adfecgdb,r07,2,16,64.0,8,8,0,0,100.0,100.0,0.5321339310713812,31.10368017523455,0.6337192632902597,0.31420537466344306,0.006048122821673797,1.0,0.2222222222222222,8.0,0.18291131045161346,4.0,0.9977139309048653,0.998824417591095,0.00018996620000653444,oof,xanh
adfecgdb,r07,2,17,68.0,9,9,0,0,100.0,100.0,0.4498614312577716,20.50034634482422,0.622563553871609,0.3981583865322066,0.016239208769243892,1.0,0.18181818181818182,9.0,0.0938508201769688,4.0,0.9970530470212301,0.9990726709365845,0.0001749227104469267,oof,xanh
adfecgdb,r07,2,18,72.0,8,8,0,0,100.0,100.0,0.7617374745261783,5.454753159528513,0.7232365460559664,0.08174637731268088,0.008327167344063602,1.0,1.0,8.0,0.1650346464862877,3.0,0.9974204041063786,0.9988322854042053,0.0014084308639296674,oof,xanh
adfecgdb,r07,2,19,76.0,9,9,0,0,100.0,100.0,0.5680037210954288,27.093445502755678,0.74685140524897,0.35538895869934256,0.007104305285374966,1.0,0.0,9.0,0.17749667702318267,4.0,0.99653070502811,0.9988895058631897,0.0002464209960913699,oof,xanh
adfecgdb,r07,2,20,80.0,8,8,0,0,100.0,100.0,0.5081682964383089,23.045655481635723,0.637579218416862,0.18024718739392498,0.013100622030161328,1.0,0.2,8.0,0.0951970159838366,4.0,0.9956126324832439,0.9981671571731567,0.000761952996451355,oof,xanh
adfecgdb,r07,2,21,84.0,8,8,0,0,100.0,100.0,0.5808169189100044,38.96566274084134,0.6628551412589042,0.23883777263334732,0.028991879497500456,1.0,0.2222222222222222,8.0,0.15410548437077617,4.0,0.995236236602068,0.9987127780914307,0.0006950235721752146,oof,xanh
adfecgdb,r07,2,22,88.0,8,8,0,0,100.0,100.0,1.0017067620284337,5.804855019246057,0.7574108642319471,0.19476746234988596,0.02137221483866298,1.0,1.0,8.0,0.17985714339117082,3.0,0.9962664507329464,0.99949049949646,0.019513731343318953,oof,xanh
adfecgdb,r07,2,23,92.0,9,9,0,0,100.0,100.0,0.8783543741560648,5.737422822847835,0.7484131237338787,0.2553812709914574,0.008381471946332606,1.0,1.0,9.0,0.13317745013297325,3.0,0.9968763887882233,0.9982438385486603,0.0014552691408439519,oof,xanh
adfecgdb,r07,2,24,96.0,8,8,0,0,100.0,100.0,0.8662127505792707,5.7407179161429145,0.7496528060932419,0.29813839658509245,0.004209114963706372,1.0,1.0,8.0,0.13894733413385518,3.0,0.997200533747673,0.9988195300102234,0.0011378250073995943,oof,xanh
adfecgdb,r07,2,25,100.0,9,9,0,0,100.0,100.0,0.4435613471291937,20.504909383878864,0.6284561401079903,0.32738996861707764,0.005830119751642269,1.0,0.36363636363636365,9.0,0.1107564942503636,4.0,0.9959860576523675,0.998992383480072,0.0003860322560284534,oof,xanh
adfecgdb,r07,2,26,104.0,8,8,0,0,100.0,100.0,0.9015627114541985,4.285081072065678,0.7252154921358707,0.10345217115171454,0.006949883068931041,1.0,1.0,8.0,0.1173546967367339,3.0,0.9978201538324356,0.9986661672592163,0.0005221620573809861,oof,xanh
adfecgdb,r07,2,27,108.0,8,8,0,0,100.0,100.0,0.3777277565687981,26.595033404919636,0.611577859014521,0.36618929347275186,0.011017454221378849,1.0,0.4,8.0,0.08467822271718843,4.0,0.994750514626503,0.999169111251831,0.000718329908739739,oof,xanh
adfecgdb,r07,2,28,112.0,8,8,0,0,100.0,100.0,0.3942739771729665,23.688311273000362,0.5991147682312219,0.1956319243868731,0.01826958988512439,1.0,0.2,8.0,0.10275219226654296,4.0,0.9971575811505318,0.9988803267478943,0.0003833950887144786,oof,xanh
adfecgdb,r07,2,29,116.0,9,9,0,0,100.0,100.0,0.4522363294393591,31.076897409391535,0.6394393181018084,0.2909256708927331,0.010335399758556985,1.0,0.0,9.0,0.07210857264707204,4.0,0.9973472191227807,0.9987614452838898,0.00017327229867089789,oof,xanh
adfecgdb,r07,2,30,120.0,8,8,0,0,100.0,100.0,0.46455769945702724,34.248186614574315,0.6323128504469604,0.19404745102519322,0.00758868934238242,1.0,0.0,8.0,0.05769123871198678,4.0,0.9982223175466061,0.9987987875938416,8.949601849567679e-05,oof,xanh
adfecgdb,r07,2,31,124.0,8,8,0,0,100.0,100.0,0.7618284770326921,6.405305123001423,0.7373596250571928,0.23700121541161095,0.006143397004315709,1.0,1.0,8.0,0.13936961886333674,3.0,0.9982898756861687,0.9993199110031128,0.0005235107625106895,oof,xanh
adfecgdb,r07,2,32,128.0,9,9,0,0,100.0,100.0,0.6894435283836873,5.848226565738408,0.7261635271601486,0.4324822125139885,0.005967145832785256,1.0,1.0,9.0,0.16577394855861768,3.0,0.9982111917601691,0.998967170715332,0.001794206667522652,oof,xanh
adfecgdb,r07,2,33,132.0,8,8,0,0,100.0,100.0,0.7157816027984687,6.373583820853298,0.7198293882955331,0.21147796743067143,0.005895282172750957,1.0,0.875,8.0,0.1635687008092396,3.0,0.9985696263611317,0.9989287257194519,0.0006333111578827132,oof,xanh
adfecgdb,r07,2,34,136.0,9,9,0,0,100.0,100.0,0.7326320087906787,22.01146655773915,0.6557248079135675,0.05180201313061379,0.010831261008613147,1.0,0.2,9.0,0.16988778874314436,4.0,0.9965342978636423,0.9985767602920532,0.0007772062992294737,oof,xanh
adfecgdb,r07,2,35,140.0,8,8,0,0,100.0,100.0,0.5769872195833468,26.73846717077494,0.6349040594278466,0.37020339145073156,0.019715486061149964,1.0,0.0,8.0,0.0550797235665422,4.0,0.9968953989446163,0.998792290687561,0.0004843686634799339,oof,xanh
adfecgdb,r07,2,36,144.0,9,9,0,0,100.0,100.0,0.4861056913483933,24.5837852544016,0.6104280169174097,0.04916769974878699,0.010292285474961306,1.0,0.18181818181818182,9.0,0.08792458866868291,4.0,0.9971706436740028,0.9988186657428741,9.399696633732052e-05,oof,xanh
adfecgdb,r07,2,37,148.0,8,8,0,0,100.0,100.0,0.7888525673509722,6.559778734943622,0.7308886427600422,0.2831444743970128,0.006460931162537049,1.0,1.0,8.0,0.18201502669074535,3.0,0.9982951804995537,0.9988277554512024,0.002211090904581263,oof,xanh
adfecgdb,r07,2,38,152.0,9,9,0,0,100.0,100.0,0.29706997270460805,16.934709845190714,0.6032168873630862,0.3769283893333102,0.005617306392906481,1.0,0.16666666666666666,9.0,0.14164870381528774,4.0,0.9969263209236993,0.9987927675247192,6.289890932333506e-05,oof,xanh
adfecgdb,r07,2,39,156.0,8,8,0,0,100.0,100.0,0.8165159884155776,7.3234715542059465,0.7422500376410598,0.36211874604761984,0.004178650922955905,1.0,1.0,8.0,0.18699653276812128,3.0,0.9978462010622025,0.9988251328468323,0.0023012913948341307,oof,xanh
adfecgdb,r07,2,40,160.0,8,8,0,0,100.0,100.0,0.4703887757085831,27.890544490358835,0.6286820044290903,0.4335281961387341,0.009852104242793416,1.0,0.0,8.0,0.12779082291161536,4.0,0.9980200305581093,0.9983989596366882,0.0006628336262468707,oof,xanh
adfecgdb,r07,2,41,164.0,9,9,0,0,100.0,100.0,0.4900549209754046,26.64152230697939,0.7356327860728055,0.3844330632270056,0.006924060105111648,1.0,0.0,9.0,0.20542501296264074,4.0,0.997966488202413,0.9986637830734253,0.00017523228647037145,oof,xanh
adfecgdb,r07,2,42,168.0,8,8,0,0,100.0,100.0,0.7350206561388427,7.3172452960756384,0.739894814788992,0.4422735418194318,0.009059703115656187,1.0,0.875,8.0,0.15313820110118112,3.0,0.9973101988434792,0.9986861348152161,0.010037544661262457,oof,xanh
adfecgdb,r07,2,43,172.0,9,9,0,0,100.0,100.0,0.7402118653636892,6.107202499117626,0.7340351905150141,0.4450875478971223,0.002799736837099464,1.0,1.0,9.0,0.16216461461275666,3.0,0.9981092049015893,0.9987466335296631,0.0013238759655882582,oof,xanh
adfecgdb,r07,2,44,176.0,8,8,0,0,100.0,100.0,0.47031621382718736,30.395605077200443,0.7233307444154163,0.4493813024155916,0.006933355404082251,1.0,0.0,8.0,0.1551976688464493,4.0,0.9980422630906105,0.9989778101444244,0.0002547135187585722,oof,xanh
adfecgdb,r07,2,45,180.0,8,8,0,0,100.0,100.0,0.39976820229618654,37.504193333540776,0.6232827049984597,0.345742980481043,0.006092018534745673,1.0,0.2222222222222222,8.0,0.1211317545203704,4.0,0.9979316964745522,0.9990320801734924,0.00012261132562133766,oof,xanh
adfecgdb,r07,2,46,184.0,9,9,0,0,100.0,100.0,0.7583122961771324,7.473681847313225,0.7472961055016053,0.43306520669700765,0.00408112049125317,1.0,0.9411764705882353,9.0,0.1637868318706685,3.0,0.9980774720509847,0.9988083839416504,0.0025415865251071906,oof,xanh
adfecgdb,r07,2,47,188.0,8,8,0,0,100.0,100.0,0.7591140416166827,8.39563240697449,0.7303551468589469,0.47468331196150315,0.0029370380608849415,1.0,1.0,8.0,0.14030966150890758,3.0,0.998159296810627,0.999001681804657,0.0014173951745673945,oof,xanh
adfecgdb,r07,2,48,192.0,9,9,0,0,100.0,100.0,0.6811800278765628,5.802791988160102,0.7386960217227,0.42579906900892955,0.0055935545688350664,1.0,1.0,9.0,0.14637688030894228,3.0,0.9982844160662757,0.9986566305160522,0.0010406917382476746,oof,xanh
adfecgdb,r07,2,49,196.0,8,8,0,0,100.0,100.0,0.4676683113614413,34.55828789269815,0.6356549567257058,0.4600317161792345,0.0044917855783506416,1.0,0.0,8.0,0.052319816705067024,4.0,0.9981769770383835,0.9987743496894836,0.00020962920030967517,oof,xanh
adfecgdb,r07,2,50,200.0,8,8,0,0,100.0,100.0,0.7901868550784291,6.75764288960033,0.7456785094091729,0.47375145425816545,0.005330316990453225,1.0,1.0,8.0,0.18180800802560806,3.0,0.9980906508862972,0.9988455772399902,0.0019892890943584334,oof,xanh
adfecgdb,r07,2,51,204.0,9,9,0,0,100.0,100.0,0.741934573114593,7.0031104009583665,0.7501358384839556,0.3565413450472319,0.005830119751642269,1.0,1.0,9.0,0.1726869158002346,3.0,0.9978019131554497,0.9986498951911926,0.0004541971207319409,oof,xanh
adfecgdb,r07,2,52,208.0,8,8,0,0,100.0,100.0,0.5789584605364149,31.575999090595417,0.6512265210868686,0.2706925497750041,0.013705704713428357,1.0,0.2222222222222222,8.0,0.10508293952306275,4.0,0.9974653832614422,0.9988466799259186,0.0009108675110176518,oof,xanh
adfecgdb,r07,2,53,212.0,9,9,0,0,100.0,100.0,0.3840515846737591,11.60847738707599,0.5942804947735802,0.19082799730202052,0.009465595758569355,1.0,0.0,9.0,0.12592182982282257,4.0,0.9945408735010359,0.9986806511878967,0.0001258522811122065,oof,xanh
adfecgdb,r07,2,54,216.0,8,8,0,0,100.0,100.0,0.41169955261309543,12.480334673189079,0.5738620045154367,0.24900085780000714,0.025023078793498642,1.0,0.16666666666666666,8.0,0.099417606312325,5.0,0.9913997426629066,0.9986935257911682,0.00019113459052501504,oof,xanh
adfecgdb,r07,2,55,220.0,9,9,0,0,100.0,100.0,0.40144178455638047,12.25121364873595,0.5947324939674767,0.26725222810176213,0.009287559474709498,1.0,0.0,9.0,0.17057477294275386,4.0,0.9957772261566586,0.9992870390415192,5.786336608534294e-05,oof,xanh
adfecgdb,r07,2,56,224.0,8,8,0,0,100.0,100.0,0.5814763233818537,13.640706542400554,0.6079174792898773,0.2896710658757331,0.010043937893545215,1.0,0.0,8.0,0.12126248156462044,4.0,0.996501050889492,0.998917818069458,8.963750520327206e-05,oof,xanh
adfecgdb,r07,2,57,228.0,8,8,0,0,100.0,100.0,0.547326603173157,15.153004255323513,0.6135848812035728,0.2703128908433024,0.019434611533853098,1.0,0.0,8.0,0.11434093857657994,4.0,0.9908926114439964,0.9987121820449829,0.0003794132351294104,oof,xanh
adfecgdb,r07,2,58,232.0,8,8,0,0,100.0,100.0,0.5480267687744436,21.831908676265673,0.6260982658626124,0.18360520549778583,0.014719825833149368,1.0,0.0,8.0,0.06716651696746159,4.0,0.9976521767675877,0.9990731477737427,0.0002229448873621578,oof,xanh
adfecgdb,r07,2,59,236.0,8,8,0,0,100.0,100.0,0.5080849147610784,28.141614183002496,0.6351572584332729,0.28951204550242443,0.02696030444011142,1.0,0.2222222222222222,8.0,0.1201879205773236,4.0,0.9918776787817478,0.9986269474029541,0.0005765063331558683,oof,xanh
adfecgdb,r07,2,60,240.0,8,8,0,0,100.0,100.0,0.5447076062960787,30.98021496481836,0.7351149549867579,0.32677838174808627,0.028765776039941758,1.0,0.2222222222222222,8.0,0.23149516284368613,4.0,0.992860671132803,0.9989305436611176,0.0003777506532725672,oof,xanh
adfecgdb,r07,2,61,244.0,8,8,0,0,100.0,100.0,0.798654528315532,5.887585469832519,0.7296658700451033,0.3505150369970511,0.008436818861463578,1.0,1.0,8.0,0.19891316385247418,3.0,0.9975716583430767,0.9982983469963074,0.002778803101678139,oof,xanh
adfecgdb,r07,2,62,248.0,8,8,0,0,100.0,100.0,0.7570753187789825,5.231349489842817,0.7108789733154995,0.27054271220380643,0.010004778422798274,1.0,1.0,8.0,0.19466856720570686,3.0,0.9977793097496033,0.9985994696617126,0.0054085401359844545,oof,xanh
adfecgdb,r07,2,63,252.0,8,8,0,0,100.0,100.0,0.5547278968142589,29.680622847571627,0.6349728936887677,0.3026621722157825,0.008103161672820275,1.0,0.2222222222222222,8.0,0.13751097145746868,4.0,0.9957101494073868,0.9986333847045898,0.00021894764336356548,oof,xanh
adfecgdb,r07,2,64,256.0,8,8,0,0,100.0,100.0,0.43726735181514026,41.97208357401904,0.6154495889285696,0.3179298993505409,0.004070624694630593,1.0,0.2222222222222222,8.0,0.10466401614496304,4.0,0.9975620657205582,0.9986230134963989,0.00012916949348091143,oof,xanh
adfecgdb,r07,2,65,260.0,8,8,0,0,100.0,100.0,0.7665960003596979,5.0493045912088625,0.7349830995692656,0.14109799113915225,0.009457553439603514,1.0,1.0,8.0,0.17468096974826494,3.0,0.9980578757822514,0.9986563920974731,0.0018623389011851804,oof,xanh
adfecgdb,r07,2,66,264.0,9,9,0,0,100.0,100.0,0.34255915675433013,27.65710862051732,0.5986114854575375,0.2532960569538327,0.004132231404950144,1.0,0.18181818181818182,9.0,0.10176918448820882,4.0,0.9888296723365784,0.9990569949150085,0.00021986400346837238,oof,xanh
adfecgdb,r07,2,67,268.0,8,8,0,0,100.0,100.0,0.7489741268270802,8.018267954607687,0.7328835520368231,0.3862499379568144,0.006041492314670873,1.0,1.0,8.0,0.21230468037207398,3.0,0.9985496439039707,0.9989978671073914,0.00046550147188560443,oof,xanh
adfecgdb,r07,2,68,272.0,8,8,0,0,100.0,100.0,0.39737759672585493,44.266762604321414,0.6269764702053724,0.28236922794720526,0.007493548957729444,1.0,0.2222222222222222,8.0,0.09564035664855446,4.0,0.9979778341948986,0.9989444613456726,0.00012650445602238743,oof,xanh
adfecgdb,r07,2,69,276.0,9,9,0,0,100.0,100.0,0.7157743870359048,6.816646274360643,0.7299561605548879,0.48519670061583203,0.009134834961251108,1.0,0.9411764705882353,9.0,0.16184613511441084,3.0,0.9979043669170804,0.9988327622413635,0.0011654559299181376,oof,xanh
adfecgdb,r07,2,70,280.0,8,8,0,0,100.0,100.0,0.6916239510194239,7.190698236834091,0.729064979403877,0.20690312396667385,0.004417541188625991,1.0,0.9411764705882353,8.0,0.2326272349060112,3.0,0.9982513338327408,0.9989442229270935,0.0004389265205865044,oof,xanh
adfecgdb,r07,2,71,284.0,8,8,0,0,100.0,100.0,0.6287051168804545,6.638405915048116,0.7156468865773884,0.40235222938851767,0.0041043857999177435,1.0,1.0,8.0,0.18301305686170155,3.0,0.9985998347401619,0.9990291595458984,0.0006071457626501732,oof,xanh
adfecgdb,r07,2,72,288.0,8,8,0,0,100.0,100.0,0.6442685880435433,7.003697931832649,0.7205436672608733,0.34034221379958174,0.009307337912524269,1.0,1.0,8.0,0.14805846640787945,3.0,0.9981808178126812,0.9990491271018982,0.0004975780787046255,oof,xanh
adfecgdb,r07,2,73,292.0,9,9,0,0,100.0,100.0,0.6733302238646224,8.24956248399885,0.7389813009463874,0.28036160154723977,0.004055479943664199,1.0,1.0,9.0,0.17258324244027348,3.0,0.9982412490579817,0.998859167098999,0.00021144706604599143,oof,xanh
adfecgdb,r07,2,74,296.0,8,8,0,0,100.0,100.0,0.708955958197371,8.912524082141449,0.7098016473289148,0.09763899915426545,0.0029370380608849415,1.0,1.0,8.0,0.17399842890285264,3.0,0.9980782195925713,0.9987726807594299,0.0004735545409801809,oof,xanh
adfecgdb,r07,3,0,0.0,9,9,0,0,100.0,100.0,0.6736619219161298,26.692905216098577,0.700218094666021,0.2786561985092153,0.011667099536476794,1.0,0.0,8.0,0.13242399543956843,4.0,0.9978265501558781,0.9988579750061035,0.0003360220932496513,oof,xanh
adfecgdb,r07,3,1,4.0,8,8,0,0,100.0,100.0,0.3869626216660853,12.066561806678516,0.6343010042498234,0.0789280823632372,0.007041666221546361,1.0,0.0,9.0,0.12434907204822788,4.0,0.9980520473586189,0.9987534284591675,4.862083207764353e-05,oof,xanh
adfecgdb,r07,3,2,8.0,8,8,0,0,100.0,100.0,0.5853288457407078,18.960807052143807,0.6512716902594547,0.017836406409795467,0.005407661372418496,1.0,0.0,8.0,0.06845990805358675,4.0,0.9980700872838497,0.9988263249397278,9.256495093234626e-06,oof,xanh
adfecgdb,r07,3,3,12.0,9,9,0,0,100.0,100.0,0.4098919239065984,13.415915094788772,0.6448852412700206,0.09760864892387715,0.0,1.0,0.15384615384615385,9.0,0.08803872238226988,4.0,0.9968204994996389,0.9986540079116821,5.221779072246348e-05,oof,xanh
adfecgdb,r07,3,4,16.0,9,9,0,0,100.0,100.0,0.6627491684441512,20.390748762390917,0.6819379522766972,0.034239807026119534,0.00566542036629318,1.0,0.0,9.0,0.12155113348511902,4.0,0.9983706308735741,0.998871386051178,8.084838761147118e-05,oof,xanh
adfecgdb,r07,3,5,20.0,8,8,0,0,100.0,100.0,0.5080922302135455,21.31336390036662,0.6980380436630595,0.2632784657857256,0.0044917855783506416,1.0,0.0,8.0,0.08996525760503549,4.0,0.9977481514215469,0.9987768530845642,0.00010203996703993572,oof,xanh
adfecgdb,r07,3,6,24.0,8,8,0,0,100.0,100.0,0.3747489195481465,12.384812959116017,0.6315654939559616,0.3462228469692347,0.014204511315061778,1.0,0.0,8.0,0.18533511176181441,4.0,0.9952182322740555,0.9990589618682861,0.0010655209385701876,oof,xanh
adfecgdb,r07,3,7,28.0,9,9,0,0,100.0,100.0,0.5039986610267406,13.783731480769063,0.6559719102347948,0.10660482955047429,0.03430747977992083,1.0,0.16666666666666666,9.0,0.12305746399894683,4.0,0.9951638513141208,0.9990352392196655,0.0002596164593969327,oof,xanh
adfecgdb,r07,3,8,32.0,8,8,0,0,100.0,100.0,0.32674325249842345,10.256498584958726,0.6386712645227904,0.32518948023244565,0.005420770854533407,1.0,0.0,8.0,0.12412002749958366,4.0,0.9983440190553665,0.9991015195846558,2.9597798445592267e-05,oof,xanh
adfecgdb,r07,3,9,36.0,9,9,0,0,100.0,100.0,0.4090451603067052,23.187996018730388,0.673130885066643,0.41534139629279265,0.012217613079492954,1.0,0.3333333333333333,9.0,0.1341286619089558,4.0,0.995489733086692,0.9988092184066772,0.0013229716439961423,oof,xanh
adfecgdb,r07,3,10,40.0,8,8,0,0,100.0,100.0,0.7092395177666376,8.227375907015062,0.7411505889365443,0.0043190098531499434,0.006406177508617361,1.0,0.16666666666666666,8.0,0.05113404674174802,3.0,0.9974036812782288,0.998703122138977,0.00010826279777918646,oof,xanh
adfecgdb,r07,3,11,44.0,9,9,0,0,100.0,100.0,0.43761675588746396,11.788758885347859,0.6335240714698647,0.175024857915987,0.011258516217272132,1.0,0.0,9.0,0.1387296738671896,4.0,0.9978945983780755,0.9990928471088409,8.70634536607702e-05,oof,xanh
adfecgdb,r07,3,12,48.0,8,8,0,0,100.0,100.0,0.5333005591583876,19.29906548734891,0.6889007046681522,0.29799986393969463,0.009863889056480907,1.0,0.2,8.0,0.10484113131221333,4.0,0.9975603967905045,0.9987800717353821,0.00022237642496691443,oof,xanh
adfecgdb,r07,3,13,52.0,9,9,0,0,100.0,100.0,0.48622449457471323,17.243910107632715,0.6608340942739757,0.3184395375538653,0.005032352070621888,1.0,0.0,9.0,0.06927568560927158,4.0,0.997909254497952,0.9989227652549744,3.165715229778706e-05,oof,xanh
adfecgdb,r07,3,14,56.0,8,8,0,0,100.0,100.0,0.6004547775351932,27.15042958420391,0.6749289058644348,0.06066214274687727,0.010019697753606015,1.0,0.0,8.0,0.053660586327609935,4.0,0.9984394423663616,0.9988440275192261,0.0002545012622577645,oof,xanh
adfecgdb,r07,3,15,60.0,9,9,0,0,100.0,100.0,0.8036929945380199,6.058341720246281,0.7521548195684914,0.2951188748020519,0.005173496788891453,1.0,1.0,9.0,0.1483567846103019,3.0,0.9983077545960745,0.9988799691200256,0.00020943120075926592,oof,xanh
adfecgdb,r07,3,16,64.0,8,8,0,0,100.0,100.0,0.8545923844557739,7.4777402479218225,0.7685066469364261,0.3268376238435037,0.006048122821673797,1.0,1.0,8.0,0.13635972766061427,3.0,0.9977421127259731,0.9987534284591675,0.0001976585732052991,oof,xanh
adfecgdb,r07,3,17,68.0,9,9,0,0,100.0,100.0,0.5307796062648358,17.081515329715113,0.6983066208224273,0.4170680315120116,0.01229518522602924,1.0,0.18181818181818182,9.0,0.1741379251763753,4.0,0.997173031171163,0.999038815498352,0.00011853163446434289,oof,xanh
adfecgdb,r07,3,18,72.0,8,8,0,0,100.0,100.0,0.9185220455555906,6.104350937039886,0.7734058366424551,0.05227096061441036,0.008327167344063602,1.0,0.875,8.0,0.1159456662824301,3.0,0.9965149387717247,0.9985036849975586,0.0006449695092200093,oof,xanh
adfecgdb,r07,3,19,76.0,9,9,0,0,100.0,100.0,0.7096869667752835,20.64828305506621,0.6826542884144072,0.32708935852351495,0.007104305285374966,1.0,0.0,9.0,0.15339487383344272,4.0,0.9979897207683988,0.9988346695899963,0.00014323270955556212,oof,xanh
adfecgdb,r07,3,20,80.0,8,8,0,0,100.0,100.0,0.8630738692643815,5.790214119846638,0.7546471927492698,0.14442384605711545,0.04289079259362921,1.0,0.875,8.0,0.14316702819388344,3.0,0.9950696006417274,0.9986754059791565,0.011012751720445984,oof,xanh
adfecgdb,r07,3,21,84.0,8,8,0,0,100.0,100.0,0.6759374333769033,27.010741370905375,0.6985013000592258,0.24461405579033402,0.013513214124758937,1.0,0.2222222222222222,8.0,0.15736055050902242,4.0,0.9928651861846447,0.9987039864063263,0.0006855010653678185,oof,xanh
adfecgdb,r07,3,22,88.0,8,8,0,0,100.0,100.0,0.96076552466228,4.745938163308797,0.7598110508375896,0.10778458295429097,0.010673355501170037,1.0,1.0,8.0,0.10555057290002683,3.0,0.9977963380515575,0.99899822473526,0.0009606914346675792,oof,xanh
adfecgdb,r07,3,23,92.0,9,9,0,0,100.0,100.0,0.9912423537798871,4.869131097586924,0.78098118156869,0.23293239311982533,0.012658227848074535,1.0,1.0,9.0,0.099991135512903,3.0,0.9976754983266195,0.9989587068557739,0.0009996666989385034,oof,xanh
adfecgdb,r07,3,24,96.0,8,8,0,0,100.0,100.0,0.4140499720154517,13.99662474903624,0.6449080553609376,0.26204842403336487,0.005945363453344557,1.0,0.16666666666666666,8.0,0.0933893575325514,4.0,0.9973409064114094,0.9986005425453186,3.106756433532311e-05,oof,xanh
adfecgdb,r07,3,25,100.0,9,9,0,0,100.0,100.0,0.49353007189682746,12.67709779559323,0.6449522928695818,0.2483106486483219,0.008293891257238445,1.0,0.16666666666666666,9.0,0.11500558315718423,4.0,0.996949295202891,0.9986615180969238,6.023421199855931e-05,oof,xanh
adfecgdb,r07,3,26,104.0,8,8,0,0,100.0,100.0,0.949982017652177,5.010520123693135,0.7647892236535528,0.04284582529240922,0.007356102628825906,1.0,1.0,8.0,0.1953518098640308,3.0,0.9973745979368687,0.9988762736320496,0.0031480937872341384,oof,xanh
adfecgdb,r07,3,27,108.0,8,8,0,0,100.0,100.0,0.5115199069924559,25.020780492120274,0.657341706539161,0.21029402893584995,0.018336048406594675,1.0,0.4,8.0,0.09030092134279803,4.0,0.9969672672450542,0.9989011287689209,0.0006886503525271296,oof,xanh
adfecgdb,r07,3,28,112.0,8,8,0,0,100.0,100.0,0.9158377680417484,7.211311218712709,0.7781854514627562,0.08058753180143198,0.02206779212172469,1.0,1.0,8.0,0.14092997668394613,3.0,0.997870184481144,0.9987459182739258,0.00020596426613399252,oof,xanh
adfecgdb,r07,3,29,116.0,9,9,0,0,100.0,100.0,0.6016568329148696,38.56136110083746,0.6551042966010061,0.21090617318391647,0.008438818565383028,1.0,0.2,9.0,0.09282170620227063,4.0,0.9977012640900083,0.9986201524734497,9.735428343713801e-05,oof,xanh
adfecgdb,r07,3,30,120.0,8,8,0,0,100.0,100.0,0.6296392870761671,24.090382925488257,0.755723126934436,0.12525594647903543,0.00758868934238242,1.0,0.0,8.0,0.13265921298966085,4.0,0.998143907636404,0.9985878467559814,0.00014950170683180515,oof,xanh
adfecgdb,r07,3,31,124.0,8,8,0,0,100.0,100.0,0.5636749410878842,19.157161782207737,0.6482668060770223,0.13056405613550282,0.007619946169064345,1.0,0.0,8.0,0.04789806317370042,4.0,0.9979709759354591,0.9992139339447021,0.00012341664875058865,oof,xanh
adfecgdb,r07,3,32,128.0,9,9,0,0,100.0,100.0,0.4455744657140601,14.226550603663277,0.6591752501268082,0.26428748897648435,0.008363808148763993,1.0,0.0,9.0,0.09368306952961039,4.0,0.9979285664028592,0.9989604949951172,2.570391833786536e-05,oof,xanh
adfecgdb,r07,3,33,132.0,8,8,0,0,100.0,100.0,0.577223216418327,20.311665085069873,0.6709972025941092,0.16414073131845472,0.00977621950014301,1.0,0.0,8.0,0.07764435352378639,4.0,0.9981494024395943,0.9990202188491821,0.00013431926573030876,oof,xanh
adfecgdb,r07,3,34,136.0,9,9,0,0,100.0,100.0,0.7637181401968199,15.238269279633368,0.6853533944463788,0.0278518473038195,0.009555846057670948,1.0,0.18181818181818182,9.0,0.06918390394190883,4.0,0.9928950832949744,0.9983530044555664,0.0002577846666766524,oof,xanh
adfecgdb,r07,3,35,140.0,8,8,0,0,100.0,100.0,0.6239881762330549,14.31857789456997,0.6672279094938739,0.25820817017515785,0.019575996155708,1.0,0.18181818181818182,8.0,0.07388365337144955,4.0,0.9970232136547565,0.998992383480072,7.186582652621243e-05,oof,xanh
adfecgdb,r07,3,36,144.0,9,9,0,0,100.0,100.0,0.5222147655595367,13.188477121751724,0.645181628748409,0.024420373658170513,0.01116350764159916,1.0,0.15384615384615385,9.0,0.08678426432498264,4.0,0.9972462852795919,0.9988031089305878,1.5264980101967573e-05,oof,xanh
adfecgdb,r07,3,37,148.0,8,8,0,0,100.0,100.0,0.629056144680492,11.5444183088178,0.6690366683182737,0.2871276145145609,0.006460931162537049,1.0,0.0,8.0,0.09436039992057088,4.0,0.997794333845377,0.999165415763855,3.520186927355032e-05,oof,xanh
adfecgdb,r07,3,38,152.0,9,9,0,0,100.0,100.0,0.5469471290803207,18.354263749808784,0.6994177444791375,0.28224461724002536,0.006622479319602452,1.0,0.0,9.0,0.05545139770928863,4.0,0.9979181521468692,0.9986121654510498,4.624807803767059e-05,oof,xanh
adfecgdb,r07,3,39,156.0,8,8,0,0,100.0,100.0,0.4427666656895912,13.487662796738558,0.6477723935899671,0.25924912615497375,0.007629137901475743,1.0,0.0,8.0,0.10424162394598345,4.0,0.9981488212943077,0.9992513358592987,3.41184481768792e-05,oof,xanh
adfecgdb,r07,3,40,160.0,8,8,0,0,100.0,100.0,0.4239628357030529,11.406465597492657,0.6403366228020999,0.3220368926679003,0.015336824520765084,1.0,0.0,8.0,0.12583217023820184,4.0,0.9970763176679611,0.9985212683677673,0.00015082343301869576,oof,xanh
adfecgdb,r07,3,41,164.0,9,9,0,0,100.0,100.0,0.40552582714299334,11.52771528254007,0.6421599833493281,0.3086358852227519,0.006924060105111648,1.0,0.0,9.0,0.14104461944718358,4.0,0.9974314173062643,0.9990033507347107,9.236695287741538e-05,oof,xanh
adfecgdb,r07,3,42,168.0,8,8,0,0,100.0,100.0,0.5437320229935425,17.032072318198217,0.6708985568528165,0.4686563860196518,0.006406177508617359,1.0,0.0,8.0,0.04555715934840926,4.0,0.9976705834269524,0.9989449381828308,6.859034077372973e-05,oof,xanh
adfecgdb,r07,3,43,172.0,9,9,0,0,100.0,100.0,0.5083376531239205,13.036284027821619,0.6743874197388926,0.3541329904208746,0.00507495399291275,1.0,0.0,9.0,0.150098670289601,4.0,0.9975990056991577,0.9988946914672852,3.657217054143642e-05,oof,xanh
adfecgdb,r07,3,44,176.0,8,8,0,0,100.0,100.0,0.5441762744347386,15.899691649072516,0.6551196487753331,0.27009109860117203,0.010365990353226178,1.0,0.0,8.0,0.08386776390738986,4.0,0.9972228333353996,0.9985623955726624,5.6780715364550984e-05,oof,xanh
adfecgdb,r07,3,45,180.0,8,8,0,0,100.0,100.0,0.31897874668328113,11.90807250209766,0.6192071270784804,0.28951548001630056,0.007565257560195604,1.0,0.3076923076923077,8.0,0.13487567086704122,4.0,0.9968086034059525,0.9989769160747528,0.0001235630271873228,oof,xanh
adfecgdb,r07,3,46,184.0,9,9,0,0,100.0,100.0,0.5326927935168075,20.947129874393354,0.683492017092277,0.4186828325745937,0.008363808148763991,1.0,0.0,9.0,0.0747578937079282,4.0,0.9980495770772299,0.9991366267204285,0.00011996951477969062,oof,xanh
adfecgdb,r07,3,47,188.0,8,8,0,0,100.0,100.0,0.612884887901147,18.59453891655507,0.6666917938887796,0.3072123763418459,0.0058670413000671785,1.0,0.2,8.0,0.06808379155318449,4.0,0.9967454709112644,0.9988601207733154,4.356666654570277e-05,oof,xanh
adfecgdb,r07,3,48,192.0,9,9,0,0,100.0,100.0,0.4122494139031835,13.081802163018498,0.6667325290230582,0.32765927185433813,0.009385632964410551,1.0,0.0,9.0,0.09593633688305102,4.0,0.9965055783589681,0.9988719820976257,0.00010056895719642388,oof,xanh
adfecgdb,r07,3,49,196.0,8,8,0,0,100.0,100.0,0.48063996083690724,16.058401654979892,0.6717794542737535,0.4847808569731078,0.0044917855783506416,1.0,0.0,8.0,0.06196718327419376,4.0,0.99810641258955,0.9987051486968994,5.432841839612169e-05,oof,xanh
adfecgdb,r07,3,50,200.0,8,8,0,0,100.0,100.0,0.5358855367029742,21.109803286371754,0.6975476314672379,0.47818717540377037,0.006949883068931041,1.0,0.0,8.0,0.06412617157839534,4.0,0.9979830831289291,0.9990466237068176,0.00017124898701707545,oof,xanh
adfecgdb,r07,3,51,204.0,9,9,0,0,100.0,100.0,0.403077902391058,10.433978978883607,0.6533291962896431,0.3799649331546601,0.010248911057648769,1.0,0.0,9.0,0.12415583415756408,4.0,0.997364901834064,0.9991044402122498,5.598624751816605e-05,oof,xanh
adfecgdb,r07,3,52,208.0,8,8,0,0,100.0,100.0,0.5653694434209892,15.824362886937283,0.6500229365403939,0.3319367820489493,0.009137136475618896,1.0,0.0,8.0,0.091063994250277,4.0,0.9934492632746696,0.9989508390426636,6.449839885237965e-05,oof,xanh
adfecgdb,r07,3,53,212.0,9,9,0,0,100.0,100.0,0.6601323267942503,24.212324901010806,0.7152282373468295,0.2103901976682277,0.002823640673488697,1.0,0.18181818181818182,9.0,0.05577860265339376,4.0,0.9976038104958005,0.9988903105258942,0.00011662416943745086,oof,xanh
adfecgdb,r07,3,54,216.0,8,8,0,0,100.0,100.0,0.4823387419052064,12.167435698546825,0.6375234814722808,0.3813547331764791,0.010631460837881355,1.0,0.46153846153846156,8.0,0.11117078722022915,4.0,0.9950606115162373,0.9985705614089966,0.0004584730335136778,oof,xanh
adfecgdb,r07,3,55,220.0,9,9,0,0,100.0,100.0,1.05914587980881,4.597756798968521,0.7955409272880339,0.44794842611202185,0.00591721155803405,1.0,0.9411764705882353,9.0,0.1550458674046752,3.0,0.9976634350087907,0.9990299344062805,0.0025690352860093277,oof,xanh
adfecgdb,r07,3,56,224.0,8,8,0,0,100.0,100.0,0.8770384080796756,23.380903380611212,0.6786428006569808,0.38692187803206873,0.0077800008384084655,1.0,0.0,8.0,0.1586687829770442,4.0,0.9976651482284069,0.9988884329795837,0.0002033480407405751,oof,xanh
adfecgdb,r07,3,57,228.0,8,8,0,0,100.0,100.0,0.8798782469054728,18.718998410019573,0.7031806569154897,0.374838373484338,0.019732776785506237,1.0,0.0,8.0,0.13519281891651383,4.0,0.9940463826060295,0.9977709054946899,0.0017759303974708887,oof,xanh
adfecgdb,r07,3,58,232.0,8,8,0,0,100.0,100.0,0.6910880929926791,20.52047122458697,0.6668917220117035,0.35728078285681525,0.012695817261109257,1.0,0.0,8.0,0.07537513914812599,4.0,0.997603252530098,0.9986787438392639,0.0002191330836856,oof,xanh
adfecgdb,r07,3,59,236.0,8,8,0,0,100.0,100.0,0.551262274929217,15.896664931401094,0.664061189056354,0.36984886598243955,0.019704480110599495,1.0,0.18181818181818182,8.0,0.09842541807355155,4.0,0.9903196133673191,0.9989942908287048,0.00020460148398289266,oof,xanh
adfecgdb,r07,3,60,240.0,8,8,0,0,100.0,100.0,0.4627210486496843,17.043240583764895,0.6551354493961056,0.33099957684619463,0.023357633061154872,1.0,0.18181818181818182,8.0,0.06563239412773982,4.0,0.9948738925158978,0.9989022314548492,0.00011492029925550692,oof,xanh
adfecgdb,r07,3,61,244.0,8,8,0,0,100.0,100.0,0.6283093857343547,25.84164456706064,0.6804385663624378,0.3141516967911037,0.010396538620113928,1.0,0.0,8.0,0.11441115916678224,4.0,0.9933093525469303,0.9987362623214722,0.0006087346838604046,oof,xanh
adfecgdb,r07,3,62,248.0,8,8,0,0,100.0,100.0,0.6771315134146421,23.08087318438442,0.6787651045209632,0.4130303323002662,0.010004778422798274,1.0,0.0,8.0,0.09141200641243187,4.0,0.9977261275053024,0.9990915060043335,0.0001857783499069046,oof,xanh
adfecgdb,r07,3,63,252.0,8,8,0,0,100.0,100.0,0.6283053797738427,23.408963736390078,0.6696826678152166,0.27434174673018347,0.006819826777582891,1.0,0.0,8.0,0.08231269006250413,4.0,0.9948378503322601,0.998914361000061,0.00019682050142243217,oof,xanh
adfecgdb,r07,3,64,256.0,8,8,0,0,100.0,100.0,0.3444034508151361,11.932620567846456,0.6257616090937074,0.21956904880566908,0.005998846486567401,1.0,0.3076923076923077,8.0,0.11044901229821866,4.0,0.9967592395842075,0.9990313053131104,0.00011975514560087163,oof,xanh
adfecgdb,r07,3,65,260.0,8,8,0,0,100.0,100.0,0.7360208586683455,21.727062645560107,0.7736938404926418,0.09702890819918074,0.010412423643749646,1.0,0.9411764705882353,8.0,0.20898965811073172,4.0,0.9981214143335819,0.998636782169342,0.00024104190197549104,oof,xanh
adfecgdb,r07,3,66,264.0,9,9,0,0,100.0,100.0,0.4859591576351879,19.805681749310015,0.681484289788403,0.3068874005268719,0.006866717992440034,1.0,0.0,9.0,0.09842817121349734,4.0,0.9940059549278684,0.9986912608146667,0.0002754853066671877,oof,xanh
adfecgdb,r07,3,67,268.0,8,8,0,0,100.0,100.0,0.5319225996317235,20.635546967556692,0.6828797724038104,0.37927779879236984,0.007493548957729444,1.0,0.2,8.0,0.11680257194309945,4.0,0.9979135058820248,0.9986708462238312,0.00011851072136725077,oof,xanh
adfecgdb,r07,3,68,272.0,8,8,0,0,100.0,100.0,0.8078980732019033,7.067478428665696,0.7448269352018086,0.20363807585216886,0.007493548957729444,1.0,1.0,8.0,0.14827739380970967,4.0,0.9986126869916916,0.999224841594696,0.0005091635526689123,oof,xanh
adfecgdb,r07,3,69,276.0,9,9,0,0,100.0,100.0,0.7102214005387145,20.31177454598349,0.7156756089932417,0.25855591617385043,0.007045893731127398,1.0,0.2,9.0,0.13629362196792533,4.0,0.9964230888419681,0.9988845884799957,0.0003055406411563131,oof,xanh
adfecgdb,r07,3,70,280.0,8,8,0,0,100.0,100.0,0.4353368099950842,15.871753551267101,0.6382143601945637,0.17726034404988084,0.005286212712754531,1.0,0.0,8.0,0.12069099410194503,4.0,0.998147614300251,0.9989281594753265,4.5158556025027795e-05,oof,xanh
adfecgdb,r07,3,71,284.0,8,8,0,0,100.0,100.0,0.3304527102343743,10.241486644164965,0.6369174479118932,0.29622603425409666,0.0041043857999177435,1.0,0.0,8.0,0.11239550731300982,4.0,0.9983990341424942,0.9991299510002136,2.9597798445592267e-05,oof,xanh
adfecgdb,r07,3,72,288.0,8,8,0,0,100.0,100.0,0.5273365284179242,19.83829945794869,0.661159499808176,0.2633892433924667,0.009307337912524269,1.0,0.0,8.0,0.09203389079464463,4.0,0.9982821717858315,0.9989981055259705,0.00013431926573030876,oof,xanh
adfecgdb,r07,3,73,292.0,9,9,0,0,100.0,100.0,0.3850614256431458,12.913473165591714,0.6377243387370377,0.1612286115698867,0.009307009861043932,1.0,0.15384615384615385,9.0,0.11821237654217101,4.0,0.9971599777539571,0.9989429116249084,4.209051478313158e-05,oof,xanh
adfecgdb,r07,3,74,296.0,8,8,0,0,100.0,100.0,0.4680394775393812,15.604230239354052,0.6342878321767884,0.04875044958243111,0.011375099496984675,1.0,0.0,8.0,0.15539690220611393,4.0,0.9983211643993855,0.9993584156036377,7.575668936148224e-05,oof,xanh
adfecgdb,r07,4,0,0.0,9,9,0,0,100.0,100.0,0.6626722655699286,6.1977941520787105,0.7175586404149655,0.3838374980727444,0.007008355642828174,1.0,0.8235294117647058,8.0,0.201316857969345,3.0,0.9985125102102757,0.9989363551139832,0.00041479453272173013,oof,xanh
adfecgdb,r07,4,1,4.0,8,8,0,0,100.0,100.0,0.555798858329952,7.609960199564641,0.7015316344405768,0.2163684501325243,0.00561730639290648,1.0,0.75,9.0,0.17665075255446872,3.0,0.9984905885325538,0.9990781545639038,0.00024812036198652095,oof,xanh
adfecgdb,r07,4,2,8.0,8,8,0,0,100.0,100.0,0.5886334928047205,5.97192320180214,0.7028233105424939,0.07105118354959049,0.0029618981170229717,1.0,0.875,8.0,0.08488575555486597,3.0,0.9984890185296535,0.9992918968200684,0.00033652609193055456,oof,xanh
adfecgdb,r07,4,3,12.0,9,9,0,0,100.0,100.0,0.6387201767196005,6.924602470218929,0.7069405342571345,0.24610029722943882,0.0,1.0,0.8888888888888888,9.0,0.11408576800740947,3.0,0.9978965322176615,0.9990455508232117,0.0003656648077359129,oof,xanh
adfecgdb,r07,4,4,16.0,9,9,0,0,100.0,100.0,0.6285471207886801,9.644568052686981,0.7204620867838905,0.12871062341530806,0.005129231575724535,1.0,0.9411764705882353,9.0,0.10295909587045943,3.0,0.998344384961658,0.9988033771514893,0.00020789448116993953,oof,xanh
adfecgdb,r07,4,5,20.0,8,8,0,0,100.0,100.0,0.6357105333536281,9.424636554868865,0.7112956192731151,0.34345383231043547,0.0077800008384084655,1.0,1.0,8.0,0.20679728374115533,3.0,0.997846707701683,0.998853325843811,0.00015307305461056506,oof,xanh
adfecgdb,r07,4,6,24.0,8,8,0,0,100.0,100.0,0.6217709277219017,7.835226448830168,0.7234863258743297,0.394479587846207,0.0029871826131438045,1.0,0.9411764705882353,8.0,0.21081178178523652,3.0,0.9974771179258823,0.9989280104637146,0.0009014041797548126,oof,xanh
adfecgdb,r07,4,7,28.0,9,9,0,0,100.0,100.0,0.5890678510895622,7.463154823251912,0.7034917985130646,0.2914630154410687,0.004124582903300445,1.0,0.9411764705882353,9.0,0.16431052732004037,3.0,0.9984953469700284,0.9989695847034454,0.00022518822756353898,oof,xanh
adfecgdb,r07,4,8,32.0,8,8,0,0,100.0,100.0,0.5784070312866137,7.032033737724033,0.6994232849767819,0.3831430089848485,0.004529851557828077,1.0,1.0,8.0,0.1384168652251266,3.0,0.9982105158269405,0.9989462494850159,0.00022144791359363585,oof,xanh
adfecgdb,r07,4,9,36.0,9,9,0,0,100.0,100.0,0.562958959536006,6.54769607778662,0.7018481243513754,0.35324093844512083,0.007798315969589953,1.0,0.8888888888888888,9.0,0.07459108921034381,3.0,0.9968780875205994,0.9988771677017212,0.0004898065330329468,oof,xanh
adfecgdb,r07,4,10,40.0,8,8,0,0,100.0,100.0,0.7114159758015068,3.3425968581404897,0.7330428836000967,0.011498114066302283,0.004529851557828077,1.0,0.875,8.0,0.09906201560966695,4.0,0.9980840310454369,0.9992805123329163,0.00020694793134967593,oof,xanh
adfecgdb,r07,4,11,44.0,9,9,0,0,100.0,100.0,0.6557003135472117,6.91593878679816,0.7213329542081375,0.27845447545016877,0.007285499043981328,1.0,0.8888888888888888,9.0,0.14052894784737718,3.0,0.998279568221834,0.9991231560707092,0.0003402622172973653,oof,xanh
adfecgdb,r07,4,12,48.0,8,8,0,0,100.0,100.0,0.5875948799511701,9.35933359107922,0.7062076120983277,0.37857551639867887,0.006099305638256119,1.0,1.0,8.0,0.1261555334060924,3.0,0.9979845732450485,0.9987881183624268,0.00017306169324757348,oof,xanh
adfecgdb,r07,4,13,52.0,9,9,0,0,100.0,100.0,0.5620997517024965,6.569478483855109,0.7161494079622979,0.38650641722210405,0.002776234324301197,1.0,1.0,9.0,0.1001551016729212,3.0,0.9980338248941634,0.9989128112792969,0.000178028085671848,oof,xanh
adfecgdb,r07,4,14,56.0,8,8,0,0,100.0,100.0,0.6328010504398904,8.497487540350392,0.7120343056839387,0.20369389769433588,0.00769410622910372,1.0,0.9411764705882353,8.0,0.15460786539621316,3.0,0.998322993516922,0.9991920590400696,0.0001631151280621324,oof,xanh
adfecgdb,r07,4,15,60.0,9,9,0,0,100.0,100.0,0.6399973063863829,7.863269868620515,0.717201286711968,0.3450369131945071,0.0037409304699031055,1.0,1.0,9.0,0.15926497714242244,3.0,0.9983457061979506,0.9987970292568207,0.00016813320644980592,oof,xanh
adfecgdb,r07,4,16,64.0,8,8,0,0,100.0,100.0,0.6900815483689743,8.942263976298765,0.7303188511835635,0.3844405726711943,0.018885257457710237,1.0,0.8,8.0,0.17910447763844842,3.0,0.9963319040834904,0.998687207698822,0.01635836046051787,oof,xanh
adfecgdb,r07,4,17,68.0,9,9,0,0,100.0,100.0,0.6927337353148779,7.308041913337801,0.7111737572016966,0.42567408848534277,0.008916560606516922,1.0,0.8888888888888888,9.0,0.15393671383554752,3.0,0.9979864358901978,0.9990429282188416,0.0024668548169280986,oof,xanh
adfecgdb,r07,4,18,72.0,8,8,0,0,100.0,100.0,0.6622194537743972,6.310642791232276,0.7072419829991343,0.197555100452677,0.010043937893545216,1.0,1.0,8.0,0.12955281256396514,3.0,0.997693870216608,0.99874347448349,0.0003863805619006442,oof,xanh
adfecgdb,r07,4,19,76.0,9,9,0,0,100.0,100.0,0.7005563157570942,5.911786091623624,0.7152219556039,0.4060740047293496,0.007104305285374966,1.0,1.0,9.0,0.15910217065073218,3.0,0.9978522194756402,0.9986318945884705,0.00037358075993230554,oof,xanh
adfecgdb,r07,4,20,80.0,8,8,0,0,100.0,100.0,0.6836261243306312,6.901394352097757,0.7353221432965801,0.33632318760844904,0.01578400925290721,1.0,0.8235294117647058,8.0,0.23165943438590758,3.0,0.9965933784842491,0.998992383480072,0.007230765743248357,oof,xanh
adfecgdb,r07,4,21,84.0,8,8,0,0,100.0,100.0,0.7438533769156308,6.1662626920512,0.7175033778616042,0.40207198868073923,0.031337369484795895,1.0,0.75,8.0,0.1026004942585135,3.0,0.9924909211695194,0.9985312521457672,0.014002830025898761,oof,xanh
adfecgdb,r07,4,22,88.0,8,8,0,0,100.0,100.0,0.8083166766011614,5.256225952833528,0.7297902534270202,0.32025777931617283,0.007556219020697182,1.0,0.875,8.0,0.10081815830318323,3.0,0.9960649833083153,0.9985509514808655,0.006470877805886231,oof,xanh
adfecgdb,r07,4,23,92.0,9,9,0,0,100.0,100.0,0.6826950821058746,7.800932908136643,0.7318490291465195,0.35455135098200785,0.007239339599141025,1.0,0.8235294117647058,9.0,0.1693908328920127,3.0,0.9965825113985274,0.9986490607261658,0.002257149475573404,oof,xanh
adfecgdb,r07,4,24,96.0,8,8,0,0,100.0,100.0,0.7039388074709308,7.762260475069684,0.693330883010708,0.4193655136942592,0.0074810849550435024,1.0,0.875,8.0,0.15264933585151974,3.0,0.9970992431044579,0.9989922344684601,0.00624606036682837,oof,xanh
adfecgdb,r07,4,25,100.0,9,9,0,0,100.0,100.0,0.6191765738741345,6.47352357599579,0.7269691577491166,0.4212278126327856,0.00591721155803405,1.0,0.8888888888888888,9.0,0.14275857943595302,3.0,0.9972685641712613,0.9991228580474854,0.0013221602396224826,oof,xanh
adfecgdb,r07,4,26,104.0,8,8,0,0,100.0,100.0,0.7383482358335577,5.677474890140182,0.7016783939653543,0.1360751120124429,0.007356102628825906,1.0,0.75,8.0,0.11405029100376511,3.0,0.9972188398241997,0.9988724589347839,0.0015758996439035596,oof,xanh
adfecgdb,r07,4,27,108.0,8,8,0,0,100.0,100.0,0.726651852193483,7.340131373960887,0.7226600794500684,0.3669423672164426,0.015263262645019383,1.0,1.0,8.0,0.09705410033289548,3.0,0.9946983195841312,0.9988763928413391,0.006630820544372623,oof,xanh
adfecgdb,r07,4,28,112.0,8,8,0,0,100.0,100.0,0.6189579837990214,7.918940472258299,0.7094425304181646,0.24004768617786107,0.01787039549152698,1.0,0.875,8.0,0.16127133689148992,3.0,0.9982498027384281,0.9987103939056396,0.0007210001289730232,oof,xanh
adfecgdb,r07,4,29,116.0,9,9,0,0,100.0,100.0,0.6512338451926682,9.132152170099888,0.7188681422629126,0.37132946804249295,0.008438818565383028,1.0,1.0,9.0,0.16008524779250471,3.0,0.9976708359188504,0.9989117383956909,0.00017261685535278115,oof,xanh
adfecgdb,r07,4,30,120.0,8,8,0,0,100.0,100.0,0.6848849775832421,8.21611845530396,0.7306433005142522,0.2413441943985626,0.009796955814196276,1.0,1.0,8.0,0.1783553114013445,3.0,0.9980287589132786,0.9987971484661102,0.0007459089414526579,oof,xanh
adfecgdb,r07,4,31,124.0,8,8,0,0,100.0,100.0,0.6235164877873322,6.921034279787953,0.7035342988492116,0.2871471862169642,0.006150807615901084,1.0,0.875,8.0,0.1213934500620146,3.0,0.998041145503521,0.998938798904419,0.0003656648077359129,oof,xanh
adfecgdb,r07,4,32,128.0,9,9,0,0,100.0,100.0,0.5751166027615935,6.875067245191303,0.7043879749614138,0.4181849627288504,0.005967145832785256,1.0,0.8888888888888888,9.0,0.17203608907297058,3.0,0.9980127281612821,0.9986221790313721,0.00039273289415241337,oof,xanh
adfecgdb,r07,4,33,132.0,8,8,0,0,100.0,100.0,0.682006427556256,7.995755922624497,0.7264759994559753,0.2920628128085755,0.008677620398210321,1.0,1.0,8.0,0.1958817152290503,3.0,0.9979835152626038,0.9992128610610962,0.0009079066131727391,oof,xanh
adfecgdb,r07,4,34,136.0,9,9,0,0,100.0,100.0,0.8401896649212552,6.433008359088051,0.7475247565632704,0.0900676612020407,0.008547008546990248,1.0,1.0,9.0,0.14833998171892532,3.0,0.9955155452092489,0.9985764026641846,0.004082174680194615,oof,xanh
adfecgdb,r07,4,35,140.0,8,8,0,0,100.0,100.0,0.7919930151965779,6.478625845041252,0.7293153536950906,0.3755213600147666,0.01694451128607596,1.0,1.0,8.0,0.16546653532713887,3.0,0.9936199523508549,0.9989528656005859,0.011299061241433653,oof,xanh
adfecgdb,r07,4,36,144.0,9,9,0,0,100.0,100.0,0.7989753979870442,5.9853502692256555,0.7389075625277706,0.08034918128283315,0.008381471946332606,1.0,0.9411764705882353,9.0,0.07373570369622497,3.0,0.9977502657307519,0.9991348683834076,0.0006288046626573364,oof,xanh
adfecgdb,r07,4,37,148.0,8,8,0,0,100.0,100.0,0.6748389197508259,8.693123092445125,0.7223466150004751,0.3790335040388075,0.007110916944918072,1.0,1.0,8.0,0.14690982563420066,3.0,0.9981806799769402,0.9991084933280945,0.0001631151280621324,oof,xanh
adfecgdb,r07,4,38,152.0,9,9,0,0,100.0,100.0,0.6374534788033647,6.6214001421738615,0.7194843634158816,0.3899724536176855,0.006622479319602452,1.0,1.0,9.0,0.16895371808037593,3.0,0.9983347157637278,0.9987261891365051,0.000190537290000157,oof,xanh
adfecgdb,r07,4,39,156.0,8,8,0,0,100.0,100.0,0.7505442911532026,9.416733993121454,0.727325524837737,0.3134259526996977,0.008864257211500592,1.0,1.0,8.0,0.1814011852749844,3.0,0.997849352657795,0.9990377426147461,0.0003579654488738797,oof,xanh
adfecgdb,r07,4,40,160.0,8,8,0,0,100.0,100.0,0.6662332728413624,7.60983270830951,0.7180313529456628,0.40578025872101336,0.009852104242793416,1.0,1.0,8.0,0.14389627390385085,3.0,0.9982863217592239,0.9991816580295563,0.00033343841005325256,oof,xanh
adfecgdb,r07,4,41,164.0,9,9,0,0,100.0,100.0,0.6815464704341379,8.16001018922753,0.7344218667588601,0.36113640880772013,0.006924060105111648,1.0,1.0,9.0,0.1929951680074515,3.0,0.9980260497993894,0.999194860458374,0.0010128676912015831,oof,xanh
adfecgdb,r07,4,42,168.0,8,8,0,0,100.0,100.0,0.7005505420293532,9.849101041190615,0.7303252202900792,0.3968857071493703,0.009059703115656187,1.0,0.9333333333333333,8.0,0.14346908413080678,3.0,0.9974190294742584,0.9987320303916931,0.00025993107615811283,oof,xanh
adfecgdb,r07,4,43,172.0,9,9,0,0,100.0,100.0,0.624257264398449,7.156636911801055,0.724186070239838,0.3718263140856708,0.006608463490354653,1.0,0.8888888888888888,9.0,0.16679929535417493,3.0,0.9970066779189639,0.9988318085670471,0.0008504128068203974,oof,xanh
adfecgdb,r07,4,44,176.0,8,8,0,0,100.0,100.0,0.6091762177565533,8.030898215215746,0.7095152914631803,0.3948772019512484,0.005317640850166799,1.0,0.875,8.0,0.18207284107099292,3.0,0.9982056245207787,0.9990006387233734,0.0005281528511222053,oof,xanh
adfecgdb,r07,4,45,180.0,8,8,0,0,100.0,100.0,0.7019832934022332,9.051806290383762,0.7276381040571738,0.37294982659620896,0.007565257560195604,1.0,0.6666666666666666,8.0,0.07290073448752887,3.0,0.9947751760482788,0.9989976286888123,0.002667272363853684,oof,xanh
adfecgdb,r07,4,46,184.0,9,9,0,0,100.0,100.0,0.6475466435889162,6.514457917485496,0.7205444211626111,0.4060581907221318,0.0058669803612416156,1.0,1.0,9.0,0.13293024915876292,3.0,0.9977211488617791,0.9987058639526367,0.00018737241062244904,oof,xanh
adfecgdb,r07,4,47,188.0,8,8,0,0,100.0,100.0,0.6665956236771066,8.879048540400234,0.7158932475143558,0.362115259644579,0.0029370380608849415,1.0,1.0,8.0,0.12009480537088052,3.0,0.998300351202488,0.99880051612854,0.00017306169324757348,oof,xanh
adfecgdb,r07,4,48,192.0,9,9,0,0,100.0,100.0,0.651727561626008,6.973526575187556,0.7276366786100753,0.3601371133691659,0.0055935545688350664,1.0,0.7777777777777778,9.0,0.07512445480672925,3.0,0.9985110991530948,0.9990615248680115,0.0002715211472364008,oof,xanh
adfecgdb,r07,4,49,196.0,8,8,0,0,100.0,100.0,0.7274900489824785,8.753575777584995,0.7131239385852005,0.43558830009681054,0.005375163407440117,1.0,1.0,8.0,0.15033091751082342,3.0,0.9983567520976067,0.9988430738449097,0.001119000522034138,oof,xanh
adfecgdb,r07,4,50,200.0,8,8,0,0,100.0,100.0,0.6408144157093787,7.8044529717741575,0.725138686962747,0.40197178785317056,0.005330316990453225,1.0,0.875,8.0,0.18316017917766256,3.0,0.9980141818523407,0.9989264607429504,0.0004498560107503498,oof,xanh
adfecgdb,r07,4,51,204.0,9,9,0,0,100.0,100.0,0.7125947625101464,9.145375452329105,0.7446768771916051,0.43770959217573,0.005830119751642269,1.0,1.0,9.0,0.16197764781038163,3.0,0.9983518620332082,0.9989978671073914,0.0010935290729960651,oof,xanh
adfecgdb,r07,4,52,208.0,8,8,0,0,100.0,100.0,0.7805913718514035,9.854482282244293,0.7272774961444437,0.3939252004089003,0.00456856823780943,1.0,1.0,8.0,0.1500330701988092,3.0,0.9971667155623436,0.9990044236183167,0.0001588408360884953,oof,xanh
adfecgdb,r07,4,53,212.0,9,9,0,0,100.0,100.0,0.7950545311304111,5.941008376147476,0.7270007101007807,0.3421385713365956,0.006043647702436174,1.0,0.8235294117647058,9.0,0.12569680189616272,3.0,0.9978775845633613,0.9991786181926727,0.000710785108798465,oof,xanh
adfecgdb,r07,4,54,216.0,8,8,0,0,100.0,100.0,0.8740774076055233,6.92256969066435,0.7303772219516392,0.42926395634848347,0.00962592649632632,1.0,0.7142857142857143,8.0,0.037132382882455114,3.0,0.9948109835386276,0.998049259185791,0.06643515157393232,oof,vang
adfecgdb,r07,4,55,220.0,9,9,0,0,100.0,100.0,0.8334552228849641,4.96143012343036,0.7250315157838656,0.4502576527727239,0.00591721155803405,1.0,0.7058823529411765,9.0,0.10651847621913992,3.0,0.9969897435771095,0.9990030825138092,0.007957048674774005,oof,xanh
adfecgdb,r07,4,56,224.0,8,8,0,0,100.0,100.0,0.9554180496379876,4.160225859774215,0.7369856239452316,0.45340817117703364,0.010043937893545242,1.0,1.0,8.0,0.0935712771956672,3.0,0.997602540999651,0.9986940622329712,0.013899435941642049,oof,xanh
adfecgdb,r07,4,57,228.0,8,8,0,0,100.0,100.0,0.9505018417133118,5.008529130877131,0.7345527905272866,0.4464816373370426,0.01913274072208489,1.0,0.875,8.0,0.13019293665768766,3.0,0.996001023799181,0.9985883831977844,0.3507773144865539,oof,vang
adfecgdb,r07,4,58,232.0,8,8,0,0,100.0,100.0,0.8946637984090465,5.382241603568984,0.7460339273998434,0.3945129858614625,0.012695817261109257,1.0,0.875,8.0,0.11238659463213913,3.0,0.9976455979049206,0.9991022348403931,0.004382428917977544,oof,xanh
adfecgdb,r07,4,59,236.0,8,8,0,0,100.0,100.0,0.6734590902654163,5.445527728222958,0.7061933718747011,0.41926074295844107,0.0164455457237556,1.0,0.75,8.0,0.0509660938836078,3.0,0.9913825206458569,0.9989633560180664,0.004220116483455486,oof,xanh
adfecgdb,r07,4,60,240.0,8,8,0,0,100.0,100.0,0.6963132387594406,5.960603000430119,0.7114565667927326,0.43409477499938015,0.019142746269230293,1.0,0.75,8.0,0.16203208128099128,3.0,0.9938676171004772,0.9986030757427216,0.15591921165372577,oof,vang
adfecgdb,r07,4,61,244.0,8,8,0,0,100.0,100.0,0.6221348012795173,6.263224691929391,0.6996847225628825,0.4109892599700701,0.010396538620113928,1.0,0.75,8.0,0.14729723365028466,3.0,0.9979488477110863,0.9987361431121826,0.000621648343485224,oof,xanh
adfecgdb,r07,4,62,248.0,8,8,0,0,100.0,100.0,0.636958206717154,8.090264457107471,0.6953695929632655,0.4640942439619964,0.009087291280335643,1.0,0.875,8.0,0.18208491054742337,3.0,0.9978485032916069,0.9990887641906738,0.0019251623075016127,oof,xanh
adfecgdb,r07,4,63,252.0,8,8,0,0,100.0,100.0,0.6663753284599631,8.769488652499884,0.7106811266150889,0.38241719879168734,0.020725199001910024,1.0,0.875,8.0,0.0910416515994138,3.0,0.9958313815295696,0.9993370175361633,0.001966582125809458,oof,xanh
adfecgdb,r07,4,64,256.0,8,8,0,0,100.0,100.0,0.6506973275551523,7.3085381149995445,0.7222301982051479,0.35136630877850517,0.004070624694630593,1.0,0.875,8.0,0.14140090348844875,3.0,0.9966577924787998,0.9986912906169891,0.0007949085978733592,oof,xanh
adfecgdb,r07,4,65,260.0,8,8,0,0,100.0,100.0,0.6932558053699588,6.19274400326883,0.7221054948365242,0.2517077106421594,0.014257798269954542,1.0,1.0,8.0,0.15176319847834963,3.0,0.9973912350833416,0.9983696341514587,0.003039867231344909,oof,xanh
adfecgdb,r07,4,66,264.0,9,9,0,0,100.0,100.0,0.6378331993280557,6.652137593655629,0.715857451367121,0.34369429252918415,0.005843857695744523,1.0,0.8235294117647058,9.0,0.11793714563338946,3.0,0.9946076141463386,0.9992733597755432,0.0008088391335423977,oof,xanh
adfecgdb,r07,4,67,268.0,8,8,0,0,100.0,100.0,0.6812151070615671,8.501876152163025,0.7127050616010537,0.4172186331173759,0.006041492314670873,1.0,1.0,8.0,0.1909000672026076,3.0,0.9985005110502243,0.9988754391670227,0.0009718270708750695,oof,xanh
adfecgdb,r07,4,68,272.0,8,8,0,0,100.0,100.0,0.6606364273419039,11.212496267077412,0.7273414396189102,0.3498316499474276,0.006041492314670874,1.0,1.0,8.0,0.1997036288888791,3.0,0.998587105423212,0.9988251626491547,0.00015470995445106807,oof,xanh
adfecgdb,r07,4,69,276.0,9,9,0,0,100.0,100.0,0.6524541532025533,7.607533908169531,0.7253316945127972,0.4060783072369623,0.009134834961251108,1.0,0.8235294117647058,9.0,0.19271135963511796,3.0,0.99781909916136,0.9991796612739563,0.000405973960934652,oof,xanh
adfecgdb,r07,4,70,280.0,8,8,0,0,100.0,100.0,0.6260919555982625,7.48024182509084,0.7236325158577198,0.2893124007577995,0.005286212712754531,1.0,1.0,8.0,0.1988070947729246,3.0,0.9986093565821648,0.9990712404251099,0.0005080840504072645,oof,xanh
adfecgdb,r07,4,71,284.0,8,8,0,0,100.0,100.0,0.5621223030444038,6.127971826313983,0.6792377998501239,0.3836203369324852,0.005797608858646408,1.0,0.75,8.0,0.13922730855387058,3.0,0.9986378736793995,0.9990654587745667,0.00024376352546812353,oof,xanh
adfecgdb,r07,4,72,288.0,8,8,0,0,100.0,100.0,0.6355430738675438,9.150962086213598,0.708475959888713,0.3934905319569571,0.00818936552040329,1.0,1.0,8.0,0.14825246804249895,3.0,0.9966081418097019,0.9991519451141357,0.0003358069042076265,oof,xanh
adfecgdb,r07,4,73,292.0,9,9,0,0,100.0,100.0,0.6346804362738,7.917569227144023,0.7235616324989376,0.3058617488355625,0.004184100418401292,1.0,0.8888888888888888,9.0,0.12167126194747517,3.0,0.9973711901240878,0.9987760186195374,0.00047985639761945816,oof,xanh
adfecgdb,r07,4,74,296.0,8,8,0,0,100.0,100.0,0.6382681442140168,10.857241349695306,0.7073174039848372,0.1466260283786735,0.006991549034572027,1.0,1.0,8.0,0.1902574690217875,3.0,0.9983150586485863,0.9992488622665405,0.00019291666726923526,oof,xanh
adfecgdb,r08,1,0,0.0,9,7,2,2,77.77777777777777,98.77300613496934,1.0486087775348547,2.083730328374849,0.7350104343311904,0.09300216795818222,0.10832034223507515,1.0,1.0,9.0,0.17129236644864593,3.0,0.8548260496722327,0.9829369783401489,0.4922376081657586,oof,vang
adfecgdb,r08,1,1,4.0,8,8,0,0,100.0,98.77300613496934,0.8752020617964676,14.947257191267912,0.7385219400296197,0.026753658321162756,0.012494693322593278,1.0,0.2222222222222222,8.0,0.11346062118748118,3.0,0.9812940843403339,0.9970298111438751,0.0011635260504077153,oof,xanh
adfecgdb,r08,1,2,8.0,9,9,0,0,100.0,98.77300613496934,0.99615920174295,4.503813466003283,0.7549037494199329,0.2280338970785068,0.004149377593352392,1.0,1.0,9.0,0.17314459775433758,3.0,0.9940968089633517,0.9979009628295898,0.004310607685089365,oof,xanh
adfecgdb,r08,1,3,12.0,8,8,0,0,100.0,98.77300613496934,1.056744658789654,2.437382673779406,0.760528633037128,0.049741630566011365,0.01460761612074926,1.0,0.875,8.0,0.25678224442047015,3.0,0.9849854372441769,0.9976374804973602,0.026323896040264725,oof,xanh
adfecgdb,r08,1,4,16.0,8,6,2,2,75.0,98.77300613496934,1.1152762822757398,3.3371924666682533,0.7558071828942239,0.42915354415434814,0.22586649685509877,0.8571428571428571,0.6666666666666666,8.0,0.05674845012000308,3.0,0.891380111919716,0.9978772401809692,0.8482088826386106,oof,do
adfecgdb,r08,1,5,20.0,8,8,0,0,100.0,98.77300613496934,1.1137928458451256,3.5405482859853867,0.7676337936406157,0.3449594040151239,0.013193754414261807,1.0,1.0,8.0,0.11508273591337775,3.0,0.993979699909687,0.9977869987487793,0.008297366255176547,oof,xanh
adfecgdb,r08,1,6,24.0,9,8,1,1,88.88888888888889,98.77300613496934,1.1889654247152381,1.9408728433489175,0.760896127480528,0.38317533698606776,0.12041497470309116,1.0,0.8888888888888888,9.0,0.08782360032536116,3.0,0.8937534590562185,0.9960832595825195,0.5591811013940389,oof,do
adfecgdb,r08,1,7,28.0,9,8,1,1,88.88888888888889,98.77300613496934,0.8536092583011448,17.61153382021595,0.7210219607828715,0.17973447603183224,0.09664844971903379,1.0,0.36363636363636365,9.0,0.060461101150030304,4.0,0.9099008871449364,0.9959471821784973,0.06623065277757806,oof,vang
adfecgdb,r08,1,8,32.0,9,9,0,0,100.0,98.77300613496934,0.9661246879493336,4.927303379532698,0.7527577035598398,0.13365324638660997,0.0087426260636539,1.0,0.9411764705882353,9.0,0.13768519290112918,3.0,0.9886263873842027,0.9968818128108978,0.0005641625275177473,oof,xanh
adfecgdb,r08,1,9,36.0,9,9,0,0,100.0,98.77300613496934,0.8443533551920559,8.201484463224483,0.755108336408072,0.403559422621062,0.0111403859111635,1.0,1.0,9.0,0.14550090737741736,3.0,0.9916839202245077,0.9972659945487976,0.005524814157097694,oof,xanh
adfecgdb,r08,1,10,40.0,8,8,0,0,100.0,98.77300613496934,0.8864441294204614,6.34070970563266,0.7555422545058234,0.1468492466317179,0.014682304722856384,1.0,0.9411764705882353,9.0,0.18183824374297822,3.0,0.9972893297672272,0.9983338713645935,0.025830825641153674,oof,xanh
adfecgdb,r08,1,11,44.0,10,10,0,0,100.0,98.77300613496934,0.9270209882360122,6.489530855764938,0.7563489254875777,0.210030892690338,0.006487218176008499,1.0,1.0,9.0,0.0909162219998273,3.0,0.992577377292845,0.996103048324585,0.000393389961233022,oof,xanh
adfecgdb,r08,1,12,48.0,9,9,0,0,100.0,98.77300613496934,0.8597768391486303,6.102433824548795,0.7610817532288201,0.1289764485746699,0.019715063033670526,1.0,1.0,9.0,0.14920937258627623,3.0,0.9690748949845632,0.9981324076652527,0.006134570935112919,oof,xanh
adfecgdb,r08,1,13,52.0,10,10,0,0,100.0,98.77300613496934,0.8592944308580382,5.32404169832005,0.7600968213468106,0.30740090806489606,0.01632481258134162,1.0,1.0,10.0,0.20305133992813643,3.0,0.9892635017633438,0.9962502121925354,0.17138369628641012,oof,vang
adfecgdb,r08,1,14,56.0,9,9,0,0,100.0,98.77300613496934,0.6421140413998137,24.559747825319054,0.7025571963303054,0.2640371023353948,0.03587618850942222,1.0,0.36363636363636365,9.0,0.20070570514729744,4.0,0.9862389862537384,0.9980772733688354,0.014885287697695395,oof,xanh
adfecgdb,r08,1,15,60.0,8,8,0,0,100.0,98.77300613496934,0.6673958510321352,39.95872418166512,0.6993375869519866,0.09428698806935462,0.010478122460412256,1.0,0.2222222222222222,8.0,0.13811096399364775,3.0,0.9958477392792702,0.9983193278312683,0.001188045178048147,oof,xanh
adfecgdb,r08,1,16,64.0,9,9,0,0,100.0,98.77300613496934,0.9577443850497279,7.763193077942901,0.7468809390051305,0.0920457359056183,0.010054154136902846,1.0,1.0,9.0,0.12397614219351222,3.0,0.9971836739116244,0.9990583062171936,0.00327738043237746,oof,xanh
adfecgdb,r08,1,17,68.0,8,8,0,0,100.0,98.77300613496934,0.982677520544369,4.383883451246627,0.7333021807149236,0.1460706595528276,0.007110916944918073,1.0,1.0,8.0,0.1770593209578985,3.0,0.9958064071834087,0.9972698092460632,0.005236420102848393,oof,xanh
adfecgdb,r08,1,18,72.0,9,9,0,0,100.0,98.77300613496934,0.9310479970621374,4.4473904685498065,0.7447304343799138,0.14648058427461066,0.008771929824542175,1.0,1.0,9.0,0.1801476834416122,3.0,0.9964612854851617,0.9985942244529724,0.0014488298425444014,oof,xanh
adfecgdb,r08,1,19,76.0,9,9,0,0,100.0,98.77300613496934,0.9255715409486279,6.550343142752336,0.7657213072566961,0.28442323073568815,0.015953766705557593,1.0,0.9411764705882353,9.0,0.09789908665748774,3.0,0.9863923258251615,0.9979275465011597,0.006741831999755999,oof,xanh
adfecgdb,r08,1,20,80.0,9,9,0,0,100.0,98.77300613496934,0.5997686359342965,41.466146203847806,0.7045781811288806,0.3436308042867931,0.012889062708249962,1.0,0.2,9.0,0.10408479636172302,3.0,0.994245837132136,0.9972724318504333,0.0009670587901259307,oof,xanh
adfecgdb,r08,1,21,84.0,8,8,0,0,100.0,98.77300613496934,0.8837081710847179,6.39585924796342,0.7490825421081929,0.25049441494417246,0.0038053882793763214,1.0,1.0,8.0,0.12611327130963226,3.0,0.9962919019162655,0.9983017444610596,0.0013094263221365198,oof,xanh
adfecgdb,r08,1,22,88.0,8,8,0,0,100.0,98.77300613496934,0.8836460197747195,6.298006915499508,0.7565989995688469,0.3839219825801215,0.007418067392245456,1.0,0.875,8.0,0.07671252533338507,3.0,0.997644443064928,0.9985302686691284,0.0005817248257329308,oof,xanh
adfecgdb,r08,1,23,92.0,9,9,0,0,100.0,98.77300613496934,0.7841649908039787,7.541267335859384,0.7476760821693268,0.3785451901578979,0.012217613079492963,1.0,1.0,9.0,0.1393362454396638,3.0,0.9970793955855899,0.9983121156692505,0.0028427405771604846,oof,xanh
adfecgdb,r08,1,24,96.0,8,8,0,0,100.0,98.77300613496934,0.7766471507037135,7.098461166774499,0.757872794937375,0.3931813686567548,0.00768475737584845,1.0,1.0,8.0,0.15551288162894708,3.0,0.9970232583582401,0.9985860586166382,0.0015692133400712239,oof,xanh
adfecgdb,r08,1,25,100.0,9,9,0,0,100.0,98.77300613496934,0.7684512034079967,8.066340255030001,0.7587043343520352,0.389414604464865,0.008658008657989925,1.0,1.0,9.0,0.18533577267449577,3.0,0.9973002539740669,0.9982921481132507,0.009398309296179552,oof,xanh
adfecgdb,r08,1,26,104.0,9,9,0,0,100.0,98.77300613496934,0.8028547577119604,6.0341441788903385,0.7480483146467514,0.4799554858482769,0.009764488984693927,1.0,1.0,9.0,0.15414557090888034,3.0,0.9969008200698428,0.9991636276245117,0.009751943906426015,oof,xanh
adfecgdb,r08,1,27,108.0,8,8,0,0,100.0,98.77300613496934,0.8494100178732222,8.374355246043278,0.7569579189087079,0.40184922497118347,0.008397822097285795,1.0,1.0,8.0,0.08728134697417976,3.0,0.9967812970280647,0.9983538091182709,0.0013545770004327448,oof,xanh
adfecgdb,r08,1,28,112.0,8,8,0,0,100.0,98.77300613496934,0.8795291260557229,7.655337930389566,0.7605658376238301,0.40790063581239433,0.009568949828762335,1.0,1.0,8.0,0.08071973175588851,3.0,0.9968089610338211,0.9976970553398132,0.0018928159621530894,oof,xanh
adfecgdb,r08,1,29,116.0,9,9,0,0,100.0,98.77300613496934,0.8257625158719764,8.071044127343129,0.7578567136283937,0.315738426047081,0.02585150459052512,1.0,0.9411764705882353,9.0,0.13699250324746345,3.0,0.9916836321353912,0.997757613658905,0.006401806615680464,oof,xanh
adfecgdb,r08,1,30,120.0,9,9,0,0,100.0,98.77300613496934,0.7586860194000273,10.990164692260468,0.7464335894750421,0.3270257213118437,0.018991537753720342,1.0,1.0,9.0,0.12886246523650693,3.0,0.9943816098901961,0.9972871840000153,0.0038763312443401868,oof,xanh
adfecgdb,r08,1,31,124.0,10,10,0,0,100.0,98.77300613496934,0.6717862508202265,10.77404008900025,0.7407549640405131,0.2596576913859749,0.009153485840580317,1.0,1.0,10.0,0.19799296961811452,3.0,0.990548112988472,0.9963154196739197,0.007473424441472036,oof,xanh
adfecgdb,r08,1,32,128.0,10,10,0,0,100.0,98.77300613496934,0.7567898851008364,7.6022419498882545,0.7497435496625201,0.32337910887019483,0.013117693532338924,1.0,1.0,10.0,0.15536508663223353,3.0,0.9931927174329758,0.9962666630744934,0.001860014687098047,oof,xanh
adfecgdb,r08,1,33,132.0,10,10,0,0,100.0,98.77300613496934,0.8218726770486527,9.209254709213305,0.7611712918659309,0.39673382683202274,0.03745982662698419,1.0,1.0,10.0,0.1796274762266446,3.0,0.9956489086151123,0.9977149963378906,0.007825229545714147,oof,xanh
adfecgdb,r08,1,34,136.0,8,8,0,0,100.0,98.77300613496934,0.5854678808645978,36.38760244209827,0.7124083143017179,0.42010451432494417,0.02502217071315056,1.0,0.2222222222222222,8.0,0.08809796271251018,3.0,0.9969172924757004,0.998312920331955,0.0008711629256649484,oof,xanh
adfecgdb,r08,1,35,140.0,9,9,0,0,100.0,98.77300613496934,0.8175282201555393,7.267943973434139,0.7550738743281891,0.3698960679648618,0.03135261978657521,1.0,1.0,9.0,0.12290515283961015,3.0,0.9943589965502421,0.9989200830459595,0.003909916252576849,oof,xanh
adfecgdb,r08,1,36,144.0,8,8,0,0,100.0,98.77300613496934,0.7987456645897942,8.215802003828495,0.7473659985501564,0.39148219492872716,0.01594800557264981,1.0,1.0,8.0,0.1661984811652245,3.0,0.995966974645853,0.998386025428772,0.00795626457834349,oof,xanh
adfecgdb,r08,1,37,148.0,9,9,0,0,100.0,98.77300613496934,0.7939845177915145,8.275751065252239,0.759222244164845,0.44626817672203273,0.014438936294180135,1.0,1.0,9.0,0.1844664123482588,3.0,0.9960839218563504,0.9979743361473083,0.8766900613024255,oof,do
adfecgdb,r08,1,38,152.0,9,9,0,0,100.0,98.77300613496934,0.881973638950026,8.223435268836202,0.7581216368110755,0.37256991565506953,0.014806360671196428,1.0,1.0,9.0,0.18612257697261383,3.0,0.9953188167677985,0.9979390501976013,0.15890044536419462,oof,vang
adfecgdb,r08,1,39,156.0,9,9,0,0,100.0,98.77300613496934,0.8089925454611493,6.599069926222931,0.7559937698761713,0.38260535201573814,0.00746573623950494,1.0,1.0,9.0,0.12607870022774414,3.0,0.9958875179290771,0.9982651770114899,0.0019901699368595023,oof,xanh
adfecgdb,r08,1,40,160.0,8,8,0,0,100.0,98.77300613496934,0.8869877524240544,8.76106341930309,0.7609898796457633,0.365069885180796,0.0038848619903704956,1.0,1.0,8.0,0.12548053591301894,3.0,0.9971819296479225,0.9985558092594147,0.0014479935471722264,oof,xanh
adfecgdb,r08,1,41,164.0,9,8,1,1,88.88888888888889,98.77300613496934,0.5399296105005686,135.25870562221886,0.8195328773309861,0.37891053383022016,0.13085493389868078,1.0,0.2,9.0,0.059034395531059984,2.0,0.954719622929891,0.9977664947509766,0.028792922602629726,oof,xanh
adfecgdb,r08,1,42,168.0,9,9,0,0,100.0,98.77300613496934,0.823413635272905,7.237679504841257,0.7477836566574212,0.3984628762183924,0.008401265393056441,1.0,1.0,9.0,0.20932240905711072,3.0,0.9971659912003411,0.9982854723930359,0.01220754444991948,oof,xanh
adfecgdb,r08,1,43,172.0,9,9,0,0,100.0,98.77300613496934,0.8202450991596426,6.486024558121706,0.7496125706797593,0.3527093409670245,0.013157894736813261,1.0,0.8235294117647058,9.0,0.16855382954290996,3.0,0.996051957209905,0.9986869692802429,0.012969274243680993,oof,xanh
adfecgdb,r08,1,44,176.0,8,8,1,0,94.11764705882354,98.77300613496934,0.9031388773022198,6.67175903827909,0.7576610585013125,0.2950822979887035,0.09855637255985027,1.0,0.9411764705882353,9.0,0.12962725300746603,3.0,0.9391261537869772,0.9983276128768921,0.06414149315366682,oof,vang
adfecgdb,r08,1,45,180.0,9,9,0,0,100.0,98.77300613496934,0.6403000193714289,32.12752893506258,0.6974144479586258,0.23298550256230854,0.024337869460594432,1.0,0.2,9.0,0.09763639106926497,3.0,0.9831671648555331,0.9966121315956116,0.0005557697096601806,oof,xanh
adfecgdb,r08,1,46,184.0,9,9,1,0,94.73684210526316,98.77300613496934,0.9229191612840358,5.17232301287663,0.7590458679742191,0.22987896038904385,0.2669970016696473,0.7777777777777778,0.9,10.0,0.1940204949885183,3.0,0.9400834888219833,0.998534083366394,0.5412013898214766,oof,do
adfecgdb,r08,1,47,188.0,8,8,0,0,100.0,98.77300613496934,0.8489894589804465,6.114064969342589,0.7736301577112891,0.2658877839078436,0.09893727765583675,1.0,0.9411764705882353,8.0,0.1320019071643109,3.0,0.9951976574957371,0.9974986016750336,0.04880878394999895,oof,xanh
adfecgdb,r08,1,48,192.0,7,7,0,0,100.0,98.77300613496934,0.932568585933863,7.381874583360656,0.7619565597060142,0.23439726994886176,0.036916219844329815,1.0,1.0,7.0,0.05821995396197427,3.0,0.995453268289566,0.9979015588760376,0.004410780976732947,oof,xanh
adfecgdb,r08,1,49,196.0,9,9,0,0,100.0,98.77300613496934,0.8927780673966014,6.828357484629816,0.7599538268179009,0.14023721262375338,0.020145527112459302,1.0,1.0,9.0,0.15213587671634285,3.0,0.9953908953401778,0.998319685459137,0.005530279136067674,oof,xanh
adfecgdb,r08,1,50,200.0,9,9,0,0,100.0,98.77300613496934,0.9037998059548376,6.573583551186445,0.758561662793416,0.14816851777510479,0.005999436079497945,1.0,1.0,9.0,0.19964056898700291,3.0,0.9947368701299032,0.9972898960113525,0.10146648923237686,oof,vang
adfecgdb,r08,1,51,204.0,9,9,0,0,100.0,98.77300613496934,0.8699148050831013,6.396731045822829,0.7533028706429569,0.2684422447540376,0.01123619148063102,1.0,1.0,9.0,0.1326523240432222,3.0,0.9955702026685079,0.9975196719169617,0.004722240617301917,oof,xanh
adfecgdb,r08,1,52,208.0,9,9,0,0,100.0,98.77300613496934,0.6813184758419025,20.914234769820798,0.7209277885190318,0.28089971463894686,0.02503507112050653,1.0,0.2,9.0,0.12654101441054566,3.0,0.992816193236245,0.9981300234794617,0.0023372192515481367,oof,xanh
adfecgdb,r08,1,53,212.0,9,9,0,0,100.0,98.77300613496934,0.6828539592257534,17.806563384682494,0.7182291767865886,0.2080822381863342,0.009751451775236971,1.0,0.36363636363636365,9.0,0.1233028777449879,3.0,0.99139647020234,0.9975841045379639,0.002699006448302426,oof,xanh
adfecgdb,r08,1,54,216.0,8,8,0,0,100.0,98.77300613496934,0.8408026024989619,7.420690723153546,0.7589705890510927,0.1813522251034831,0.01991392726528109,1.0,1.0,8.0,0.14391745688078889,3.0,0.9944416880607605,0.9970805644989014,0.0027480963761321686,oof,xanh
adfecgdb,r08,1,55,220.0,9,9,0,0,100.0,98.77300613496934,0.49867660117414936,26.248456543761428,0.6846282754832387,0.44151582916535603,0.01676616167185727,1.0,0.36363636363636365,9.0,0.1683646888735261,3.0,0.9945468041631911,0.997895359992981,0.04380261140218153,oof,xanh
adfecgdb,r08,1,56,224.0,9,9,0,0,100.0,98.77300613496934,0.7796308200350487,7.386885324206018,0.7410215763207645,0.35506058421550235,0.013544060379045519,1.0,1.0,9.0,0.18385794587396323,3.0,0.9956217275725471,0.9988731741905212,0.10837941591956228,oof,vang
adfecgdb,r08,1,57,228.0,8,8,0,0,100.0,98.77300613496934,0.70898158247228,20.439557592017476,0.736243184394702,0.29507433243497094,0.008853577383534973,1.0,0.2222222222222222,8.0,0.14479152997620034,3.0,0.9905497767031193,0.99826580286026,0.0014136982610646496,oof,xanh
adfecgdb,r08,1,58,232.0,9,9,0,0,100.0,98.77300613496934,0.787155843043403,8.030622505531635,0.7567224855573959,0.43875990629262196,0.005830119751642269,1.0,0.9411764705882353,9.0,0.15295149893455182,3.0,0.9961952798896365,0.9981110095977783,0.07991417545414752,oof,vang
adfecgdb,r08,1,59,236.0,8,8,0,0,100.0,98.77300613496934,0.8355743390030641,7.340365804706014,0.7436646989257025,0.40719465467433963,0.012361259426865336,1.0,1.0,8.0,0.16433876178021037,3.0,0.9940605573356152,0.9975317716598511,0.012251565356183694,oof,xanh
adfecgdb,r08,1,60,240.0,9,9,0,0,100.0,98.77300613496934,0.766081109168434,7.881900892385511,0.7478266957645346,0.427600462626229,0.008525514428761207,1.0,1.0,9.0,0.10887939440909895,3.0,0.9973924722936418,0.998945415019989,0.006654304885670113,oof,xanh
adfecgdb,r08,1,61,244.0,8,8,0,0,100.0,98.77300613496934,0.8565359711501154,9.23648683257425,0.7444947641707937,0.40183762960425734,0.004324721117515842,1.0,1.0,8.0,0.1673205879982027,3.0,0.9964153580367565,0.9979006052017212,0.002903182514925708,oof,xanh
adfecgdb,r08,1,62,248.0,9,9,0,0,100.0,98.77300613496934,0.8087933761310765,7.94151808763127,0.7540145937201088,0.4312803049030096,0.01166707178033406,1.0,1.0,9.0,0.08189725967943187,3.0,0.9938230348957909,0.9984363913536072,0.038838611120897,oof,xanh
adfecgdb,r08,1,63,252.0,8,8,0,0,100.0,98.77300613496934,0.8067498038322488,8.889617219697687,0.740522562514295,0.4352083290153065,0.010478122460412256,1.0,1.0,8.0,0.15056264167272765,3.0,0.9970534145832062,0.998027116060257,0.020948468630728582,oof,xanh
adfecgdb,r08,1,64,256.0,9,9,0,0,100.0,98.77300613496934,0.8043924263203222,7.629675143035032,0.7551503580048634,0.42105711549747593,0.00557000276012426,1.0,1.0,9.0,0.12126451625840112,3.0,0.9965836405754089,0.9979225993156433,0.0018645279501955459,oof,xanh
adfecgdb,r08,1,65,260.0,8,8,0,0,100.0,98.77300613496934,0.8212087449986898,9.266778390683161,0.7383006550253137,0.36765407507258396,0.008717045347964752,1.0,1.0,8.0,0.1825498818760151,3.0,0.9962770715355873,0.9981847405433655,0.01998877102637707,oof,xanh
adfecgdb,r08,1,66,264.0,8,8,0,0,100.0,98.77300613496934,0.787740122837419,8.725336066977162,0.7496532794692554,0.3808065577243151,0.002944098248531284,1.0,1.0,8.0,0.12293134438558857,3.0,0.9971567690372467,0.9986273050308228,0.0014976044017679915,oof,xanh
adfecgdb,r08,1,67,268.0,9,9,0,0,100.0,98.77300613496934,0.7992766312806487,8.122471439816502,0.7462047640253686,0.4041620305124451,0.0058669803612416156,1.0,1.0,9.0,0.1667993322782871,3.0,0.997325619061788,0.9986580610275269,0.001909953319758606,oof,xanh
adfecgdb,r08,1,68,272.0,8,8,0,0,100.0,98.77300613496934,0.676308753771901,18.82541030245943,0.7081459366143487,0.35351120332306435,0.015655040980191617,1.0,0.2222222222222222,8.0,0.10338651931862314,3.0,0.9942422062158585,0.9979921579360962,0.00215574643288287,oof,xanh
adfecgdb,r08,1,69,276.0,9,9,0,0,100.0,98.77300613496934,0.8129387323330475,7.01879369861115,0.7497774462543397,0.3881773856413171,0.009465595758569348,1.0,1.0,9.0,0.14493993283170953,3.0,0.9967073731952243,0.9981719255447388,0.002658927038417394,oof,xanh
adfecgdb,r08,1,70,280.0,8,8,0,0,100.0,98.77300613496934,0.8713720860284482,8.601711873683312,0.7438310597804102,0.3700820245399596,0.007050727805118415,1.0,1.0,8.0,0.16800623739038903,3.0,0.996990367770195,0.9989868700504303,0.0015411654511849047,oof,xanh
adfecgdb,r08,1,71,284.0,9,9,0,0,100.0,98.77300613496934,0.847574744063219,7.039998591694653,0.7578716147311702,0.4003089581365936,0.007914832963799145,1.0,1.0,9.0,0.13110404056981498,3.0,0.9962909619013468,0.9981706142425537,0.0014196783698702336,oof,xanh
adfecgdb,r08,1,72,288.0,9,9,0,0,100.0,98.77300613496934,0.6772540240664956,44.082249801838294,0.7535014329845708,0.3853939760330556,0.00743369445306934,1.0,1.0,9.0,0.12376100871069663,3.0,0.9965283241536882,0.9986279010772705,0.0006144047330531378,oof,xanh
adfecgdb,r08,1,73,292.0,8,8,0,0,100.0,98.77300613496934,0.6912937047632066,31.545439631069286,0.7535278160517573,0.3629910343974634,0.005945363453344556,1.0,0.9411764705882353,8.0,0.14698711064167008,3.0,0.9961875975131989,0.9977923631668091,0.00341848984110643,oof,xanh
adfecgdb,r08,1,74,296.0,9,9,0,0,100.0,98.77300613496934,0.8355006970655866,8.08491739481277,0.7612436832348538,0.3977802556060963,0.007132526430856464,1.0,1.0,9.0,0.1562977106615565,3.0,0.9960602521896362,0.9985713958740234,0.002581089676701416,oof,xanh
adfecgdb,r08,2,0,0.0,9,3,4,6,37.5,85.02715283165244,0.7737408402925524,21.286719994298416,0.6817892015827137,0.13862774609565948,0.19939735100148662,0.8333333333333334,0.0,7.0,0.05740429146805462,4.0,0.907673818724496,0.965423047542572,0.3012120044575022,oof,vang
adfecgdb,r08,2,1,4.0,8,8,0,0,100.0,85.02715283165244,0.9370811848655075,6.288778571697252,0.7537794284092495,0.04319673344996078,0.010653394280139743,1.0,0.875,8.0,0.1732395914292173,3.0,0.9873341135680676,0.9974951148033142,0.013914603061170172,oof,xanh
adfecgdb,r08,2,2,8.0,9,7,1,2,82.3529411764706,85.02715283165244,0.9797894516356197,4.312858886199692,0.7574530507375874,0.18871995511306297,0.2674136240253476,0.8571428571428571,0.75,8.0,0.07608117950437933,3.0,0.9399905763566494,0.9983887672424316,0.32806998113673597,oof,vang
adfecgdb,r08,2,3,12.0,8,7,1,1,87.5,85.02715283165244,1.035530716112483,3.2644891315755693,0.7571763168127733,0.04882465435513816,0.15319825653503216,1.0,0.875,8.0,0.19075379658461625,3.0,0.9098400301299989,0.9968619346618652,0.7178548691934995,oof,do
adfecgdb,r08,2,4,16.0,8,7,1,1,87.5,85.02715283165244,1.0336882557588933,4.7429787795332885,0.7566259953501361,0.4393301505273153,0.06806891055299565,1.0,1.0,8.0,0.1486140357036707,3.0,0.9914295189082623,0.9980431795120239,0.2800412565528239,oof,vang
adfecgdb,r08,2,5,20.0,8,7,1,1,87.5,85.02715283165244,1.0857456874615345,2.9146025291056805,0.7436003665626237,0.3314238343402257,0.17615419469201202,1.0,0.625,8.0,0.07591895239167148,3.0,0.9140054173767567,0.992516815662384,0.20715430894339226,oof,vang
adfecgdb,r08,2,6,24.0,9,7,2,2,77.77777777777777,85.02715283165244,1.0601019895211397,4.004603062396001,0.7480479571514567,0.45442953844892764,0.1891103172090251,0.875,0.6666666666666666,9.0,0.08416000759246403,3.0,0.9186667402585348,0.9976193308830261,0.809071893540089,oof,do
adfecgdb,r08,2,7,28.0,9,5,3,4,58.8235294117647,85.02715283165244,1.0649580346163774,3.957273309679029,0.7418182014286971,0.2004773864413386,0.16247287171118152,0.8571428571428571,0.8,8.0,0.05613205446641536,3.0,0.9255931824445724,0.9969879984855652,0.3655985366919815,oof,vang
adfecgdb,r08,2,8,32.0,9,9,0,0,100.0,85.02715283165244,0.9033818356857546,4.872202460135437,0.7476437439731892,0.09630519755979906,0.03559672027271149,1.0,0.8235294117647058,9.0,0.10840907043258156,3.0,0.9665247599283854,0.9985445141792297,0.009077878585547176,oof,xanh
adfecgdb,r08,2,9,36.0,9,9,0,0,100.0,85.02715283165244,0.978886853968688,5.601886995204957,0.7434025102735446,0.49980889541229345,0.0210750759742859,1.0,0.625,9.0,0.11595922416465138,3.0,0.9563974142074585,0.9975103139877319,0.4096946557422261,oof,vang
adfecgdb,r08,2,10,40.0,8,7,1,1,87.5,85.02715283165244,1.1035176944401823,2.6349361832166025,0.7632218076380375,0.09265095396279972,0.22865429383431984,0.875,0.5882352941176471,9.0,0.08740301529915022,3.0,0.9229058391518064,0.9974716901779175,0.7987324183767646,oof,do
adfecgdb,r08,2,11,44.0,10,9,1,1,90.0,85.02715283165244,1.037500129514941,5.0940793166944545,0.7458408765800046,0.21368973750777684,0.061205269220444176,1.0,0.5714285714285714,9.0,0.1630346162859759,3.0,0.9416543742020925,0.9968627691268921,0.02266307491104598,oof,xanh
adfecgdb,r08,2,12,48.0,9,9,0,0,100.0,85.02715283165244,0.9386490755619871,4.511119740484461,0.7375958835918448,0.069856263932521,0.03824617604330308,1.0,0.5333333333333333,9.0,0.136964350099624,3.0,0.929953846666548,0.9964034557342529,0.034380000962177554,oof,xanh
adfecgdb,r08,2,13,52.0,10,10,0,0,100.0,85.02715283165244,0.9675601501310701,5.927072239903087,0.7410755555638695,0.08340004651341856,0.015673002990878135,1.0,0.8235294117647058,10.0,0.08034313681025652,3.0,0.972213688492775,0.9963700473308563,0.0013735187657811527,oof,xanh
adfecgdb,r08,2,14,56.0,9,8,0,1,94.11764705882354,85.02715283165244,0.8079846507241543,17.191738632863682,0.7395921473020749,0.029089140174076954,0.03803178711322577,1.0,0.0,8.0,0.05844212001070045,3.0,0.9764128178358078,0.9946997165679932,0.00037382541947885437,oof,xanh
adfecgdb,r08,2,15,60.0,8,6,1,2,80.0,85.02715283165244,0.9588385476486151,5.262078445861416,0.693926560815097,0.012223477987742558,0.2961015466343478,0.6666666666666666,0.7692307692307693,7.0,0.024205424718030017,3.0,0.9580514005252293,0.9962389469146729,0.06900890858294997,oof,vang
adfecgdb,r08,2,16,64.0,9,9,0,0,100.0,85.02715283165244,0.905848692734576,4.001803481084358,0.7346269589236769,0.021748915180243796,0.01773934486498631,1.0,0.8888888888888888,9.0,0.09638138343421075,3.0,0.9909609523084428,0.9982280731201172,0.0056750773199375805,oof,xanh
adfecgdb,r08,2,17,68.0,8,7,1,1,87.5,85.02715283165244,0.9785908040676722,5.319929722475155,0.7414971755265408,0.03416909418616025,0.07204263693494127,1.0,0.875,8.0,0.07847298131908885,3.0,0.9825637154281139,0.9983096122741699,0.01580280259045201,oof,xanh
adfecgdb,r08,2,18,72.0,9,8,1,1,88.88888888888889,85.02715283165244,0.9367611506147671,1.9282041864123087,0.721364123790521,0.031417409570693375,0.18182521248436706,0.875,0.47058823529411764,9.0,0.08263615919388459,3.0,0.9117942824959755,0.9982984960079193,0.9188128233582351,oof,do
adfecgdb,r08,2,19,76.0,9,7,2,2,77.77777777777777,85.02715283165244,0.9470772813540218,2.9861271604517023,0.750370834925492,0.03419439673949095,0.07376767885218155,1.0,0.8235294117647058,9.0,0.1149691473690464,3.0,0.9363488124476539,0.9982196092605591,0.02887129418160039,oof,xanh
adfecgdb,r08,2,20,80.0,9,9,0,0,100.0,85.02715283165244,0.9818757038949649,4.504251452272918,0.7683010180141889,0.16739143786449742,0.02001124757618268,1.0,0.8888888888888888,9.0,0.076249704416409,3.0,0.9718572795391083,0.9972547888755798,0.0038967348900464226,oof,xanh
adfecgdb,r08,2,21,84.0,8,8,0,0,100.0,85.02715283165244,0.8906008978437514,4.922515681908337,0.7401966243561762,0.06013253590566895,0.005375163407440117,1.0,0.75,8.0,0.08018407054153848,3.0,0.9727340936660767,0.9979633092880249,0.0017510570292375515,oof,xanh
adfecgdb,r08,2,22,88.0,8,8,0,0,100.0,85.02715283165244,0.9431805020264664,4.576475467334606,0.7474628786733553,0.3105255762737602,0.007008355642828174,1.0,1.0,8.0,0.11855093245773463,3.0,0.996792022138834,0.9982321858406067,0.0013326545596200586,oof,xanh
adfecgdb,r08,2,23,92.0,9,9,0,0,100.0,85.02715283165244,0.906017521345799,4.730451082967012,0.7529350069519606,0.2076520846434708,0.033613445378080635,1.0,0.75,9.0,0.07080388406943103,3.0,0.9550336334440443,0.9992533326148987,0.005671456842314352,oof,xanh
adfecgdb,r08,2,24,96.0,8,7,2,1,82.3529411764706,85.02715283165244,0.9202556919831704,4.9560188331743396,0.7495972343958355,0.4737788329287871,0.1158741559158612,1.0,0.7777777777777778,9.0,0.1468278029792154,3.0,0.9690604342354668,0.9979202151298523,0.6951031799404339,oof,do
adfecgdb,r08,2,25,100.0,9,7,1,2,82.3529411764706,85.02715283165244,0.9803157741814456,4.953998356383773,0.7469507128742852,0.22879755506944505,0.043217026393009186,1.0,0.9333333333333333,8.0,0.13973031687663123,3.0,0.9793467856943607,0.9975269436836243,0.006174001234936476,oof,xanh
adfecgdb,r08,2,26,104.0,9,8,1,1,88.88888888888889,85.02715283165244,0.9981221589683575,3.335278306191202,0.7479122910457325,0.4547224767328745,0.1569249728158229,1.0,0.7058823529411765,9.0,0.06971520447523005,3.0,0.9117864204777612,0.9965901374816895,0.5503580306807503,oof,do
adfecgdb,r08,2,27,108.0,8,6,2,2,75.0,85.02715283165244,1.0342627784370306,4.1213149494670995,0.751207425049125,0.41928431398701144,0.23049857483783395,0.8571428571428571,0.8,8.0,0.15047073440947525,3.0,0.9312722571194172,0.9974151849746704,0.7675264911439597,oof,do
adfecgdb,r08,2,28,112.0,8,8,0,0,100.0,85.02715283165244,0.9617132389010881,4.456731233122181,0.7596388878032314,0.4014655477491948,0.007440653318027933,1.0,0.6666666666666666,8.0,0.11424411905897912,3.0,0.9841293506324291,0.9977389574050903,0.0031466326160376123,oof,xanh
adfecgdb,r08,2,29,116.0,9,9,0,0,100.0,85.02715283165244,0.9374298792075437,6.1547063021401005,0.7469807877498921,0.19218573823981666,0.019298976862312165,1.0,0.8888888888888888,9.0,0.09447418709022405,3.0,0.9956327875455221,0.9970260262489319,0.0016271996165735391,oof,xanh
adfecgdb,r08,2,30,120.0,9,7,2,2,77.77777777777777,85.02715283165244,0.9825346709681316,6.218926416597734,0.7505373339250359,0.15164194293590502,0.12491287848693196,1.0,0.75,9.0,0.07551836400451542,3.0,0.9141324030028449,0.9901070594787598,0.1179851025894377,oof,vang
adfecgdb,r08,2,31,124.0,10,9,1,1,90.0,85.02715283165244,0.894474721311735,7.700270661583335,0.7260300188161012,0.22414519332149546,0.06306177676294154,1.0,0.42857142857142855,10.0,0.18961534865948262,3.0,0.9564491510391235,0.9967989921569824,0.025757535050314254,oof,xanh
adfecgdb,r08,2,32,128.0,10,8,2,2,80.0,85.02715283165244,0.9912899524157813,7.126692358118017,0.7639917834640317,0.30135124460910706,0.17125899384523458,0.8888888888888888,0.8235294117647058,10.0,0.07284539667819823,3.0,0.8961828380823136,0.996972918510437,0.47218597990624306,oof,vang
adfecgdb,r08,2,33,132.0,10,5,3,5,55.55555555555556,85.02715283165244,1.0439428661419192,3.4825134814141654,0.7390353775669996,0.4679135681395152,0.27614595528243613,0.8571428571428571,0.42857142857142855,8.0,0.14976749544727486,3.0,0.911747582256794,0.9949691891670227,0.705976437522536,oof,do
adfecgdb,r08,2,34,136.0,8,7,1,1,87.5,85.02715283165244,1.0306812204725726,4.039176728745266,0.759329175884467,0.2646190514328004,0.1218491227900342,1.0,0.6666666666666666,8.0,0.04406229203479778,3.0,0.921687763184309,0.9963403940200806,0.4225107336695669,oof,vang
adfecgdb,r08,2,35,140.0,9,7,1,2,82.3529411764706,85.02715283165244,1.0015742868351871,13.416222660570508,0.7463106087884247,0.4455199046976957,0.3168188336219564,0.8571428571428571,0.4,8.0,0.08571819972867534,3.0,0.8757181130349636,0.9936226904392242,0.9044967084742122,oof,do
adfecgdb,r08,2,36,144.0,8,7,1,1,87.5,85.02715283165244,0.8653194366289628,6.988962404067603,0.7512963749456589,0.5543528338149163,0.13011350712245126,1.0,0.8,8.0,0.08942196620284236,3.0,0.93203404545784,0.9978529512882233,0.8000495372777767,oof,do
adfecgdb,r08,2,37,148.0,9,9,0,0,100.0,85.02715283165244,0.8833418567577995,4.645336761079538,0.7446447417292635,0.538801948673588,0.014740554623769034,1.0,0.6666666666666666,9.0,0.10094307387198745,3.0,0.9437006811300913,0.9965327978134155,0.2841105004140328,oof,vang
adfecgdb,r08,2,38,152.0,9,9,0,0,100.0,85.02715283165244,0.802351460255121,27.605183407250816,0.7509131389327917,0.21904451623947538,0.0453530559794039,1.0,0.0,9.0,0.0760634549728529,3.0,0.8853257132901086,0.9970859587192535,0.02204349138568012,oof,xanh
adfecgdb,r08,2,39,156.0,9,9,0,0,100.0,85.02715283165244,0.8733554308695893,5.424054180123788,0.7514938992300721,0.12021511221673084,0.01660539724350921,1.0,0.7058823529411765,9.0,0.12661314108643343,3.0,0.977607422404819,0.9977841973304749,0.01244302919967179,oof,xanh
adfecgdb,r08,2,40,160.0,8,8,0,0,100.0,85.02715283165244,1.0638158942981397,3.2540458299817185,0.7621831347765153,0.42568921420602973,0.03834798835937599,1.0,0.5333333333333333,8.0,0.06718244747256787,3.0,0.955435898154974,0.9947134852409363,0.0387306054037389,oof,xanh
adfecgdb,r08,2,41,164.0,9,9,0,0,100.0,85.02715283165244,0.9365654385456574,7.651824744695627,0.822331520281578,0.36301351156540446,0.01354663340213635,1.0,0.75,9.0,0.08712416912329549,2.0,0.9790555536746979,0.9972002506256104,0.0017379631622754155,oof,xanh
adfecgdb,r08,2,42,168.0,9,7,2,2,77.77777777777777,85.02715283165244,1.0077342977922772,6.574624359934141,0.7576696765993882,0.3022909752898685,0.23192099113356734,0.875,0.8,9.0,0.08832269483027733,3.0,0.9110149658388562,0.9984475374221802,0.8163797709511397,oof,do
adfecgdb,r08,2,43,172.0,9,8,1,1,88.88888888888889,85.02715283165244,0.9971872175670603,3.64099987597346,0.7440827253641243,0.31136582676285657,0.16634514126442765,0.875,0.625,9.0,0.09353460645509745,3.0,0.9642525149716271,0.9957767724990845,0.02063648564411912,oof,xanh
adfecgdb,r08,2,44,176.0,8,5,4,3,58.8235294117647,85.02715283165244,1.0459233752536126,4.182363745368216,0.751452010436488,0.19891711495472164,0.18121933744509644,0.875,0.9411764705882353,9.0,0.1379580722040682,3.0,0.9294561975532107,0.9969018697738647,0.3463902428140621,oof,vang
adfecgdb,r08,2,45,180.0,9,8,1,1,88.88888888888889,85.02715283165244,1.0498854136351186,4.315481888760082,0.7485302973946568,0.15285985446129227,0.08007278981527324,1.0,0.5714285714285714,9.0,0.13105086734343827,3.0,0.8867547429270215,0.9965015947818756,0.46994821010977633,oof,vang
adfecgdb,r08,2,46,184.0,9,6,3,3,66.66666666666667,85.02715283165244,1.0432551545287414,4.785081878733182,0.7450623556519902,0.1424533638207394,0.3250543453122508,0.75,0.5,9.0,0.15269207942616492,3.0,0.8779032859537337,0.9909664392471313,0.8656277714956876,oof,do
adfecgdb,r08,2,47,188.0,8,6,1,2,80.0,85.02715283165244,1.0139099815724173,4.3788315272583205,0.7574283024680935,0.15259476519392037,0.36673754778671486,0.8333333333333334,0.8,7.0,0.09118854885703659,3.0,0.9589277974196843,0.996502012014389,0.07523100533185677,oof,vang
adfecgdb,r08,2,48,192.0,7,4,3,3,57.142857142857146,85.02715283165244,1.1161859329197759,4.228280849107588,0.7514758562247229,0.10255225793178104,0.23129955230684757,1.0,0.6666666666666666,7.0,0.0948639991758091,3.0,0.9666397614138467,0.9949027299880981,0.03056260287779178,oof,xanh
adfecgdb,r08,2,49,196.0,9,8,1,1,88.88888888888889,85.02715283165244,0.9387398457539669,4.800061702774494,0.7515722966020268,0.020293952835189925,0.19279894802719316,0.875,1.0,9.0,0.057178125316011665,3.0,0.9070136265622245,0.995996356010437,0.09674159812492483,oof,vang
adfecgdb,r08,2,50,200.0,9,9,0,0,100.0,85.02715283165244,0.8185034855775228,10.794745537511186,0.7400432439895277,0.020444434859915765,0.022001793103356593,1.0,0.3333333333333333,9.0,0.053980769293081036,3.0,0.8670677012867398,0.9948691129684448,0.03303962389535857,oof,xanh
adfecgdb,r08,2,51,204.0,9,7,1,2,82.3529411764706,85.02715283165244,1.0472072437077211,3.636999559630585,0.7403725314580856,0.0752278082287328,0.16135085975078203,0.8571428571428571,0.6153846153846154,8.0,0.1136314475651784,3.0,0.8352951258420944,0.9943844079971313,0.7867005666402545,oof,do
adfecgdb,r08,2,52,208.0,9,7,3,2,73.6842105263158,85.02715283165244,0.9295866621354046,4.288270494284242,0.7541105111802073,0.03479666195658449,0.15706409498228707,0.8888888888888888,0.4444444444444444,10.0,0.05125373418987244,3.0,0.8963350653648376,0.9971342086791992,0.5180924423749358,oof,vang
adfecgdb,r08,2,53,212.0,9,7,1,2,82.3529411764706,85.02715283165244,0.8722207258371171,6.329795774471279,0.7453341862212185,0.03330211265527408,0.20683669705946228,0.8571428571428571,0.9333333333333333,8.0,0.09982061071200313,3.0,0.9868682622909546,0.997252494096756,0.16394827625762518,oof,vang
adfecgdb,r08,2,54,216.0,8,2,4,6,28.571428571428573,85.02715283165244,0.9841327816753712,5.81102673948609,0.7381179745194888,0.08734246429877107,0.0729636766252566,1.0,0.9230769230769231,6.0,0.10916301828729291,3.0,0.95436363418897,0.9952861666679382,0.0021993329101252963,oof,xanh
adfecgdb,r08,2,55,220.0,9,8,1,1,88.88888888888889,85.02715283165244,0.7204576826609456,8.121807369759297,0.7265975114563877,0.05391797682570333,0.0894761389013697,1.0,0.5714285714285714,9.0,0.058115861587050774,3.0,0.9524414406882392,0.9970344305038452,0.027421476294250124,oof,xanh
adfecgdb,r08,2,56,224.0,9,9,0,0,100.0,85.02715283165244,0.7942448920211895,11.192885347735206,0.7239739462884865,0.0903746999010687,0.022443826477818157,1.0,0.3333333333333333,9.0,0.1285487459111884,3.0,0.9825262029965719,0.9962766766548157,0.003956614849643644,oof,xanh
adfecgdb,r08,2,57,228.0,8,4,3,4,53.333333333333336,85.02715283165244,0.8220771523512035,8.547936032196079,0.7417408582064787,0.030116760481199198,0.2468205217794035,0.8333333333333334,0.0,7.0,0.07791841507690982,3.0,0.9068938876901355,0.9898436069488525,0.3439608841608486,oof,vang
adfecgdb,r08,2,58,232.0,9,9,0,0,100.0,85.02715283165244,0.9560042828187847,5.582873166878189,0.7210398415170092,0.1863942376042832,0.04359708189607629,1.0,0.46153846153846156,9.0,0.06783928447587724,3.0,0.9561729265583886,0.9982427358627319,0.007732939227970217,oof,xanh
adfecgdb,r08,2,59,236.0,8,6,2,2,75.0,85.02715283165244,1.0017543555889477,4.216782903307942,0.7568450740332895,0.4401736143626053,0.13144377286306258,1.0,0.875,8.0,0.03327403777674861,3.0,0.9384266324341297,0.9978419542312622,0.6065246296883573,oof,do
adfecgdb,r08,2,60,240.0,9,8,1,1,88.88888888888889,85.02715283165244,0.9384073820115953,3.500676319750492,0.7328752761413242,0.2969787786776375,0.05926212963819667,1.0,0.7058823529411765,9.0,0.07048047406542386,3.0,0.96256156762441,0.9980847239494324,0.02319940848306993,oof,xanh
adfecgdb,r08,2,61,244.0,8,8,0,0,100.0,85.02715283165244,0.9974751499537124,4.526861026976766,0.7430136390164362,0.3354855711938753,0.01800524981501178,1.0,0.7142857142857143,8.0,0.06528650748643967,3.0,0.9761342145502567,0.9977515339851379,0.005632872495861882,oof,xanh
adfecgdb,r08,2,62,248.0,9,8,1,1,88.88888888888889,85.02715283165244,1.0058932216749426,6.84925714522762,0.7483292604679523,0.4046567036612415,0.08870562317348013,1.0,0.7142857142857143,9.0,0.07626338117469933,3.0,0.9753966960642073,0.9979963600635529,0.04216719145456341,oof,xanh
adfecgdb,r08,2,63,252.0,8,7,1,1,87.5,85.02715283165244,0.8376587496587194,13.05887455597665,0.7540463398733748,0.06686201639405616,0.07120074578211129,1.0,0.4,8.0,0.12331325515443031,3.0,0.966873899102211,0.9967387318611145,0.007631110509834854,oof,xanh
adfecgdb,r08,2,64,256.0,9,7,2,2,77.77777777777777,85.02715283165244,1.0140656690507601,8.347466308300351,0.7626303162625264,0.3190598226335561,0.2548238216005879,0.875,0.8,9.0,0.05763591220687844,3.0,0.8814229336049821,0.9980517625808716,0.8800366723495459,oof,do
adfecgdb,r08,2,65,260.0,8,8,0,0,100.0,85.02715283165244,0.9547559230146968,4.091056471770989,0.7330184658020261,0.38272060371100863,0.006048658972220883,1.0,0.7142857142857143,8.0,0.1354811809257161,3.0,0.9908594563603401,0.9977983236312866,0.002450113188799578,oof,xanh
adfecgdb,r08,2,66,264.0,8,5,2,3,66.66666666666667,85.02715283165244,0.8911510106070775,17.53743539263473,0.7463778395293109,0.37180742036924136,0.30773641051939493,0.6666666666666666,0.0,7.0,0.015719361546014648,4.0,0.899091797215598,0.9959236085414886,0.40069690427040366,oof,vang
adfecgdb,r08,2,67,268.0,9,6,3,3,66.66666666666667,85.02715283165244,0.9672162552563038,2.86716136689555,0.7250553843041326,0.3285414040765864,0.16411644687436963,0.875,0.625,9.0,0.07489211107106153,3.0,0.9057465063201057,0.9843569397926331,0.2151478290067161,oof,vang
adfecgdb,r08,2,68,272.0,8,5,4,3,58.8235294117647,85.02715283165244,0.92578225543041,5.136427866584301,0.7375223342880965,0.1034146175090729,0.22871175269833358,0.875,0.5,9.0,0.11930057516077376,3.0,0.9498297737704383,0.997581958770752,0.292210687980268,oof,vang
adfecgdb,r08,2,69,276.0,9,8,1,1,88.88888888888889,85.02715283165244,0.8274816214414035,10.749731509659716,0.7609527352657711,0.2582330225142018,0.09357524796909202,1.0,0.5714285714285714,9.0,0.11695668434687552,3.0,0.945501854022344,0.9963821172714233,0.029718576574163377,oof,xanh
adfecgdb,r08,2,70,280.0,8,6,2,2,75.0,85.02715283165244,1.0993209830894217,4.033335924686808,0.7670559521406848,0.44483300589416735,0.11827331770929805,1.0,0.8571428571428571,8.0,0.13427694425017567,3.0,0.9463526234030724,0.9973190426826477,0.6653412757370691,oof,do
adfecgdb,r08,2,71,284.0,9,7,2,2,77.77777777777777,85.02715283165244,1.0957727846636434,3.20599272243686,0.7562558530874856,0.249101735742018,0.23246501253315915,0.875,0.625,9.0,0.038111978258037985,3.0,0.8681821425755819,0.9960429668426514,0.9384726311480373,oof,do
adfecgdb,r08,2,72,288.0,9,7,2,2,77.77777777777777,85.02715283165244,0.9555554503960983,9.695017644329704,0.7570123188800528,0.5796252999544115,0.16654012174571178,1.0,0.6153846153846154,9.0,0.06844681564594925,3.0,0.9345540536774529,0.9957461953163147,0.46475377831725545,oof,vang
adfecgdb,r08,2,73,292.0,8,8,0,0,100.0,85.02715283165244,0.8980577962709452,4.894364675239462,0.7685498052225628,0.4822958163545101,0.010031887166931545,1.0,1.0,8.0,0.12138997374812317,3.0,0.9955363906919956,0.9977389574050903,0.11429815655226294,oof,vang
adfecgdb,r08,2,74,296.0,9,8,1,1,88.88888888888889,85.02715283165244,0.9888410358423304,5.1810785827612005,0.7564993801314747,0.3278079883052075,0.06827462167433948,1.0,0.75,9.0,0.08245198416139862,3.0,0.9763156407409244,0.9980043768882751,0.01343422090514704,oof,xanh
adfecgdb,r08,3,0,0.0,9,9,0,0,100.0,98.77300613496934,0.8269956181134644,7.931892452271816,0.7321438513665548,0.18666431470603367,0.0195295593449716,1.0,0.6666666666666666,9.0,0.05487867539225546,3.0,0.969218373298645,0.9959897398948669,0.0007393689733155995,oof,xanh
adfecgdb,r08,3,1,4.0,8,8,0,0,100.0,98.77300613496934,0.9234492891730017,6.778226986129443,0.758490195759319,0.09203585578555225,0.03038702529881731,1.0,0.75,8.0,0.12655392989677045,3.0,0.9535963498055935,0.9961487054824829,0.0027017649740704373,oof,xanh
adfecgdb,r08,3,2,8.0,9,9,0,0,100.0,98.77300613496934,0.964482416164571,7.405164501452665,0.7600906749702152,0.41481163296211143,0.00550052247621433,1.0,1.0,9.0,0.19128083174680685,3.0,0.9818055497275459,0.9970582723617554,0.05564745126159027,oof,vang
adfecgdb,r08,3,3,12.0,8,8,0,0,100.0,98.77300613496934,1.1133917928653498,4.454983172030035,0.7589656586066561,0.10022713211209446,0.018733872394323586,1.0,1.0,8.0,0.15963723296780324,3.0,0.9889698438346386,0.9973354935646057,0.015249525344874134,oof,xanh
adfecgdb,r08,3,4,16.0,8,8,0,0,100.0,98.77300613496934,1.0840402844330816,6.5000779602907865,0.7571053142494121,0.5863086976137688,0.006949883068931041,1.0,1.0,8.0,0.12967271394529656,3.0,0.9944159910082817,0.9990956783294678,0.044578591027003234,oof,xanh
adfecgdb,r08,3,5,20.0,8,8,0,0,100.0,98.77300613496934,1.0047226365804518,6.809619471603812,0.7518790318311621,0.4827424368230167,0.0092853866438627,1.0,0.875,8.0,0.12145291732970846,3.0,0.9961419552564621,0.997372031211853,0.11287746225343205,oof,vang
adfecgdb,r08,3,6,24.0,9,9,0,0,100.0,98.77300613496934,0.9068325465048507,6.157397748622495,0.7303377266215643,0.5227567660733137,0.022274109414017872,1.0,0.75,9.0,0.13942362383280898,3.0,0.9767575363318125,0.9970617890357971,0.20173226698964458,oof,vang
adfecgdb,r08,3,7,28.0,9,9,0,0,100.0,98.77300613496934,0.7778832437124396,4.351634745649376,0.6959951858658525,0.4769272455215594,0.0337920917815861,1.0,0.625,9.0,0.08580556872549198,4.0,0.9678661657704247,0.9964845180511475,0.02458738003689009,oof,xanh
adfecgdb,r08,3,8,32.0,9,9,0,0,100.0,98.77300613496934,0.6834814480554451,7.8583993596105675,0.684481799842683,0.3373170578660155,0.05543128287937226,1.0,0.5,9.0,0.09040670859592116,4.0,0.9619711703724332,0.9973265826702118,0.009880547140183486,oof,xanh
adfecgdb,r08,3,9,36.0,9,9,0,0,100.0,98.77300613496934,0.7905291134157961,8.155067165852486,0.7578742281001006,0.6062995488984981,0.01484934056908781,1.0,0.8888888888888888,9.0,0.19874055050386252,3.0,0.9697297513484955,0.9976073503494263,0.966435631410621,oof,do
adfecgdb,r08,3,10,40.0,8,8,0,0,100.0,98.77300613496934,0.8376543380403276,7.72058135489887,0.7615401241389483,0.23913849024626452,0.013333333333303716,1.0,0.8235294117647058,9.0,0.21870844527046024,3.0,0.9966512786017524,0.9988337159156799,0.07229197814872669,oof,vang
adfecgdb,r08,3,11,44.0,10,10,0,0,100.0,98.77300613496934,0.7299855919089363,5.783200712897791,0.7078321978265346,0.29486041607123925,0.009674109957700365,1.0,0.7058823529411765,9.0,0.09274965757587897,3.0,0.9930099348227183,0.9959736466407776,0.0005745213336065211,oof,xanh
adfecgdb,r08,3,12,48.0,9,9,0,0,100.0,98.77300613496934,0.7459119637191133,9.351795111559605,0.7606835472203208,0.24228906963709543,0.031022356519658893,1.0,0.8888888888888888,9.0,0.17560025572633067,3.0,0.9680839147832658,0.9965987205505371,0.005488458266717022,oof,xanh
adfecgdb,r08,3,13,52.0,10,10,0,0,100.0,98.77300613496934,0.6791735477331423,6.116213064567285,0.7411905898675364,0.4548547117004033,0.03675645011608724,1.0,0.7777777777777778,10.0,0.03878112251752333,3.0,0.9891534954309463,0.9965862035751343,0.018095251656190928,oof,xanh
adfecgdb,r08,3,14,56.0,9,9,0,0,100.0,98.77300613496934,0.7097491373041939,10.109764875837499,0.7525486745836241,0.15034791527478186,0.03458529045571751,1.0,0.8235294117647058,9.0,0.16443968924413208,3.0,0.9806136952506171,0.9978082776069641,0.01681340839813024,oof,xanh
adfecgdb,r08,3,15,60.0,8,8,0,0,100.0,98.77300613496934,0.8261926657181912,8.55760983802089,0.7478600247854503,0.16457379004736014,0.019049865422660888,1.0,0.875,8.0,0.16907130301055634,3.0,0.9852515459060669,0.9972869157791138,0.01650742104850268,oof,xanh
adfecgdb,r08,3,16,64.0,9,9,0,0,100.0,98.77300613496934,0.7571430347681795,5.41183153466214,0.7339301224786962,0.2067356232693114,0.010054154136902846,1.0,0.7777777777777778,9.0,0.07102622367956866,3.0,0.9951008094681634,0.9982317090034485,0.0038101137274070104,oof,xanh
adfecgdb,r08,3,17,68.0,8,8,0,0,100.0,98.77300613496934,0.7821821880093027,13.15770674719247,0.73395047405296,0.08082072452367858,0.03905045610664529,1.0,0.8,8.0,0.14423591247688336,3.0,0.9914149343967438,0.9973370432853699,0.008879650136184676,oof,xanh
adfecgdb,r08,3,18,72.0,9,9,0,0,100.0,98.77300613496934,0.7291824182395441,13.528435522953103,0.6970937422316907,0.08504022148783848,0.009807315690767055,1.0,0.18181818181818182,9.0,0.09185962378772855,3.0,0.9952866468164656,0.9973766803741455,0.0025345412435128474,oof,xanh
adfecgdb,r08,3,19,76.0,9,9,0,0,100.0,98.77300613496934,0.6355345975121869,9.150700014282021,0.6874959488782875,0.35371022328569096,0.047503958504614315,1.0,0.5333333333333333,9.0,0.059384616437643596,4.0,0.9795393513308631,0.9965031147003174,0.00045275162964730856,oof,xanh
adfecgdb,r08,3,20,80.0,9,9,0,0,100.0,98.77300613496934,0.8692096004548066,7.9876858811373435,0.7331031752896217,0.13299433727465468,0.029978187843146757,1.0,1.0,9.0,0.16553222980274804,3.0,0.9890843265586429,0.9979971051216125,0.013274292407614062,oof,xanh
adfecgdb,r08,3,21,84.0,8,8,0,0,100.0,98.77300613496934,0.7339691750802004,9.26318931453177,0.7527902701317312,0.13902695100922136,0.007619946169064345,1.0,1.0,8.0,0.1383092580854201,3.0,0.9948555491864681,0.9981620907783508,0.0018743574258533666,oof,xanh
adfecgdb,r08,3,22,88.0,8,8,0,0,100.0,98.77300613496934,0.7661552617948421,10.863810729299168,0.7207149545501921,0.25267467646292197,0.009463951771628914,1.0,0.8,8.0,0.10727630957430914,3.0,0.9969555772840977,0.9984394907951355,0.0019190012538971024,oof,xanh
adfecgdb,r08,3,23,92.0,9,9,0,0,100.0,98.77300613496934,0.796691266042595,8.187787899042664,0.7577968708849637,0.2593754862941912,0.012217613079492963,1.0,1.0,9.0,0.15927433189253612,3.0,0.9970212645000882,0.9987521171569824,0.002770667763874506,oof,xanh
adfecgdb,r08,3,24,96.0,8,8,0,0,100.0,98.77300613496934,0.8617726684875899,10.10455199507212,0.7599490171981462,0.3153727156527214,0.00875133804722407,1.0,1.0,8.0,0.12540459833270842,3.0,0.996709082275629,0.9972736239433289,0.001123052686937546,oof,xanh
adfecgdb,r08,3,25,100.0,9,9,0,0,100.0,98.77300613496934,0.805508553857017,9.50303847241042,0.7706315655753465,0.3597051092111393,0.00749805544400489,1.0,0.8888888888888888,9.0,0.22568140777414405,3.0,0.9900898966524336,0.9980618059635162,0.0969864383933982,oof,vang
adfecgdb,r08,3,26,104.0,9,9,0,0,100.0,98.77300613496934,0.8439959422764676,9.29394691118228,0.7693338602299609,0.4168264946791893,0.03062468911174852,1.0,1.0,9.0,0.15742049827950783,3.0,0.9934291574690077,0.9987439513206482,0.006270500587057528,oof,xanh
adfecgdb,r08,3,27,108.0,8,8,0,0,100.0,98.77300613496934,0.8968612128070081,9.952004159712432,0.7559011688106725,0.5323385239853442,0.009059703115656171,1.0,1.0,8.0,0.13955333665077532,3.0,0.9961614944040775,0.9980846643447876,0.053506906799956185,oof,vang
adfecgdb,r08,3,28,112.0,8,8,0,0,100.0,98.77300613496934,0.843439179607618,9.621246474632189,0.7563702990703495,0.5565569051069958,0.007440653318027933,1.0,1.0,8.0,0.22066590907083733,3.0,0.9964270107448101,0.9978431463241577,0.34775672594175483,oof,vang
adfecgdb,r08,3,29,116.0,9,9,0,0,100.0,98.77300613496934,0.7710370348723807,10.10690957792032,0.7589083533938124,0.2793543203156793,0.035315671521321194,1.0,1.0,9.0,0.1674639022577886,3.0,0.9900465839438968,0.9983266592025757,0.006880740592373299,oof,xanh
adfecgdb,r08,3,30,120.0,9,9,0,0,100.0,98.77300613496934,0.7124835541957714,10.762455144106719,0.7596563017143768,0.2658326914414472,0.020093396839499542,1.0,0.8235294117647058,9.0,0.12786003726078424,3.0,0.9910877446333567,0.9970080852508545,0.001915295961752548,oof,xanh
adfecgdb,r08,3,31,124.0,10,10,0,0,100.0,98.77300613496934,0.6221581193165817,7.111480139702314,0.7303349688503988,0.38551565947578925,0.013285375006366434,1.0,1.0,10.0,0.26389960985292366,3.0,0.9785935610532761,0.9972248077392578,0.0027645643086921063,oof,xanh
adfecgdb,r08,3,32,128.0,10,10,0,0,100.0,98.77300613496934,0.8265888089949335,8.233071946980623,0.7606314510765021,0.31518754847956143,0.03445283455121532,1.0,1.0,10.0,0.13144442983010718,3.0,0.9662042856216431,0.9955773651599884,0.0007705424910316316,oof,xanh
adfecgdb,r08,3,33,132.0,10,9,1,1,90.0,98.77300613496934,0.7956447529077244,5.5530210845996315,0.7303641038564186,0.5618002930414545,0.09372251184652049,1.0,0.9,10.0,0.22345963874062072,3.0,0.936403465270996,0.9973391592502594,0.8811608912420685,oof,do
adfecgdb,r08,3,34,136.0,8,8,0,0,100.0,98.77300613496934,0.838433658175738,11.53370598607978,0.7635988318622796,0.5440610958106101,0.02579566475951669,1.0,1.0,8.0,0.17161896560177173,3.0,0.9934207685291767,0.997869610786438,0.21791985195766947,oof,vang
adfecgdb,r08,3,35,140.0,9,9,0,0,100.0,98.77300613496934,0.8470693782889844,6.827845013581488,0.7640139658567585,0.44923526460364815,0.030537157677295736,1.0,0.8888888888888888,9.0,0.12687878862088625,3.0,0.9893154733710818,0.9984800219535828,0.18810001599575255,oof,vang
adfecgdb,r08,3,36,144.0,8,8,0,0,100.0,98.77300613496934,0.8497967470965885,9.837764233158312,0.7492158753919954,0.5504632381700421,0.015372603498642223,1.0,1.0,8.0,0.17895131316935367,3.0,0.990709975361824,0.9979811012744904,0.256849910390798,oof,vang
adfecgdb,r08,3,37,148.0,9,9,0,0,100.0,98.77300613496934,0.8365784845810424,10.03239826354757,0.7565500406229292,0.5263794190423932,0.011339543648122402,1.0,1.0,9.0,0.16723992477624508,3.0,0.9962270922131009,0.997788667678833,0.16434830255323418,oof,vang
adfecgdb,r08,3,38,152.0,9,8,1,1,88.88888888888889,98.77300613496934,0.7923746642126147,9.881249152898196,0.7517553215546134,0.5680785043046191,0.06725291788414998,1.0,1.0,9.0,0.21939287431095011,3.0,0.9614178174071841,0.9966933727264404,0.21788418309900598,oof,vang
adfecgdb,r08,3,39,156.0,9,9,0,0,100.0,98.77300613496934,0.8907031794769232,8.34919280654978,0.7586057487173381,0.49490599758484677,0.006095748113664002,1.0,1.0,9.0,0.18485614344508736,3.0,0.9959032502439287,0.997442364692688,0.6766264125967558,oof,do
adfecgdb,r08,3,40,160.0,8,8,0,0,100.0,98.77300613496934,0.876155543420628,10.079489928774082,0.7623958566319274,0.4584096936007816,0.006018402316407652,1.0,1.0,8.0,0.16216600228995728,3.0,0.9964633360505104,0.9986770749092102,0.005499145828662169,oof,xanh
adfecgdb,r08,3,41,164.0,9,8,0,1,94.11764705882354,98.77300613496934,0.15819211508701206,198.5190855596284,0.8108578141282623,0.5795935154751626,0.26924275226545513,0.8571428571428571,0.0,8.0,0.03320963396418857,2.0,0.9646051488816738,0.9975714087486267,0.286284253739128,oof,vang
adfecgdb,r08,3,42,168.0,9,8,1,1,88.88888888888889,98.77300613496934,0.8765385947719142,9.436424622969593,0.7690751588837067,0.583789442002415,0.08268313295745748,1.0,1.0,9.0,0.1982301818979956,3.0,0.9953359464804331,0.9981489777565002,0.7156324977321973,oof,do
adfecgdb,r08,3,43,172.0,9,9,0,0,100.0,98.77300613496934,0.7065603928013918,7.139683549084312,0.7263174202868719,0.4971300241865692,0.013869638860357225,1.0,0.7058823529411765,9.0,0.08503015328175026,3.0,0.9963541196452247,0.998494029045105,0.051770492526297965,oof,xanh
adfecgdb,r08,3,44,176.0,8,8,1,0,94.11764705882354,98.77300613496934,0.9168190935877715,9.609881893137038,0.7666715781215394,0.314003028013117,0.08826181273830055,1.0,0.9411764705882353,9.0,0.17111367014946047,3.0,0.9287810756100549,0.9971514046192169,0.2618284695412776,oof,vang
adfecgdb,r08,3,45,180.0,9,8,1,1,88.88888888888889,98.77300613496934,0.9511564700427126,8.019439719441788,0.7671795006535124,0.19969821351123884,0.06521381443221352,1.0,0.8888888888888888,9.0,0.1843694994759397,3.0,0.9842359953456454,0.9969122409820557,0.019153993643230692,oof,xanh
adfecgdb,r08,3,46,184.0,9,8,3,1,80.0,98.77300613496934,1.050803104467258,6.0014426317763565,0.7652436959596577,0.23187296991956605,0.19186602134228342,0.8,0.8421052631578947,11.0,0.2148870535612337,3.0,0.9166910592466593,0.998610258102417,0.9461191655000867,oof,do
adfecgdb,r08,3,47,188.0,8,8,0,0,100.0,98.77300613496934,0.8255861119831699,11.328996983342954,0.7650413896725285,0.25923911196511173,0.09684209692582514,1.0,1.0,8.0,0.1965454936881411,3.0,0.9951611086726189,0.997929573059082,0.12976994206222683,oof,vang
adfecgdb,r08,3,48,192.0,7,7,0,0,100.0,98.77300613496934,0.9515342357508537,11.138653057709218,0.7728391421707068,0.28021301073571203,0.03338764765409507,1.0,1.0,7.0,0.08781624675356114,3.0,0.9961061349936894,0.9982694387435913,0.004952811232919305,oof,xanh
adfecgdb,r08,3,49,196.0,9,9,0,0,100.0,98.77300613496934,0.9383701718763864,8.008169837142873,0.7712918838775215,0.22128783837449098,0.02213882002277592,1.0,1.0,9.0,0.1795580311051146,3.0,0.9928489592340257,0.9985942244529724,0.007468324765696422,oof,xanh
adfecgdb,r08,3,50,200.0,9,9,0,0,100.0,98.77300613496934,0.8612890859236652,7.265984249093989,0.7525068846707038,0.3720673591224481,0.007764048245057217,1.0,0.8888888888888888,9.0,0.2185495243853249,3.0,0.9912326236565908,0.9972490668296814,0.08847390458172884,oof,vang
adfecgdb,r08,3,51,204.0,9,9,0,0,100.0,98.77300613496934,0.8548042276614226,9.084141862801848,0.7563823710187189,0.11251967820704771,0.011651999500653185,1.0,1.0,9.0,0.1747692283268031,3.0,0.992081407043669,0.9960304796695709,0.0035427322514611113,oof,xanh
adfecgdb,r08,3,52,208.0,9,9,0,0,100.0,98.77300613496934,0.7172230486528522,10.48227613835957,0.7168401858799872,0.05913368768922667,0.024257499131181894,1.0,1.0,9.0,0.1922855212350711,3.0,0.9929605954223208,0.997389942407608,0.033038835545555104,oof,xanh
adfecgdb,r08,3,53,212.0,9,9,0,0,100.0,98.77300613496934,0.7469126216265227,10.684223099188852,0.733200946104811,0.05185989820223225,0.017183771247989782,1.0,1.0,9.0,0.1578013217038832,3.0,0.98994380235672,0.9972122311592102,0.0036590709065247775,oof,xanh
adfecgdb,r08,3,54,216.0,8,8,0,0,100.0,98.77300613496934,0.7533905837428797,6.4787648273080585,0.7457326263115768,0.08176038476632827,0.020112710368823682,1.0,0.9411764705882353,8.0,0.19958675123455719,3.0,0.9951692372560501,0.9985062479972839,0.33536026992572276,oof,vang
adfecgdb,r08,3,55,220.0,9,9,0,0,100.0,98.77300613496934,0.6182807933974452,9.860288314563945,0.7249740743222493,0.1889548434716,0.012987012986984854,1.0,0.8,9.0,0.20226484834292613,3.0,0.9811638792355856,0.9971334934234619,0.010150031129344117,oof,xanh
adfecgdb,r08,3,56,224.0,9,9,0,0,100.0,98.77300613496934,0.6588529587221503,8.632160608149015,0.7543350723157051,0.44217458726422304,0.010313616179144948,1.0,0.9411764705882353,9.0,0.19010714653496746,3.0,0.9962316022978889,0.9980080723762512,0.5384755687012055,oof,vang
adfecgdb,r08,3,57,228.0,8,8,0,0,100.0,98.77300613496934,0.6558324647758549,11.880013599203851,0.728391399911183,0.1402607797765724,0.020492643039579456,1.0,0.875,8.0,0.14736446571834297,3.0,0.9886934943497181,0.9980093836784363,0.002900153513175512,oof,xanh
adfecgdb,r08,3,58,232.0,9,9,0,0,100.0,98.77300613496934,0.6134447660971413,9.369064721753904,0.7325826034275109,0.26517241946420483,0.007247074508641236,1.0,0.75,9.0,0.16913999395823898,4.0,0.9944238397810194,0.9975333213806152,0.0017084244699704112,oof,xanh
adfecgdb,r08,3,59,236.0,8,8,0,0,100.0,98.77300613496934,0.6945494465559885,10.84377023271702,0.762165784396801,0.3663340204672289,0.008397822097285798,1.0,0.8,8.0,0.18094388716721177,3.0,0.9918248392641544,0.9978170394897461,0.005441776251632174,oof,xanh
adfecgdb,r08,3,60,240.0,9,9,0,0,100.0,98.77300613496934,0.5656676098432164,8.803062286207576,0.7173009573875696,0.3849961814024857,0.007132526430856464,1.0,0.7777777777777778,9.0,0.12718194237006045,4.0,0.9966998762554593,0.9989657402038574,0.0003554919500717821,oof,xanh
adfecgdb,r08,3,61,244.0,8,8,0,0,100.0,98.77300613496934,0.7792567786569949,10.24481282005552,0.7417860681592703,0.5301187160364754,0.004324721117515842,1.0,1.0,8.0,0.15739785013869667,3.0,0.9961963258683681,0.9978320896625519,0.09091211280258489,oof,vang
adfecgdb,r08,3,62,248.0,9,9,0,0,100.0,98.77300613496934,0.6696433692187614,11.303932886912566,0.7194692046875428,0.5888654815313481,0.008293326223124411,1.0,0.875,9.0,0.20439382675560466,3.0,0.9904466271400452,0.9976935982704163,0.12430399241457901,oof,vang
adfecgdb,r08,3,63,252.0,8,8,0,0,100.0,98.77300613496934,0.7691286408107697,7.717289093144602,0.7412378941368389,0.5785899481137959,0.0331783022639741,1.0,0.75,8.0,0.1608690584828813,3.0,0.9765514507889748,0.9979052543640137,0.693059383120459,oof,do
adfecgdb,r08,3,64,256.0,9,9,0,0,100.0,98.77300613496934,0.7468722698673826,11.154944045813737,0.7718077787854151,0.5329889475121193,0.007798315969589953,1.0,1.0,9.0,0.16060073556502494,3.0,0.9949539966053433,0.9981456995010376,0.038385176481094165,oof,xanh
adfecgdb,r08,3,65,260.0,8,8,0,0,100.0,98.77300613496934,0.7122169283773226,9.744417313179332,0.7347411008395162,0.5596625093459211,0.006048658972220884,1.0,1.0,8.0,0.22776677869470835,3.0,0.9965521432459354,0.9982435703277588,0.20064183025290458,oof,vang
adfecgdb,r08,3,66,264.0,8,8,0,0,100.0,98.77300613496934,0.7409815250689367,7.792447672077261,0.7593201440974788,0.6400146727790262,0.008327167344063602,1.0,0.875,8.0,0.19651477856305422,3.0,0.9964272193610668,0.9980539083480835,0.5396852132547756,oof,vang
adfecgdb,r08,3,67,268.0,9,9,0,0,100.0,98.77300613496934,0.7345458506220967,7.328426925903541,0.7577610804500751,0.5887764857830587,0.007308231255549447,1.0,0.7777777777777778,9.0,0.2427706088597217,3.0,0.9927670823203193,0.9974386692047119,0.2043096818739689,oof,vang
adfecgdb,r08,3,68,272.0,8,8,0,0,100.0,98.77300613496934,0.7358886245903502,12.896540028062537,0.7336894038093847,0.48106120001272723,0.036528924619564196,1.0,1.0,8.0,0.16209203184472157,3.0,0.9931711331009865,0.9980471134185791,0.1971185674961138,oof,vang
adfecgdb,r08,3,69,276.0,9,8,1,1,88.88888888888889,98.77300613496934,0.6899776057986663,6.437467060634608,0.7568903270439112,0.5978036807980074,0.044506421952579214,1.0,0.7777777777777778,9.0,0.20318149052028175,3.0,0.9730590913030837,0.9981235861778259,0.9274868149772886,oof,do
adfecgdb,r08,3,70,280.0,8,8,0,0,100.0,98.77300613496934,0.7441759188490371,9.398460980459761,0.7596228683769513,0.5109575083659907,0.007067820478585327,1.0,0.875,8.0,0.1926742282802856,3.0,0.9961466677486897,0.9981556534767151,0.8135314059999857,oof,do
adfecgdb,r08,3,71,284.0,9,9,0,0,100.0,98.77300613496934,0.8112677120008349,11.186616240679617,0.7635530335047167,0.594190385839943,0.006664885804039517,1.0,1.0,9.0,0.11809384992717682,3.0,0.9964644246631198,0.9972975850105286,0.015267080540959118,oof,xanh
adfecgdb,r08,3,72,288.0,9,9,0,0,100.0,98.77300613496934,0.7829060200400036,8.146564395215936,0.7538254779728716,0.5855881210790257,0.014812727718173208,1.0,0.8235294117647058,9.0,0.17290356151821842,3.0,0.9898489548100365,0.9982688724994659,0.6523514613827163,oof,do
adfecgdb,r08,3,73,292.0,8,8,0,0,100.0,98.77300613496934,0.8633951298212479,8.612769120277118,0.7540423983783726,0.5303822934996975,0.004209114963706372,1.0,1.0,8.0,0.1333230955983935,3.0,0.9955642893910408,0.9972104430198669,0.026422528596255566,oof,xanh
adfecgdb,r08,3,74,296.0,9,9,0,0,100.0,98.77300613496934,0.7585058561464709,9.176757494769639,0.766982292397422,0.5879113672356181,0.030640444836009393,1.0,0.8888888888888888,9.0,0.17786350963652783,3.0,0.9852984746297201,0.9978803396224976,0.7047387459901878,oof,do
adfecgdb,r08,4,0,0.0,9,8,1,1,88.88888888888889,99.76976208749039,0.6902407597155032,10.798935988878647,0.7534283937341837,0.1617378174143655,0.21589621783830507,0.875,0.7777777777777778,9.0,0.1629359669275859,3.0,0.9234651856952243,0.9935364127159119,0.31851319517717447,oof,vang
adfecgdb,r08,4,1,4.0,8,8,0,0,100.0,99.76976208749039,0.7371129023437032,8.359863368863136,0.7456332142975027,0.1492899223893755,0.010820721829861575,1.0,0.7142857142857143,8.0,0.05641672766444862,3.0,0.9811230972409248,0.9977017045021057,0.004567331701668874,oof,xanh
adfecgdb,r08,4,2,8.0,9,9,0,0,100.0,99.76976208749039,0.6249723351806087,6.369903346602811,0.7453197538783158,0.48493334210305605,0.018075695935091438,1.0,0.6666666666666666,9.0,0.1776191912719945,3.0,0.9883457985189226,0.9967373013496399,0.05870856420297717,oof,vang
adfecgdb,r08,4,3,12.0,8,8,0,0,100.0,99.76976208749039,0.6466063630978192,6.144506726305542,0.7158366549787928,0.11559622784724312,0.006048658972220884,1.0,0.625,8.0,0.11605710907256513,4.0,0.9932330101728439,0.9967250823974609,0.00017717294904905887,oof,xanh
adfecgdb,r08,4,4,16.0,8,8,0,0,100.0,99.76976208749039,0.7488627886866988,6.9127118846356765,0.7465205504925545,0.5587703251479161,0.005846037572262686,1.0,0.75,8.0,0.13498231845409822,3.0,0.9946994706988335,0.9966447353363037,0.05943576591699141,oof,vang
adfecgdb,r08,4,5,20.0,8,8,0,0,100.0,99.76976208749039,0.697911337340335,5.738517157447587,0.7181275935545306,0.48916318159627586,0.006247346661296639,1.0,0.625,8.0,0.1032678735845838,3.0,0.9954331889748573,0.9974004030227661,0.07067923408799909,oof,vang
adfecgdb,r08,4,6,24.0,9,9,0,0,100.0,99.76976208749039,0.637921982146118,6.569599448289399,0.7245343400909379,0.5627414690523656,0.01585448045239834,1.0,0.6666666666666666,9.0,0.08891124998546865,3.0,0.9942958619859483,0.9983627200126648,0.1446927213930092,oof,vang
adfecgdb,r08,4,7,28.0,9,9,0,0,100.0,99.76976208749039,0.6934547964211517,6.918368758140645,0.7533424465481267,0.4898953299851789,0.021314806770231405,1.0,0.7058823529411765,9.0,0.041557321945262474,3.0,0.9841559396849738,0.9981397390365601,0.20315990779248297,oof,vang
adfecgdb,r08,4,8,32.0,9,9,0,0,100.0,99.76976208749039,0.5442519103194797,7.310902420705959,0.7066702611867829,0.23766134943676478,0.003909821236038304,1.0,0.6666666666666666,9.0,0.08236791776534338,4.0,0.9935243626435598,0.9956741333007812,6.66736009211736e-05,oof,xanh
adfecgdb,r08,4,9,36.0,9,9,0,0,100.0,99.76976208749039,0.4578118344347549,5.222313496070441,0.7309775050456725,0.6150687533941395,0.011974437008355406,1.0,0.47058823529411764,9.0,0.0865137804025038,3.0,0.993929922580719,0.9975820183753967,0.19264557768141025,oof,vang
adfecgdb,r08,4,10,40.0,8,8,0,0,100.0,99.76976208749039,0.5149987382648705,4.436464162199253,0.7126672189993843,0.2720660953419448,0.01405456737849491,1.0,0.5555555555555556,9.0,0.07284837195615086,4.0,0.9909826980696784,0.9960220456123352,0.0005425969262457957,oof,xanh
adfecgdb,r08,4,11,44.0,10,10,0,0,100.0,99.76976208749039,0.5755151142782012,8.579053663539977,0.7398710298705622,0.1903875431557739,0.037713129059975044,1.0,0.8888888888888888,9.0,0.05635549109238911,3.0,0.9861925707923042,0.9946621060371399,0.00013693135575485325,oof,xanh
adfecgdb,r08,4,12,48.0,9,9,0,0,100.0,99.76976208749039,0.5405730428940635,7.367788450838832,0.7312057416865763,0.25762104409282904,0.01851452075892607,1.0,0.8235294117647058,9.0,0.15624972650689464,3.0,0.9831915630234612,0.9954150915145874,0.00040280602663902846,oof,xanh
adfecgdb,r08,4,13,52.0,10,10,0,0,100.0,99.76976208749039,0.5158070117338196,8.100749436054105,0.7477090027569671,0.2901231156600793,0.025806451612840786,1.0,0.7368421052631579,10.0,0.05050893093954166,3.0,0.978259590268135,0.9931291937828064,0.00013427701676644511,oof,xanh
adfecgdb,r08,4,14,56.0,9,9,0,0,100.0,99.76976208749039,0.5124895305177987,8.638247681464561,0.7120051562145077,0.11049266205605664,0.0295945336807458,1.0,0.625,9.0,0.0841029335918961,3.0,0.9853006601333618,0.997234046459198,0.001974142909248985,oof,xanh
adfecgdb,r08,4,15,60.0,8,8,0,0,100.0,99.76976208749039,0.5878800671975483,6.853739023653757,0.7518143396973007,0.11409520868065304,0.014854009645677025,1.0,0.875,8.0,0.16330693171141702,3.0,0.9961956851184368,0.9975093603134155,0.0027451068163200695,oof,xanh
adfecgdb,r08,4,16,64.0,9,9,0,0,100.0,99.76976208749039,0.6003436303393,9.555489238497685,0.7675844629121253,0.053326997425540056,0.006953091803665514,1.0,1.0,9.0,0.1557998570843194,3.0,0.9966824021604326,0.9992377758026123,0.00034075315275097816,oof,xanh
adfecgdb,r08,4,17,68.0,8,8,0,0,100.0,99.76976208749039,0.5015717070811586,11.322377247004981,0.6933499580260195,0.1754581441664979,0.0260220160534614,1.0,0.3333333333333333,8.0,0.06988546600958366,4.0,0.9915063194930553,0.9983310103416443,0.0025430239579766595,oof,xanh
adfecgdb,r08,4,18,72.0,9,9,0,0,100.0,99.76976208749039,0.5224167112751397,11.400642368592884,0.693060611548627,0.326430211506955,0.0081407228178698,1.0,0.16666666666666666,9.0,0.08925727023725538,4.0,0.9958938095304701,0.9971390962600708,0.00024446393523323303,oof,xanh
adfecgdb,r08,4,19,76.0,9,9,0,0,100.0,99.76976208749039,0.4769481771885388,12.240350339926756,0.736752206495724,0.30135073167264625,0.0076639416263940136,1.0,0.6666666666666666,9.0,0.035923011924923955,4.0,0.9937440156936646,0.9967657327651978,0.0002085467331443645,oof,xanh
adfecgdb,r08,4,20,80.0,9,9,0,0,100.0,99.76976208749039,0.6471240695942737,8.685925979296094,0.7879176286093319,0.2923074680406166,0.01132059351349742,1.0,1.0,9.0,0.19874865655425247,3.0,0.9957079324457381,0.9976215958595276,0.014101996896002231,oof,xanh
adfecgdb,r08,4,21,84.0,8,8,0,0,100.0,99.76976208749039,0.43924201768315535,10.885135237694945,0.7128095367381362,0.40380647375201956,0.009935194278575797,1.0,0.8,8.0,0.14726927252573802,4.0,0.9962156377732754,0.9982297420501709,0.0008198845857390388,oof,xanh
adfecgdb,r08,4,22,88.0,8,8,0,0,100.0,99.76976208749039,0.4600961203145432,7.2421715738966945,0.6931035438065988,0.405228047712001,0.032872101757568696,1.0,0.5,8.0,0.046654902794401154,4.0,0.9957702308893204,0.9979206919670105,0.0014518733763739372,oof,xanh
adfecgdb,r08,4,23,92.0,9,9,0,0,100.0,99.76976208749039,0.48855763803715635,8.956677353660323,0.7655083008087317,0.20069410331601864,0.010671810268213318,1.0,1.0,9.0,0.15735386478641722,3.0,0.99712492691146,0.9979326725006104,0.0011343642656328784,oof,xanh
adfecgdb,r08,4,24,96.0,8,8,0,0,100.0,99.76976208749039,0.49770297896923116,9.370888995746457,0.7536078154658141,0.4088843335768752,0.00748108495504351,1.0,0.875,8.0,0.1649394316421672,3.0,0.995860155671835,0.9969147443771362,0.0007378679772089978,oof,xanh
adfecgdb,r08,4,25,100.0,9,9,0,0,100.0,99.76976208749039,0.5518198316590398,9.305627135789951,0.7709198034408625,0.4355104777885892,0.00749805544400489,1.0,0.8888888888888888,9.0,0.20669042780317448,3.0,0.9943118823899163,0.9970977306365967,0.07578051237496167,oof,vang
adfecgdb,r08,4,26,104.0,9,9,0,0,100.0,99.76976208749039,0.5014508076585475,8.913886360047556,0.7730966807223452,0.3583854363376482,0.009764488984693927,1.0,1.0,9.0,0.18044544664859447,3.0,0.9960618118445078,0.9983844757080078,0.001724748708280396,oof,xanh
adfecgdb,r08,4,27,108.0,8,8,0,0,100.0,99.76976208749039,0.5464794173485374,12.331584166287028,0.7604798373439999,0.49259642566599443,0.011095824927230304,1.0,1.0,8.0,0.14435301503551504,3.0,0.9961831271648407,0.9971031546592712,0.008712218393125535,oof,xanh
adfecgdb,r08,4,28,112.0,8,8,0,0,100.0,99.76976208749039,0.4967479895923178,9.126511549477826,0.7387452784877627,0.5667157282660472,0.007440653318027933,1.0,0.875,8.0,0.1520321189444075,3.0,0.9962171092629433,0.9981259703636169,0.12626964912915759,oof,vang
adfecgdb,r08,4,29,116.0,9,9,0,0,100.0,99.76976208749039,0.5919245598743178,13.740090595885906,0.7808120956664791,0.28329812214540506,0.016923782373511366,1.0,1.0,9.0,0.13278405979487126,3.0,0.9959740969869826,0.9973241090774536,0.00033913544794683404,oof,xanh
adfecgdb,r08,4,30,120.0,9,9,0,0,100.0,99.76976208749039,0.4695719133752819,9.869892795113536,0.7442540485276047,0.21851395856171235,0.01782168386972342,1.0,0.8235294117647058,9.0,0.14710833349693364,3.0,0.9845113621817695,0.9961881637573242,0.0008529054975805305,oof,xanh
adfecgdb,r08,4,31,124.0,10,10,0,0,100.0,99.76976208749039,0.4128568342690966,7.51541847845715,0.717264591512336,0.41343932693822305,0.01821870221222888,1.0,1.0,10.0,0.2545526754386525,3.0,0.9808991193771363,0.9920257031917572,0.0002928364530419163,oof,xanh
adfecgdb,r08,4,32,128.0,10,10,0,0,100.0,99.76976208749039,0.6093383683571904,9.723321370107852,0.7586462339711509,0.38251773291554314,0.011547005383763659,1.0,0.9,10.0,0.14749393249354373,3.0,0.9893964916467667,0.9945437908172607,0.00027235475268243996,oof,xanh
adfecgdb,r08,4,33,132.0,10,10,0,0,100.0,99.76976208749039,0.5653334659784185,5.106800663757806,0.7433141860243889,0.6012793021837404,0.040287836826751,1.0,0.7,10.0,0.2755115452778667,3.0,0.9830348581075669,0.9968723356723785,0.022289765478138806,oof,xanh
adfecgdb,r08,4,34,136.0,8,8,0,0,100.0,99.76976208749039,0.5051869754682342,7.725563226544029,0.7026547177080367,0.5314375966496921,0.02579566475951669,1.0,0.75,8.0,0.12909877837864991,3.0,0.9965856894850731,0.998330295085907,0.01767243864916383,oof,xanh
adfecgdb,r08,4,35,140.0,9,9,0,0,100.0,99.76976208749039,0.49059545392416165,7.5907088191795875,0.729392799616292,0.4773787550727668,0.02991308862958955,1.0,0.7777777777777778,9.0,0.14837821321655667,3.0,0.9951216744052039,0.9974544644355774,0.1568498204136578,oof,vang
adfecgdb,r08,4,36,144.0,8,8,0,0,100.0,99.76976208749039,0.4587795945176162,8.252071457117555,0.7336464109703011,0.5716665089654308,0.017255798830038395,1.0,0.875,8.0,0.11587249635033335,3.0,0.9955699928104877,0.9975862205028534,0.16870229768995548,oof,vang
adfecgdb,r08,4,37,148.0,9,9,0,0,100.0,99.76976208749039,0.5726574097722417,9.78025050302356,0.7631921301269623,0.5385571181478245,0.013699226006039154,1.0,1.0,9.0,0.15610517463957674,3.0,0.9944359693262312,0.9969894289970398,0.015684308077331212,oof,xanh
adfecgdb,r08,4,38,152.0,9,9,0,0,100.0,99.76976208749039,0.4503492132207296,12.11520581979476,0.7328455072399944,0.5990008958635009,0.025843650293172166,1.0,0.8888888888888888,9.0,0.21531702118074333,3.0,0.989391502406862,0.9966821074485779,0.20865688776329283,oof,vang
adfecgdb,r08,4,39,156.0,9,9,0,0,100.0,99.76976208749039,0.533647971396651,8.1024027385396,0.7541079481133527,0.5910238949037144,0.00746573623950494,1.0,0.7777777777777778,9.0,0.042981309629694514,3.0,0.9960518446233537,0.9969706535339355,0.013439468323471293,oof,xanh
adfecgdb,r08,4,40,160.0,8,8,0,0,100.0,99.76976208749039,0.5154971569409883,11.716091132830803,0.7392185261984492,0.514510578064869,0.00852177519097245,1.0,1.0,8.0,0.210464465376935,3.0,0.992921981960535,0.9981288313865662,0.13210288936476686,oof,vang
adfecgdb,r08,4,41,164.0,9,9,0,0,100.0,99.76976208749039,0.5049642617442973,12.380949366450965,0.7582925665703273,0.45178373153097706,0.010127447397468587,1.0,0.7777777777777778,9.0,0.21242348028200259,3.0,0.9911846650971307,0.9970878958702087,0.11405441186291566,oof,vang
adfecgdb,r08,4,42,168.0,9,9,0,0,100.0,99.76976208749039,0.5101367848688367,7.971261460064664,0.7496703198619096,0.6366416521066591,0.0071944138619266995,1.0,0.8888888888888888,9.0,0.17595914667928625,3.0,0.9966768092579312,0.9983680844306946,0.030351041843060676,oof,xanh
adfecgdb,r08,4,43,172.0,9,9,0,0,100.0,99.76976208749039,0.5253654929413792,8.240139529777982,0.7489557117202145,0.45576157939132067,0.011115981998981376,1.0,0.8235294117647058,9.0,0.2056488395213195,3.0,0.9954698085784912,0.9974257349967957,0.463634470696636,oof,vang
adfecgdb,r08,4,44,176.0,8,8,0,0,100.0,99.76976208749039,0.6058058371139111,13.94765610213588,0.7675749390375183,0.2520582742427544,0.26121303617253905,0.8571428571428571,1.0,8.0,0.17245298494170744,3.0,0.9907949566841125,0.9975149929523468,0.06669445662543684,oof,vang
adfecgdb,r08,4,45,180.0,9,9,0,0,100.0,99.76976208749039,0.5374327187486331,7.218897184301428,0.7229653128423611,0.21598953721665384,0.016975614897270667,1.0,0.8888888888888888,9.0,0.28069449010738073,4.0,0.9905948175324334,0.9972298741340637,0.002816846662054272,oof,xanh
adfecgdb,r08,4,46,184.0,9,9,1,0,94.73684210526316,99.76976208749039,0.5756542835857132,5.973204148561525,0.7001096650074392,0.2662066046302027,0.26989871285872047,0.7777777777777778,0.631578947368421,10.0,0.26325768626857743,4.0,0.948927891254425,0.9979208111763,0.017405329016395073,oof,xanh
adfecgdb,r08,4,47,188.0,8,8,0,0,100.0,99.76976208749039,0.5464606372406634,9.849009319657503,0.765242011113327,0.2959897455525072,0.09658208201724679,1.0,0.875,8.0,0.16819654823895316,3.0,0.9959833845496178,0.9979658126831055,0.019071557261498433,oof,xanh
adfecgdb,r08,4,48,192.0,7,7,0,0,100.0,99.76976208749039,0.5606372845166078,11.313158110668859,0.7511202503774496,0.4425142200749325,0.03633205699472455,1.0,0.8571428571428571,7.0,0.0876143368982099,3.0,0.9960278783525739,0.9984834790229797,0.047669774249348894,oof,xanh
adfecgdb,r08,4,49,196.0,9,9,0,0,100.0,99.76976208749039,0.5877508046137985,8.596873687306351,0.7630833097391174,0.13495046384050827,0.022906937758085378,1.0,1.0,9.0,0.18710823481745822,3.0,0.9963569011953142,0.9983165264129639,0.002597249872332497,oof,xanh
adfecgdb,r08,4,50,200.0,9,9,0,0,100.0,99.76976208749039,0.5137705459073025,9.345624977019789,0.737812672607037,0.10491008188473522,0.006305508904662985,1.0,0.8888888888888888,9.0,0.20878968966809902,3.0,0.9944572514957852,0.9966474175453186,0.005558252470507491,oof,xanh
adfecgdb,r08,4,51,204.0,9,9,0,0,100.0,99.76976208749039,0.5886807284803672,10.460762426943804,0.7680139458060931,0.2163693723654107,0.006487218176008499,1.0,1.0,9.0,0.1779921226998682,3.0,0.9897543258137174,0.9951285123825073,0.0001596856986102616,oof,xanh
adfecgdb,r08,4,52,208.0,9,9,0,0,100.0,99.76976208749039,0.45328803018618286,9.277482374041613,0.7642790499633032,0.15742830704105595,0.016740854372638666,1.0,0.8888888888888888,9.0,0.15019603261100928,3.0,0.98871382077535,0.9980128705501556,0.0027873313140413915,oof,xanh
adfecgdb,r08,4,53,212.0,9,9,0,0,100.0,99.76976208749039,0.43687422881112375,7.687403026983629,0.7313543823692542,0.31763227534210847,0.010421652573260314,1.0,0.7777777777777778,9.0,0.054696945406442675,3.0,0.9866916702853309,0.9974457025527954,0.00134208122729068,oof,xanh
adfecgdb,r08,4,54,216.0,8,8,0,0,100.0,99.76976208749039,0.48958230064813585,8.309214292847631,0.7381495031379384,0.2822473330788005,0.02011271036882368,1.0,0.875,8.0,0.20690520164981896,3.0,0.9961062669754028,0.998907208442688,0.01068587732419756,oof,xanh
adfecgdb,r08,4,55,220.0,9,9,0,0,100.0,99.76976208749039,0.5111274986089946,8.090794601900772,0.7646375640421942,0.4412100834127557,0.012244273267273032,1.0,0.7058823529411765,9.0,0.19524117936905575,3.0,0.9903785420788659,0.9964242577552795,0.1782443777952782,oof,vang
adfecgdb,r08,4,56,224.0,9,9,0,0,100.0,99.76976208749039,0.408536547920158,6.372732414760373,0.7160794696859913,0.5141006675057683,0.010313616179144948,1.0,0.7058823529411765,9.0,0.07613509911189882,3.0,0.9961244000328912,0.9976557493209839,0.021026862396819293,oof,xanh
adfecgdb,r08,4,57,228.0,8,8,0,0,100.0,99.76976208749039,0.3979259897179828,10.664690883827532,0.700064696353342,0.4852412000783345,0.009935194278575789,1.0,0.625,8.0,0.11811703368340096,4.0,0.9923725239932537,0.9966050386428833,0.0027734403018965033,oof,xanh
adfecgdb,r08,4,58,232.0,9,9,0,0,100.0,99.76976208749039,0.40016805880608763,5.875319509809936,0.7109388667087413,0.4892747221073569,0.007163693417331999,1.0,0.5882352941176471,9.0,0.0939771729387167,4.0,0.996103541718589,0.9971117973327637,0.006138118412089064,oof,xanh
adfecgdb,r08,4,59,236.0,8,8,0,0,100.0,99.76976208749039,0.4468887948757615,6.7311811562047374,0.7008684233433511,0.5849133768641088,0.008397822097285798,1.0,0.625,8.0,0.05936320875383891,4.0,0.9962131716310978,0.9975905418395996,0.01767052335885158,oof,xanh
adfecgdb,r08,4,60,240.0,9,9,0,0,100.0,99.76976208749039,0.3948207584667318,6.8240001908659895,0.7246647527391055,0.5557339807894491,0.007982990836468973,1.0,0.5555555555555556,9.0,0.07924729987389485,3.0,0.9956433011425866,0.9987717270851135,0.07209258054067666,oof,vang
adfecgdb,r08,4,61,244.0,8,8,0,0,100.0,99.76976208749039,0.4334764949326083,8.18174405349158,0.7252075981874868,0.5754844366849307,0.004319328697169824,1.0,0.75,8.0,0.05869184364592851,3.0,0.9957287050783634,0.9966988563537598,0.015349695420620063,oof,xanh
adfecgdb,r08,4,62,248.0,9,9,0,0,100.0,99.76976208749039,0.44264396811743484,8.663967297578893,0.7373806978573489,0.6653227810878838,0.010446724914027919,1.0,0.8888888888888888,9.0,0.155421724934899,3.0,0.9945962462160323,0.9967771172523499,0.05109147520262598,oof,xanh
adfecgdb,r08,4,63,252.0,8,8,0,0,100.0,99.76976208749039,0.4817740491997422,7.168132735016428,0.7261760093234506,0.6281818995704618,0.005375163407440117,1.0,0.875,8.0,0.12261348856260826,3.0,0.996379230171442,0.9983572065830231,0.01616931155103191,oof,xanh
adfecgdb,r08,4,64,256.0,9,9,0,0,100.0,99.76976208749039,0.43508549112131145,7.487954253659126,0.7426269152528596,0.5665244870310092,0.007798315969589953,1.0,0.7777777777777778,9.0,0.1525443493804321,3.0,0.9968178073565165,0.9977093935012817,0.055875185010720016,oof,vang
adfecgdb,r08,4,65,260.0,8,8,0,0,100.0,99.76976208749039,0.39882475062385425,6.481167592821167,0.6978002219460051,0.6089175070980973,0.004109254584971016,1.0,0.5,8.0,0.04679175817863338,3.0,0.9964078217744827,0.9974228143692017,0.007492336277150371,oof,xanh
adfecgdb,r08,4,66,264.0,8,8,0,0,100.0,99.76976208749039,0.48646054984003034,8.52714658335203,0.7498844402568192,0.6897110931222283,0.0044917855783506416,1.0,0.875,8.0,0.18549914557764477,3.0,0.9967411197721958,0.9979880750179291,0.08381652853722539,oof,vang
adfecgdb,r08,4,67,268.0,9,9,0,0,100.0,99.76976208749039,0.4428434739543507,6.343465885350238,0.739635358284503,0.6725886492632962,0.004219409282691524,1.0,0.6666666666666666,9.0,0.1963616052954515,3.0,0.9956613547272153,0.9975709319114685,0.5477325677587019,oof,do
adfecgdb,r08,4,68,272.0,8,8,0,0,100.0,99.76976208749039,0.46968358133905935,9.734568227988374,0.7178600718444949,0.6275801141151891,0.006195649469722848,1.0,0.75,8.0,0.19854951227670828,3.0,0.9911121688783169,0.9976197183132172,0.1645520090481348,oof,vang
adfecgdb,r08,4,69,276.0,9,9,0,0,100.0,99.76976208749039,0.46656969153688477,8.190370514506192,0.7378686587483371,0.6142345545833424,0.0070716946489302905,1.0,0.7777777777777778,9.0,0.19363907163450828,3.0,0.9959381520748138,0.9976516664028168,0.5722530635104658,oof,do
adfecgdb,r08,4,70,280.0,8,8,0,0,100.0,99.76976208749039,0.47692560499683045,8.474006122841228,0.7395257693510467,0.5895937853052878,0.004529851557828077,1.0,0.625,8.0,0.2512398732133071,3.0,0.9956269823014736,0.998112827539444,0.07104610919409987,oof,vang
adfecgdb,r08,4,71,284.0,9,9,0,0,100.0,99.76976208749039,0.5613670320128891,11.526039943896029,0.7656253588280941,0.5885786273326834,0.006043647702436174,1.0,1.0,9.0,0.1333793889644289,3.0,0.9956552916102939,0.9964494705200195,0.006816368999458668,oof,xanh
adfecgdb,r08,4,72,288.0,9,9,0,0,100.0,99.76976208749039,0.46708695352701946,7.869317541009959,0.7372167948641021,0.5881262162729192,0.004151107552196268,1.0,0.7058823529411765,9.0,0.14740742317513622,3.0,0.9943081570996178,0.9973255097866058,0.09471262112786866,oof,vang
adfecgdb,r08,4,73,292.0,8,8,0,0,100.0,99.76976208749039,0.4033765449760553,5.4526001030761755,0.7186344169418567,0.5896458713204922,0.006195649469722851,1.0,0.47058823529411764,8.0,0.0959623132655888,3.0,0.9962047748267651,0.9977923631668091,0.03398218619785919,oof,xanh
adfecgdb,r08,4,74,296.0,9,9,0,0,100.0,99.76976208749039,0.4470440552504831,6.444568726868452,0.7363398489680526,0.651345189922778,0.005689787765718071,1.0,0.7058823529411765,9.0,0.08183308815719897,3.0,0.9966349369949765,0.9977130889892578,0.02295143297235013,oof,xanh
adfecgdb,r10,1,0,0.0,8,8,0,0,100.0,96.53579676674364,0.6486138485939033,9.005239653179295,0.727393965257479,0.4632554476101771,0.03807964802761537,1.0,1.0,8.0,0.12675841071963806,3.0,0.9925862848758698,0.9981122016906738,7.043323232353383e-05,oof,xanh
adfecgdb,r10,1,1,4.0,8,8,0,0,100.0,96.53579676674364,0.6374969592318347,20.253813882607716,0.6929095700718519,0.4750788496295682,0.021199957600085535,1.0,0.2222222222222222,8.0,0.16537381508864754,4.0,0.9923672787845135,0.9984931945800781,2.7636629406822957e-05,oof,xanh
adfecgdb,r10,1,2,8.0,8,8,0,0,100.0,96.53579676674364,0.8283311453060246,5.818180042303778,0.7360903560946076,0.48691855939558526,0.030962150970138,1.0,1.0,8.0,0.16554243743126185,3.0,0.9714964590966702,0.9990884065628052,3.363297337446282e-05,oof,xanh
adfecgdb,r10,1,3,12.0,9,9,0,0,100.0,96.53579676674364,0.7621525691797224,7.487635079691239,0.732603718442436,0.5091824576000461,0.01779013214465448,1.0,1.0,9.0,0.1866856347426358,3.0,0.99641153216362,0.9987573623657227,3.234690810095406e-05,oof,xanh
adfecgdb,r10,1,4,16.0,9,9,0,0,100.0,96.53579676674364,0.6225257681164797,7.549973831537082,0.7122089829641497,0.5515328007355594,0.014869475111762218,1.0,1.0,9.0,0.24077553807280883,3.0,0.9956184261375003,0.9984912872314453,3.297959594959246e-05,oof,xanh
adfecgdb,r10,1,5,20.0,9,9,0,0,100.0,96.53579676674364,0.6113740039920478,8.631351011852948,0.723191981212748,0.42811283541111933,0.010633772778940332,1.0,1.0,9.0,0.22743063532500937,3.0,0.9935507973035177,0.9981287121772766,6.921590362114625e-05,oof,xanh
adfecgdb,r10,1,6,24.0,9,9,0,0,100.0,96.53579676674364,0.5766123311755241,8.226416578495211,0.7230735741322245,0.47206230808101535,0.018633531273159223,1.0,1.0,9.0,0.22887386935475512,3.0,0.9977790812651316,0.9992747902870178,3.2458090976895166e-05,oof,xanh
adfecgdb,r10,1,7,28.0,8,8,0,0,100.0,96.53579676674364,0.5772908668336387,10.969297960567905,0.7272975817766852,0.4965087755582253,0.014425734645336462,1.0,1.0,8.0,0.19566091315742742,3.0,0.9962941035628319,0.9975457787513733,1.0821783848145415e-05,oof,xanh
adfecgdb,r10,1,8,32.0,8,7,1,1,87.5,96.53579676674364,0.6114888775498206,5.125380614138633,0.6970435052481532,0.536156445198783,0.07614301232543762,1.0,0.5333333333333333,8.0,0.09428643622961642,3.0,0.9620186313986778,0.9991310238838196,0.00036186965148788243,oof,xanh
adfecgdb,r10,1,9,36.0,9,9,0,0,100.0,96.53579676674364,0.685283840481479,6.023657770731887,0.7406455751533043,0.47706005030709486,0.010722546033869667,1.0,1.0,9.0,0.2051988490565453,3.0,0.9981193211343553,0.9990667700767517,2.1297286805353812e-05,oof,xanh
adfecgdb,r10,1,10,40.0,9,9,0,0,100.0,96.53579676674364,0.5736930340531097,8.285470763229716,0.7264656352473754,0.5238738725076741,0.030374230683637104,1.0,1.0,9.0,0.21144290323830814,3.0,0.9961859848764207,0.9994126856327057,3.932975196132166e-05,oof,xanh
adfecgdb,r10,1,11,44.0,8,8,0,0,100.0,96.53579676674364,0.626253895991332,9.049509639693483,0.7215385975222124,0.5388999267952563,0.01285304960990073,1.0,1.0,8.0,0.2082827912628415,3.0,0.996404979377985,0.9986656904220581,4.011152238370729e-05,oof,xanh
adfecgdb,r10,1,12,48.0,9,9,0,0,100.0,96.53579676674364,0.659814061212485,8.451400579900458,0.7259936974610326,0.5158676625880659,0.010652234256598545,1.0,1.0,9.0,0.23155717400977072,3.0,0.9961268769370185,0.9993120431900024,4.011152238370729e-05,oof,xanh
adfecgdb,r10,1,13,52.0,8,8,0,0,100.0,96.53579676674364,0.6078961167788742,8.588598597311535,0.7182194566646636,0.4718606515196803,0.012545560384784148,1.0,1.0,8.0,0.1740649454290974,3.0,0.9985742941498756,0.9992965459823608,3.850314741654289e-05,oof,xanh
adfecgdb,r10,1,14,56.0,9,9,0,0,100.0,96.53579676674364,0.5739388360214788,7.741453026019995,0.7100543305201598,0.4861068985448293,0.01205382554100731,1.0,1.0,9.0,0.24258794901055344,3.0,0.9957700007491641,0.9986644983291626,3.252350000256874e-05,oof,xanh
adfecgdb,r10,1,15,60.0,9,9,0,0,100.0,96.53579676674364,0.6559880510631294,9.23777610606422,0.7256580709633479,0.5449954322818097,0.016268075594633936,1.0,1.0,9.0,0.20129114714323812,3.0,0.9934450023704104,0.9989594519138336,4.003085346036788e-05,oof,xanh
adfecgdb,r10,1,16,64.0,9,9,0,0,100.0,96.53579676674364,0.5852124017830886,8.2859336573584,0.7165988107762423,0.4865308667324929,0.00679542763698021,1.0,0.9411764705882353,9.0,0.2258299307834664,3.0,0.9965944124592675,0.9990556836128235,4.011152238370729e-05,oof,xanh
adfecgdb,r10,1,17,68.0,8,8,0,0,100.0,96.53579676674364,0.5178124483275889,13.527152491375325,0.6805867398423097,0.457697169966723,0.010816126410747428,1.0,1.0,8.0,0.2750759554706748,4.0,0.9968918822705746,0.998685896396637,9.609806055313022e-06,oof,xanh
adfecgdb,r10,1,18,72.0,9,9,0,0,100.0,96.53579676674364,0.7401341321453787,6.131241483517837,0.7500615868187442,0.4767390542627331,0.01148926254398012,1.0,1.0,9.0,0.2287085606887027,3.0,0.9883129596710205,0.9992867410182953,1.8602813911619033e-05,oof,xanh
adfecgdb,r10,1,19,76.0,9,9,0,0,100.0,96.53579676674364,0.6535493077845387,6.374321881447756,0.7293141870867473,0.46808881795909574,0.013661452018300269,1.0,1.0,9.0,0.181942066469297,3.0,0.9981387456258138,0.998727411031723,3.3743196036829516e-05,oof,xanh
adfecgdb,r10,1,20,80.0,9,9,0,0,100.0,96.53579676674364,0.6191528410162621,9.303511140111972,0.7253602334858111,0.4900841159988141,0.011470535149437454,1.0,0.9411764705882353,9.0,0.21901053396119954,3.0,0.9980378283394707,0.9991577565670013,4.011152238370729e-05,oof,xanh
adfecgdb,r10,1,21,84.0,8,8,0,0,100.0,96.53579676674364,0.6949014859819338,8.28274783289236,0.7295853174442417,0.4690873692520703,0.010030583278973586,1.0,1.0,8.0,0.24378344845428626,3.0,0.9970765598118305,0.9987774193286896,4.0985434829493546e-05,oof,xanh
adfecgdb,r10,1,22,88.0,9,9,0,0,100.0,96.53579676674364,0.672097571425574,8.185166909699221,0.7256634951997799,0.4884693886200935,0.01083845018928213,1.0,1.0,9.0,0.25553661833849817,3.0,0.9973867469363742,0.9987762570381165,3.369812986909082e-05,oof,xanh
adfecgdb,r10,1,23,92.0,9,9,0,0,100.0,96.53579676674364,0.7719961766651217,4.255222773806103,0.7450493663657999,0.47641158742153017,0.02448854653454601,1.0,1.0,9.0,0.1950638089638984,3.0,0.9768962363402048,0.998221218585968,2.4673690220449096e-05,oof,xanh
adfecgdb,r10,1,24,96.0,8,8,0,0,100.0,96.53579676674364,0.8817318058434621,4.76028834346538,0.7649317427934346,0.5036265317030728,0.01198486069805165,1.0,0.9333333333333333,8.0,0.1433576507201767,3.0,0.9851955398917198,0.9994138479232788,0.00010004995819124158,oof,xanh
adfecgdb,r10,1,25,100.0,9,9,0,0,100.0,96.53579676674364,0.650542836420479,6.437170905268813,0.7287925278841656,0.47021121408772454,0.011489262543980082,1.0,1.0,9.0,0.23074420280178776,3.0,0.9968297647105323,0.9989497065544128,3.515274264773073e-05,oof,xanh
adfecgdb,r10,1,26,104.0,9,9,0,0,100.0,96.53579676674364,0.6510992078686632,7.389441777604384,0.7309001756362432,0.4864262041127711,0.010790703712677466,1.0,1.0,9.0,0.20911869481662945,3.0,0.9979451133145226,0.9991970658302307,3.297959594959246e-05,oof,xanh
adfecgdb,r10,1,27,108.0,9,9,0,0,100.0,96.53579676674364,0.8783752260036538,4.586525719170924,0.7689103450337442,0.5145978311225017,0.022889238690166385,1.0,1.0,9.0,0.1563499336536751,3.0,0.9321102764871385,0.9958383142948151,0.0006268781683090272,oof,xanh
adfecgdb,r10,1,28,112.0,8,8,0,0,100.0,96.53579676674364,0.6890563248803014,8.458597294790497,0.7253897481745779,0.462119909640337,0.01257464738244581,1.0,1.0,8.0,0.14569949912735955,3.0,0.998087503015995,0.9987329840660095,4.213252764388859e-05,oof,xanh
adfecgdb,r10,1,29,116.0,9,9,0,0,100.0,96.53579676674364,0.6440213272045575,7.134953081031988,0.7163590279274111,0.50266800756695,0.008052332776416465,1.0,1.0,9.0,0.19770511423476878,3.0,0.9981604350937737,0.9992709755897522,3.297959594959246e-05,oof,xanh
adfecgdb,r10,1,30,120.0,9,9,0,0,100.0,96.53579676674364,0.7182438837964545,7.390786636099945,0.7404942797142567,0.519975176487478,0.014426124923984856,1.0,1.0,9.0,0.1530168420836584,3.0,0.9971235195795695,0.9984177649021149,2.2431328397834218e-05,oof,xanh
adfecgdb,r10,1,31,124.0,9,8,2,1,84.21052631578948,96.53579676674364,1.0733902707121512,2.661893728030872,0.7728151519178891,0.4749394196073089,0.20408846786419335,0.7777777777777778,0.7777777777777778,10.0,0.13875988507786965,3.0,0.822832752764225,0.9962284564971924,0.5739062170523591,oof,do
adfecgdb,r10,1,32,128.0,8,8,0,0,100.0,96.53579676674364,0.6615422716410692,25.848890706108126,0.7085206911821139,0.4902668502533907,0.02209834698875033,1.0,0.2222222222222222,8.0,0.12889676229821728,4.0,0.9878202602267265,0.9986502528190613,3.217547302729464e-05,oof,xanh
adfecgdb,r10,1,33,132.0,9,9,0,0,100.0,96.53579676674364,0.711946718965516,6.676780898895204,0.7311897841192889,0.5095829675594106,0.013147364207126807,1.0,0.9411764705882353,9.0,0.1481172770470722,3.0,0.9973444706863828,0.9994598031044006,3.4641273997680125e-05,oof,xanh
adfecgdb,r10,1,34,136.0,8,8,0,0,100.0,96.53579676674364,0.862126921861912,7.3498050644270485,0.7424313985110367,0.4902353962845452,0.015203257981546748,1.0,1.0,8.0,0.19229534108328092,3.0,0.9979883097112179,0.9994681179523468,5.099456268853994e-05,oof,xanh
adfecgdb,r10,1,35,140.0,9,7,2,2,77.77777777777777,96.53579676674364,0.8276190523281297,4.4677731914799415,0.7512207381366616,0.47993971694586607,0.2516556361565953,0.75,0.7777777777777778,9.0,0.11763626572915303,3.0,0.9383678022358153,0.9987834095954895,0.8412447543982812,oof,do
adfecgdb,r10,1,36,144.0,8,8,0,0,100.0,96.53579676674364,0.780216008295835,6.757380561389407,0.7418793527414864,0.4596914241261407,0.008939743586780846,1.0,1.0,8.0,0.1606926488379884,3.0,0.9968790076673031,0.9993201494216919,3.877737001149632e-05,oof,xanh
adfecgdb,r10,1,37,148.0,9,9,0,0,100.0,96.53579676674364,0.6329863637898574,6.82030969414782,0.7165214899267964,0.45836797243654975,0.00679542763698021,1.0,1.0,9.0,0.23417124889976051,3.0,0.9962757925192515,0.999182403087616,3.297959594959246e-05,oof,xanh
adfecgdb,r10,1,38,152.0,8,8,0,0,100.0,96.53579676674364,0.688254923238162,8.579459568207163,0.7433953266069911,0.40222174620696166,0.03213007676391236,1.0,1.0,8.0,0.20709544199642968,3.0,0.9954420141875744,0.9979158043861389,4.928819484121269e-05,oof,xanh
adfecgdb,r10,1,39,156.0,7,7,0,0,100.0,96.53579676674364,0.7685843572250406,10.078000813656415,0.7343137449363022,0.3809547431827987,0.011320754716959782,1.0,1.0,7.0,0.15883514128555878,3.0,0.9961682345185962,0.9980110824108124,0.00038640862018771485,oof,xanh
adfecgdb,r10,1,40,160.0,8,8,0,0,100.0,96.53579676674364,0.8059049160339737,8.884068017181454,0.7320830577066043,0.31416733987073375,0.018611351219556115,1.0,1.0,8.0,0.19131617758984723,3.0,0.992465790361166,0.9982398748397827,5.885832650116193e-05,oof,xanh
adfecgdb,r10,1,41,164.0,8,8,0,0,100.0,96.53579676674364,0.7073704062076193,9.65339971355407,0.7217543754044341,0.43754514359156893,0.008867125984230069,1.0,1.0,8.0,0.17105012578959242,3.0,0.9964564144611359,0.9988603591918945,4.8317654737138494e-05,oof,xanh
adfecgdb,r10,1,42,168.0,8,8,0,0,100.0,96.53579676674364,0.7021065277068854,8.051163422602688,0.703569874764163,0.5325654090736416,0.010151777060672265,1.0,1.0,8.0,0.17866398425290256,3.0,0.9931043349206448,0.9990675747394562,3.234690810095406e-05,oof,xanh
adfecgdb,r10,1,43,172.0,8,8,0,0,100.0,96.53579676674364,0.804370963487326,7.615577259393186,0.7287808799902252,0.31709465473029563,0.01575684080213341,1.0,0.9333333333333333,8.0,0.1468376993604664,3.0,0.9824729785323143,0.9988839030265808,5.061688392563918e-05,oof,xanh
adfecgdb,r10,1,44,176.0,7,6,2,1,80.0,96.53579676674364,0.9423203647409716,4.597140266927949,0.7469504989086564,0.22745272557596904,0.23253301188580638,0.7142857142857143,0.8,8.0,0.08451401229683697,3.0,0.8286150824278593,0.9958685636520386,0.9765377345699113,oof,do
adfecgdb,r10,1,45,180.0,9,9,0,0,100.0,96.53579676674364,0.7370155966028948,8.449456843308967,0.7474115948034439,0.4400177539781426,0.03776272395826687,1.0,0.3333333333333333,9.0,0.08905196054039159,3.0,0.9112824234697554,0.9956437349319458,0.0001601210422421556,oof,xanh
adfecgdb,r10,1,46,184.0,7,6,3,1,75.0,96.53579676674364,0.6898898925329342,6.47683132358199,0.7242812470544513,0.45340047931182276,0.018446263857000267,1.0,1.0,9.0,0.18228312004822186,3.0,0.9921769963370429,0.9975693821907043,6.42426409660678e-05,oof,xanh
adfecgdb,r10,1,47,188.0,3,3,5,0,54.54545454545455,96.53579676674364,0.7260154870779888,9.485456372411338,0.7276027143924803,0.48025217756737004,0.019384927013418797,1.0,0.9333333333333333,8.0,0.1989530867280346,3.0,0.9916052743792534,0.9981459081172943,6.226267218055344e-05,oof,xanh
adfecgdb,r10,1,48,192.0,9,9,0,0,100.0,96.53579676674364,0.6773162141146659,6.666648976677042,0.7192710359137651,0.5241983509191354,0.013703974531593471,1.0,1.0,9.0,0.19766404959457334,3.0,0.9930968681971232,0.9979538917541504,5.1295579166787455e-05,oof,xanh
adfecgdb,r10,1,49,196.0,8,8,0,0,100.0,96.53579676674364,0.7991485631578642,6.651571115196971,0.7149879020489481,0.4886344482832981,0.013146590365509738,1.0,1.0,8.0,0.1741657000845043,3.0,0.995186023414135,0.9985098242759705,3.234690810095406e-05,oof,xanh
adfecgdb,r10,1,50,200.0,8,6,3,2,70.58823529411765,96.53579676674364,0.8992118068703189,5.730319207405119,0.7413487698220435,0.4487698608779335,0.013699226006039152,1.0,1.0,9.0,0.202101948058808,3.0,0.994053582350413,0.9989094734191895,0.0001184115260378202,oof,xanh
adfecgdb,r10,1,51,204.0,1,0,10,1,0.0,96.53579676674364,0.7925129537756876,6.869979365890018,0.7412384740153094,0.5244834764797011,0.019941087414975082,1.0,0.8888888888888888,10.0,0.20573459814859374,3.0,0.9875436305999756,0.9990921914577484,1.6635146832074923e-05,oof,xanh
adfecgdb,r10,1,52,208.0,3,3,6,0,50.0,96.53579676674364,0.8160293321912773,7.474336970372486,0.7350092168383029,0.4460067680767643,0.006865114380435262,1.0,0.9411764705882353,9.0,0.18839638689048596,3.0,0.995421975851059,0.9993847608566284,3.6668952587689896e-05,oof,xanh
adfecgdb,r10,1,53,212.0,10,10,0,0,100.0,96.53579676674364,0.7017049250944508,7.2447851904566765,0.7284488706211072,0.5389219111415261,0.007796105635995475,1.0,1.0,10.0,0.23789907838631405,3.0,0.9946874678134918,0.9987642765045166,1.728869481972587e-05,oof,xanh
adfecgdb,r10,1,54,216.0,10,10,0,0,100.0,96.53579676674364,0.6762360548216279,6.806251302514019,0.730904590078748,0.4682854594992595,0.013511594544933577,1.0,1.0,10.0,0.18064837207265527,3.0,0.9884878098964691,0.9995348453521729,3.0941393758134775e-05,oof,xanh
adfecgdb,r10,1,55,220.0,9,9,0,0,100.0,96.53579676674364,0.6622130253710506,5.5801510988511005,0.7136526435491946,0.47870527603076446,0.00828978790856647,1.0,1.0,9.0,0.21629145112969744,3.0,0.9973763326803843,0.9994254112243652,3.515274264773073e-05,oof,xanh
adfecgdb,r10,1,56,224.0,10,10,0,0,100.0,96.53579676674364,0.7240527221176218,6.874215817431125,0.7431756276304999,0.33047248984848987,0.018136508526616052,1.0,1.0,10.0,0.24089524422548492,3.0,0.9943498551845551,0.9981485605239868,3.890923473001171e-05,oof,xanh
adfecgdb,r10,1,57,228.0,11,11,0,0,100.0,96.53579676674364,0.7013271331593964,6.1337154817108015,0.7220219900368277,0.32542810576119424,0.005489464635189384,1.0,0.9523809523809523,11.0,0.2608961626971458,3.0,0.9874934527007017,0.996912956237793,2.9032739254078917e-05,oof,xanh
adfecgdb,r10,1,58,232.0,10,10,0,0,100.0,96.53579676674364,0.6988091910108711,7.00883876577497,0.7190472948746479,0.4906212032408833,0.008331597764547387,1.0,1.0,10.0,0.2715232044543763,3.0,0.9865216553211212,0.9974610805511475,2.1245438826308493e-05,oof,xanh
adfecgdb,r10,1,59,236.0,9,9,0,0,100.0,96.53579676674364,0.7757607781183091,6.382177315185569,0.7318463099908582,0.4831299100285103,0.04465558056089362,1.0,1.0,9.0,0.1928210611435962,3.0,0.9968763192494711,0.9986397624015808,3.574043426651076e-05,oof,xanh
adfecgdb,r10,1,60,240.0,10,10,0,0,100.0,96.53579676674364,0.8746675397315015,7.420304405182508,0.7533926678495827,0.48003859003351285,0.027587967997027396,1.0,0.9473684210526315,10.0,0.1255001075143036,3.0,0.9917173177003861,0.9992437660694122,5.978090592507051e-05,oof,xanh
adfecgdb,r10,1,61,244.0,10,10,0,0,100.0,96.53579676674364,0.7668900676724564,6.630924658491633,0.7292298234074038,0.4750341067959479,0.012299956589264555,1.0,1.0,10.0,0.22107119560120686,3.0,0.9968738228082656,0.9986767172813416,3.223390511258554e-05,oof,xanh
adfecgdb,r10,1,62,248.0,9,9,0,0,100.0,96.53579676674364,0.8170762063176864,7.370514441185772,0.7318780646474258,0.4254716777372971,0.008069646691842625,1.0,1.0,9.0,0.19431164926113162,3.0,0.9953141775396135,0.9990562796592712,3.820071147159007e-05,oof,xanh
adfecgdb,r10,1,63,252.0,10,10,0,0,100.0,96.53579676674364,0.7422407804516068,7.257601575862619,0.7318043780045956,0.4769541388936319,0.012697042230596702,1.0,1.0,10.0,0.20972113568789216,3.0,0.9969009071588516,0.9990697205066681,1.728869481972587e-05,oof,xanh
adfecgdb,r10,1,64,256.0,8,8,0,0,100.0,96.53579676674364,0.8733810864484591,5.907149763795388,0.7384304539635405,0.45075795939407626,0.034846523395216975,1.0,1.0,8.0,0.1680342499238472,3.0,0.9973688498139381,0.9992513954639435,9.568911628864749e-05,oof,xanh
adfecgdb,r10,1,65,260.0,9,9,0,0,100.0,96.53579676674364,0.8754850706845114,6.100207195205581,0.7313327384232406,0.49242158559564425,0.01411731098286305,1.0,1.0,9.0,0.2344605942814804,3.0,0.9972140457895067,0.99894779920578,8.116365377352496e-05,oof,xanh
adfecgdb,r10,1,66,264.0,10,10,0,0,100.0,96.53579676674364,0.6341018780039389,29.22004974610413,0.7189664226664818,0.4741502504356593,0.006116207951056315,1.0,1.0,10.0,0.2475241346798955,3.0,0.9861657887697219,0.9992658495903015,1.5762643095360874e-06,oof,xanh
adfecgdb,r10,1,67,268.0,9,9,0,0,100.0,96.53579676674364,0.7343531891288617,15.516059695676095,0.7271838473231207,0.5141892116589905,0.008018753738726249,1.0,0.9473684210526315,9.0,0.2006124094250553,3.0,0.9970851971043481,0.9988377690315247,9.956885342675605e-06,oof,xanh
adfecgdb,r10,1,68,272.0,9,9,0,0,100.0,96.53579676674364,0.8398346234789954,7.261556663262475,0.7450854962589187,0.4607328974248543,0.006457596175204875,1.0,1.0,9.0,0.2167674007521821,3.0,0.9974214368396335,0.9989166855812073,4.352382033995489e-05,oof,xanh
adfecgdb,r10,1,69,276.0,9,9,0,0,100.0,96.53579676674364,0.8771287392441847,6.293361840347615,0.7344903298079489,0.4700606830296626,0.0053946361341979015,1.0,1.0,9.0,0.24571010502192106,3.0,0.9975603355301751,0.9990203380584717,8.116365377352496e-05,oof,xanh
adfecgdb,r10,1,70,280.0,9,9,0,0,100.0,96.53579676674364,0.8325778577059516,6.660613399961502,0.7297775977298229,0.4885863991226587,0.007677104815661474,1.0,1.0,9.0,0.2285165525857208,3.0,0.984322597583135,0.999022364616394,6.1047705271270515e-06,oof,xanh
adfecgdb,r10,1,71,284.0,9,9,0,0,100.0,96.53579676674364,0.837958888604248,6.94303989380157,0.7373844717007697,0.5161408560849412,0.012161329001796435,1.0,1.0,9.0,0.2063284279981559,3.0,0.9973347948657142,0.999249279499054,3.369812986909082e-05,oof,xanh
adfecgdb,r10,1,72,288.0,9,9,0,0,100.0,96.53579676674364,0.8912640885257826,5.737852949738725,0.7326091611221585,0.44909320622603227,0.006125153314430997,1.0,1.0,9.0,0.2131929770569747,3.0,0.9972126152780321,0.9995126724243164,9.200776623226217e-05,oof,xanh
adfecgdb,r10,1,73,292.0,8,8,0,0,100.0,96.53579676674364,0.8124681984378099,7.97203502789157,0.7377624483756183,0.42612628017058757,0.012876311902983642,1.0,0.9333333333333333,8.0,0.1868666798327663,3.0,0.9957836978137493,0.9989816546440125,3.6668952587689896e-05,oof,xanh
adfecgdb,r10,1,74,296.0,10,9,1,1,90.0,96.53579676674364,0.8108370412803192,3.076682156799883,0.7337456996542139,0.43331093799923837,0.07999021356058465,1.0,0.9473684210526315,10.0,0.17570851810728522,3.0,0.9162129104137421,0.9984714984893799,0.023461909747476098,oof,xanh
adfecgdb,r10,2,0,0.0,8,8,0,0,100.0,96.37625289128758,0.8017132423486631,5.984144563975503,0.7266662597951915,0.4648133278595149,0.03907566927248947,1.0,0.9411764705882353,8.0,0.05979351375700023,3.0,0.9972123838961124,0.9990437626838684,4.659970401575534e-05,oof,xanh
adfecgdb,r10,2,1,4.0,8,8,0,0,100.0,96.37625289128758,0.5944317112723876,15.872461139352136,0.6880726873494123,0.4041531221713395,0.022665288728425464,1.0,0.2,8.0,0.14145322638268018,4.0,0.9853891357779503,0.9983950257301331,1.2337742125494613e-05,oof,xanh
adfecgdb,r10,2,2,8.0,8,8,0,0,100.0,96.37625289128758,0.7950620713139959,15.256898672330777,0.7357383454458399,0.5079937671567423,0.03159498433112639,1.0,0.4,8.0,0.14735383659198073,3.0,0.9944152757525444,0.9986469149589539,9.373086792769196e-06,oof,xanh
adfecgdb,r10,2,3,12.0,9,9,0,0,100.0,96.37625289128758,0.840889347203762,6.75930068978159,0.7452416205099116,0.5073005052262985,0.018619144363019095,1.0,1.0,9.0,0.16560883576486016,3.0,0.9953887197706435,0.9990543723106384,4.0754241939014934e-05,oof,xanh
adfecgdb,r10,2,4,16.0,9,9,0,0,100.0,96.37625289128758,0.7875653733215311,6.27909578032437,0.7322315289930935,0.5162905546235534,0.014869475111762214,1.0,0.9411764705882353,9.0,0.2405995480512116,3.0,0.9952277640501658,0.9991761147975922,3.591862170538661e-05,oof,xanh
adfecgdb,r10,2,5,20.0,9,9,0,0,100.0,96.37625289128758,0.6506550434683817,12.545966116658843,0.7128189489051568,0.509454300993267,0.011521402267616663,1.0,0.875,9.0,0.15129353263755121,3.0,0.996837360991372,0.9989833235740662,6.9588502335960585e-06,oof,xanh
adfecgdb,r10,2,6,24.0,9,9,0,0,100.0,96.37625289128758,0.7062011227381851,7.139473715727508,0.7286358423403171,0.5234362130101454,0.016639945352572603,1.0,1.0,9.0,0.199440534367228,3.0,0.9983650379710727,0.9994850158691406,3.3630358588089894e-05,oof,xanh
adfecgdb,r10,2,7,28.0,8,8,0,0,100.0,96.37625289128758,0.7362536450302685,7.1646574103448,0.7265394990921553,0.5097138597276989,0.013820400146407712,1.0,1.0,8.0,0.1371115443609537,3.0,0.9981231391429901,0.9989978671073914,3.4641273997680125e-05,oof,xanh
adfecgdb,r10,2,8,32.0,8,8,0,0,100.0,96.37625289128758,0.7327432824508096,2.732515505906809,0.7769390455717403,0.5295534475854541,0.023547312215943448,1.0,0.875,8.0,0.1434818160406307,3.0,0.9910465404391289,0.9993496537208557,6.237563632728778e-05,oof,xanh
adfecgdb,r10,2,9,36.0,9,9,0,0,100.0,96.37625289128758,0.9010727347912,4.772639999121217,0.7613383380819723,0.48831878646515575,0.010722546033869667,1.0,1.0,9.0,0.15247959291562568,3.0,0.9982045491536459,0.9992766976356506,0.00010004995819124158,oof,xanh
adfecgdb,r10,2,10,40.0,9,9,0,0,100.0,96.37625289128758,0.79735235667472,5.618996820179065,0.73651846895344,0.5515380350809039,0.011590378165929116,1.0,1.0,9.0,0.16883806221028352,3.0,0.9973965121640099,0.9993304014205933,3.363297337446282e-05,oof,xanh
adfecgdb,r10,2,11,44.0,8,8,0,0,100.0,96.37625289128758,0.6323200520228959,31.06816450373637,0.6919678499151631,0.568662594676779,0.011110902009960672,1.0,0.2222222222222222,8.0,0.09879182353352516,4.0,0.9931517206132412,0.9988899827003479,3.541518352051035e-05,oof,xanh
adfecgdb,r10,2,12,48.0,9,9,0,0,100.0,96.37625289128758,0.6107109117748181,24.02476156569186,0.7127245069181382,0.49187007469655775,0.017368170532114657,1.0,0.2,9.0,0.2134830679112292,4.0,0.9943411846955618,0.9994305968284607,1.93621278972864e-05,oof,xanh
adfecgdb,r10,2,13,52.0,8,8,0,0,100.0,96.37625289128758,0.7894591778475719,7.369775691271872,0.7293888779757682,0.5028833555509259,0.012545560384784148,1.0,1.0,8.0,0.1600408065686294,3.0,0.998674638569355,0.9994633495807648,3.155377602746028e-05,oof,xanh
adfecgdb,r10,2,14,56.0,9,9,0,0,100.0,96.37625289128758,0.7674016475877901,6.308127637259707,0.7249925668856737,0.5131975461993825,0.02241094476063644,1.0,1.0,9.0,0.23709177115885932,3.0,0.996067076921463,0.9986801743507385,3.584638488928814e-05,oof,xanh
adfecgdb,r10,2,15,60.0,9,9,0,0,100.0,96.37625289128758,0.5389392661744451,20.986424780416886,0.6670324555848625,0.578453222462603,0.03888813873904225,1.0,0.36363636363636365,9.0,0.11292477919084519,4.0,0.9869870709048377,0.9992021918296814,2.1629775141067157e-05,oof,xanh
adfecgdb,r10,2,16,64.0,9,9,0,0,100.0,96.37625289128758,0.6839711977092867,11.847446253068725,0.7261740514318658,0.5226550357688281,0.005764164076380891,1.0,1.0,9.0,0.18340954349930477,3.0,0.9975399507416619,0.9994252920150757,6.457521948229694e-06,oof,xanh
adfecgdb,r10,2,17,68.0,8,8,0,0,100.0,96.37625289128758,0.8261237719496745,5.724216541657238,0.7148959006714396,0.46583710085684055,0.0336134421442051,1.0,1.0,8.0,0.21990491573196147,3.0,0.9955784641206264,0.9992626309394836,3.571245680831017e-05,oof,xanh
adfecgdb,r10,2,18,72.0,9,9,0,0,100.0,96.37625289128758,0.703369266369461,21.09262673015297,0.7132292784898631,0.5026176069991724,0.015689743260530853,1.0,0.2,9.0,0.10703615200211214,3.0,0.9879413776927524,0.999284952878952,3.616017862775162e-05,oof,xanh
adfecgdb,r10,2,19,76.0,9,9,0,0,100.0,96.37625289128758,0.7967836966625867,5.716212904772556,0.7378389380695803,0.526677226662479,0.013661452018300269,1.0,1.0,9.0,0.1429496845015519,3.0,0.9985344111919403,0.9992695450782776,3.692391072201095e-05,oof,xanh
adfecgdb,r10,2,20,80.0,9,9,0,0,100.0,96.37625289128758,0.7091801500104435,13.920611785798751,0.7002759432871399,0.5090124583876132,0.015133895365090324,1.0,0.6153846153846154,9.0,0.20675931365817649,3.0,0.9978978468312157,0.9991167187690735,9.802592822331776e-06,oof,xanh
adfecgdb,r10,2,21,84.0,8,8,0,0,100.0,96.37625289128758,0.9196430362509314,6.082961580145508,0.7373681527889401,0.497440647038824,0.010030583278973586,1.0,1.0,8.0,0.2127602615658041,3.0,0.9975658059120178,0.9987746477127075,0.00020495815430686726,oof,xanh
adfecgdb,r10,2,22,88.0,9,9,0,0,100.0,96.37625289128758,0.7897085769879539,5.392674535941094,0.731005066693314,0.5175988195741185,0.0076639416263940136,1.0,1.0,9.0,0.16316812342711318,3.0,0.998472296529346,0.9990249872207642,3.363297337446282e-05,oof,xanh
adfecgdb,r10,2,23,92.0,9,9,0,0,100.0,96.37625289128758,0.7275670335994702,12.667104498393162,0.7155426987024973,0.5417257814683666,0.025610734991717767,1.0,0.0,9.0,0.07199911572188837,3.0,0.9537088142500983,0.9985615611076355,3.2906585606992084e-05,oof,xanh
adfecgdb,r10,2,24,96.0,8,8,0,0,100.0,96.37625289128758,0.9653242984357492,3.744361116196946,0.7806245543523478,0.5023371566539485,0.013926212476426253,1.0,1.0,8.0,0.10139850976813328,3.0,0.9821179285645485,0.9994081258773804,0.0001956166131910722,oof,xanh
adfecgdb,r10,2,25,100.0,9,9,0,0,100.0,96.37625289128758,0.8623297416815686,4.5360142698426875,0.7568024418925295,0.5225884156696757,0.010629001466507868,1.0,1.0,9.0,0.2085477015999653,3.0,0.9960271616776785,0.9989994168281555,0.00010443980307365335,oof,xanh
adfecgdb,r10,2,26,104.0,9,9,0,0,100.0,96.37625289128758,0.9214542739389537,4.906731832064574,0.7473640081079468,0.5395511133415334,0.01165529211920161,1.0,1.0,9.0,0.13654676668606605,3.0,0.998504615492291,0.9991717338562012,0.0003040974862713539,oof,xanh
adfecgdb,r10,2,27,108.0,9,7,2,2,77.77777777777777,96.37625289128758,0.9534877023885225,3.2005678916367977,0.7745110245781519,0.5424045465250262,0.1853277139847743,0.875,0.7777777777777778,9.0,0.15636894252258388,3.0,0.9501642021867964,0.9987723231315613,0.6260790198200152,oof,do
adfecgdb,r10,2,28,112.0,8,8,0,0,100.0,96.37625289128758,0.8737352436934884,5.629641736058909,0.7358692581394667,0.47389758387620123,0.01257464738244581,1.0,1.0,8.0,0.18846791739331287,3.0,0.9986572191119194,0.9993213415145874,7.790931594554874e-05,oof,xanh
adfecgdb,r10,2,29,116.0,9,9,0,0,100.0,96.37625289128758,0.866731255420779,5.597088100684703,0.7362725525047125,0.5108397235388215,0.0057391568569606375,1.0,1.0,9.0,0.16080508553352824,3.0,0.9987874130407969,0.9993833303451538,7.600395945665361e-05,oof,xanh
adfecgdb,r10,2,30,120.0,9,9,0,0,100.0,96.37625289128758,0.5679655707831248,19.311352753373303,0.6808131486815873,0.5694271165310265,0.024262372367762772,1.0,0.18181818181818182,9.0,0.10468856734912155,4.0,0.994229621357388,0.9989840388298035,3.5389149126344285e-05,oof,xanh
adfecgdb,r10,2,31,124.0,9,8,1,1,88.88888888888889,96.37625289128758,0.9778640138817193,6.3152197995232715,0.7504609989247613,0.5267231695180179,0.11034609788267291,1.0,0.2,9.0,0.12226231530981653,3.0,0.9282274693250656,0.9977028965950012,0.9338327878329264,oof,do
adfecgdb,r10,2,32,128.0,8,7,1,1,87.5,96.37625289128758,0.7084817308422149,15.680520124263811,0.7200020506966458,0.538668307849601,0.0920860776342097,1.0,0.2,8.0,0.11931112634375088,3.0,0.9610811918973923,0.9990665316581726,0.0001564741979672895,oof,xanh
adfecgdb,r10,2,33,132.0,9,9,0,0,100.0,96.37625289128758,0.8511816640935492,5.233255912568927,0.7299339071101528,0.5046669125440603,0.013147364207126807,1.0,0.9411764705882353,9.0,0.15361391652879344,3.0,0.9955765770541297,0.9994645714759827,3.363297337446282e-05,oof,xanh
adfecgdb,r10,2,34,136.0,8,8,0,0,100.0,96.37625289128758,0.8828091012594859,5.591388518258547,0.7402902863040886,0.4749083242700125,0.013056226551895854,1.0,1.0,8.0,0.13665429928467135,3.0,0.9988791793584824,0.9993319809436798,4.947546260185007e-05,oof,xanh
adfecgdb,r10,2,35,140.0,9,9,1,0,94.73684210526316,96.37625289128758,0.9571190008845294,3.3965971621087743,0.7514094618788143,0.469320465704665,0.21822761488920606,0.7777777777777778,0.9473684210526315,10.0,0.14879277811598382,3.0,0.8938781797885895,0.9993647933006287,0.9881662603484999,oof,do
adfecgdb,r10,2,36,144.0,8,8,0,0,100.0,96.37625289128758,0.9162703089146633,5.765276398163607,0.7569414897743854,0.3557380255625483,0.008751338047224064,1.0,1.0,8.0,0.16028972219181084,3.0,0.9972547218203545,0.9992496371269226,0.00012312249657054684,oof,xanh
adfecgdb,r10,2,37,148.0,9,9,0,0,100.0,96.37625289128758,0.8731011364918628,5.4419451516217165,0.7370787022433167,0.4485451865360862,0.008069856895625168,1.0,1.0,9.0,0.19951164498919663,3.0,0.998187952571445,0.9990358352661133,9.201365112036607e-05,oof,xanh
adfecgdb,r10,2,38,152.0,8,8,0,0,100.0,96.37625289128758,0.9839518946828215,6.044762881529168,0.7653761995526991,0.4066787385752905,0.027036455982616996,1.0,1.0,8.0,0.17032893812199476,3.0,0.9963445588946342,0.9986321330070496,0.000588252780982773,oof,xanh
adfecgdb,r10,2,39,156.0,7,7,0,0,100.0,96.37625289128758,0.9267479328376399,6.671548067920458,0.736165728233513,0.3000332111448743,0.012049827947999213,1.0,1.0,7.0,0.12880311230485283,3.0,0.9955608631883349,0.9985176622867584,0.0005579108024307821,oof,xanh
adfecgdb,r10,2,40,160.0,8,8,0,0,100.0,96.37625289128758,0.726656013587418,15.367816343669787,0.6996337912352611,0.29370393242113585,0.01800482805943138,1.0,0.5454545454545454,8.0,0.13256331081414316,3.0,0.9932658262550831,0.9988780617713928,1.97757334654817e-05,oof,xanh
adfecgdb,r10,2,41,164.0,8,8,0,0,100.0,96.37625289128758,0.6884782938381653,10.17951331896662,0.7002421834885291,0.2224859137809245,0.008867125984230069,1.0,1.0,8.0,0.21899530166356349,4.0,0.9972214438021183,0.9988312125205994,9.10018235745317e-06,oof,xanh
adfecgdb,r10,2,42,168.0,8,8,0,0,100.0,96.37625289128758,0.7608748554281938,7.648915158021506,0.7163066127340373,0.4543741219218473,0.012483776598249112,1.0,1.0,8.0,0.14466642395339663,3.0,0.9939321987330914,0.9987134635448456,4.361389109366926e-05,oof,xanh
adfecgdb,r10,2,43,172.0,8,8,0,0,100.0,96.37625289128758,0.7078780750575266,9.504813560759798,0.7358456291507778,0.4178484498478014,0.018357179807518276,1.0,0.6153846153846154,8.0,0.12177879524557161,3.0,0.9961445704102516,0.9986030459403992,8.194726257247023e-05,oof,xanh
adfecgdb,r10,2,44,176.0,7,6,1,1,85.71428571428571,96.37625289128758,0.7874068041580553,6.929531425496807,0.7413299072420433,0.30515403752071185,0.23900220929929972,0.6666666666666666,0.7692307692307693,7.0,0.10558441052370914,3.0,0.9170311433928353,0.9974526762962341,0.9909160913613435,oof,do
adfecgdb,r10,2,45,180.0,9,9,0,0,100.0,96.37625289128758,0.7655891837667882,6.727159984332646,0.7443267642337109,0.48805142699696846,0.04216144975105122,1.0,0.46153846153846156,9.0,0.10281480474448834,3.0,0.9263820780648125,0.9962383508682251,0.0007713431301851571,oof,xanh
adfecgdb,r10,2,46,184.0,7,6,3,1,75.0,96.37625289128758,0.7643078631807022,5.233097854511598,0.7299416082926978,0.4354108748209744,0.01592060618738687,1.0,1.0,9.0,0.19323542943133382,3.0,0.9962530997064378,0.9986714124679565,4.063599430301095e-05,oof,xanh
adfecgdb,r10,2,47,188.0,3,3,5,0,54.54545454545455,96.37625289128758,0.7598940877666109,8.660050235569637,0.7311024178810971,0.4224890888726522,0.01045299506842091,1.0,0.9333333333333333,8.0,0.20205907951838198,3.0,0.9952943623065948,0.9981426000595093,7.072387033781697e-05,oof,xanh
adfecgdb,r10,2,48,192.0,9,9,0,0,100.0,96.37625289128758,0.8476605603295208,5.684147493793715,0.7283230915704431,0.5290094674335984,0.01370397453159347,1.0,1.0,9.0,0.14940201429278824,3.0,0.991011381149292,0.9979690909385681,6.115149811174721e-05,oof,xanh
adfecgdb,r10,2,49,196.0,8,8,0,0,100.0,96.37625289128758,0.7673979902876851,11.310613023132552,0.7078910122010093,0.49226556114134407,0.01675868020273627,1.0,0.2,8.0,0.21276326830667508,3.0,0.9969446584582329,0.9984703361988068,1.6999727284682695e-05,oof,xanh
adfecgdb,r10,2,50,200.0,8,6,3,2,70.58823529411765,96.37625289128758,0.9582549309731873,4.47425183833518,0.747542126860153,0.5215599723097175,0.01339285714282726,1.0,1.0,9.0,0.22802910648772245,3.0,0.9970094660917918,0.9988698363304138,0.00036301557656482546,oof,xanh
adfecgdb,r10,2,51,204.0,1,0,10,1,0.0,96.37625289128758,0.9471961370023997,5.275943076945021,0.7598417443807243,0.5747024761312277,0.0161708411497585,1.0,1.0,10.0,0.1977388403044744,3.0,0.9908336043357849,0.9992095232009888,0.0002181530247925591,oof,xanh
adfecgdb,r10,2,52,208.0,3,3,6,0,50.0,96.37625289128758,0.9526246952977395,4.479017174466068,0.7481134035691372,0.4680432503239793,0.020601833186199868,1.0,1.0,9.0,0.22241652440797324,3.0,0.9933353596263461,0.9993758499622345,0.0003622857454174951,oof,xanh
adfecgdb,r10,2,53,212.0,10,10,0,0,100.0,96.37625289128758,0.6741262676563907,27.104979701253644,0.6887035647088672,0.5615447584153195,0.010471118080001717,1.0,0.18181818181818182,10.0,0.11937461370071542,3.0,0.9814637035131455,0.9984031319618225,5.645663025847603e-06,oof,xanh
adfecgdb,r10,2,54,216.0,10,10,0,0,100.0,96.37625289128758,0.8127972851839886,4.8654194658017955,0.7360040645908346,0.5120572828810855,0.008744656682095073,1.0,1.0,10.0,0.13046016719779155,3.0,0.9963071525096894,0.9991338849067688,3.0324317545803545e-05,oof,xanh
adfecgdb,r10,2,55,220.0,9,9,0,0,100.0,96.37625289128758,0.8435631740778075,4.650953347528307,0.7230122804900652,0.5090238638775043,0.009597646835761288,1.0,1.0,9.0,0.18554764352356837,3.0,0.9981474611494277,0.999451220035553,3.4478366110588e-05,oof,xanh
adfecgdb,r10,2,56,224.0,10,10,0,0,100.0,96.37625289128758,0.8545137581969955,5.926041094559032,0.7477809121643081,0.3230806061583391,0.015356547163340162,1.0,0.9473684210526315,10.0,0.21180008485828197,3.0,0.9945253908634186,0.9988321661949158,5.838255414080692e-05,oof,xanh
adfecgdb,r10,2,57,228.0,11,11,0,0,100.0,96.37625289128758,0.9077226933816253,4.317431267512822,0.7400603517886902,0.3339887249109254,0.011258955987688703,1.0,0.9523809523809523,11.0,0.21116688722844615,3.0,0.9914437451145865,0.9980944991111755,5.848514310999573e-05,oof,xanh
adfecgdb,r10,2,58,232.0,10,10,0,0,100.0,96.37625289128758,0.6761916181477745,25.28525012006212,0.6874889963993528,0.5401174966707313,0.03726003792542645,1.0,0.18181818181818182,10.0,0.13637314573046444,4.0,0.9854344815015793,0.9984908103942871,2.2163167989824004e-05,oof,xanh
adfecgdb,r10,2,59,236.0,9,9,0,0,100.0,96.37625289128758,0.9231755259034312,3.9114779578055163,0.7414834567799014,0.48166133059625854,0.04338315838635873,1.0,1.0,9.0,0.14423875505257205,3.0,0.9969079891840616,0.9991194605827332,0.00010649702163304528,oof,xanh
adfecgdb,r10,2,60,240.0,10,10,0,0,100.0,96.37625289128758,1.007995609552417,3.864897590367515,0.7633446237294104,0.5399420952750187,0.019507639249855543,1.0,1.0,10.0,0.15886990644697183,3.0,0.9931864947080612,0.9988625645637512,0.00026324918618387237,oof,xanh
adfecgdb,r10,2,61,244.0,10,10,0,0,100.0,96.37625289128758,0.92687822299238,4.618311412766539,0.7515100483300649,0.51667305547272,0.010326969371350164,1.0,1.0,10.0,0.20843491881105386,3.0,0.9974122732877732,0.9989187717437744,0.0002858002566490118,oof,xanh
adfecgdb,r10,2,62,248.0,9,8,1,1,88.88888888888889,96.37625289128758,0.9386923620696063,3.728405654600727,0.7390974703434463,0.4540936014091428,0.07827595105647824,1.0,0.8888888888888888,9.0,0.19201324493715535,3.0,0.9869698683420817,0.9992368221282959,0.00015269192674889214,oof,xanh
adfecgdb,r10,2,63,252.0,10,10,0,0,100.0,96.37625289128758,0.9192244393913112,4.283813236595932,0.7361079091235674,0.5412752045019694,0.016606092169474514,1.0,1.0,10.0,0.20302842371310756,3.0,0.9969295740127564,0.998615026473999,0.00020579130060635067,oof,xanh
adfecgdb,r10,2,64,256.0,8,8,0,0,100.0,96.37625289128758,1.0524029259791519,3.6457386131112433,0.7518959957567805,0.4826264410646431,0.031124393173795815,1.0,1.0,8.0,0.17587823145596956,3.0,0.9975922629237175,0.9992426633834839,0.00011151899979201626,oof,xanh
adfecgdb,r10,2,65,260.0,9,9,0,0,100.0,96.37625289128758,1.0216189107116582,3.6917250946905007,0.747084855773846,0.5337848440830648,0.01339285714282726,1.0,1.0,9.0,0.22353034048870113,3.0,0.9977598422103457,0.9989686012268066,0.00011661272891637122,oof,xanh
adfecgdb,r10,2,66,264.0,10,10,0,0,100.0,96.37625289128758,0.8065756214658142,25.441422227437887,0.7404945921289101,0.4182178513686956,0.005506121151896339,1.0,0.9473684210526315,9.0,0.21288412596194958,3.0,0.9981570972336663,0.9989954829216003,7.070169103386086e-06,oof,xanh
adfecgdb,r10,2,67,268.0,9,9,0,0,100.0,96.37625289128758,0.842409882147077,11.645116801541294,0.7412352403100319,0.4759693039647021,0.028551873488754712,1.0,1.0,10.0,0.14793037012717677,3.0,0.9902929633855819,0.9988921284675598,4.694934042401304e-06,oof,xanh
adfecgdb,r10,2,68,272.0,9,9,0,0,100.0,96.37625289128758,0.9646557506181251,4.729110233638029,0.7608992193643296,0.4413820042889303,0.00913242009130336,1.0,1.0,9.0,0.1775462015959776,3.0,0.998048828707801,0.9992772936820984,0.0002537766345228154,oof,xanh
adfecgdb,r10,2,69,276.0,9,9,0,0,100.0,96.37625289128758,1.0428648062260413,3.85562421448832,0.7486423974665337,0.5219756051037436,0.0053946361341979015,1.0,1.0,9.0,0.19293095457255086,3.0,0.9973588718308343,0.9991649985313416,0.00011661272891637122,oof,xanh
adfecgdb,r10,2,70,280.0,9,9,0,0,100.0,96.37625289128758,0.9660573210298294,4.804484555759787,0.74384426790238,0.5161627350997402,0.02521124758290703,1.0,0.9411764705882353,9.0,0.11201125851830201,3.0,0.9907093875937991,0.9991829991340637,0.00043257334985401463,oof,xanh
adfecgdb,r10,2,71,284.0,9,9,0,0,100.0,96.37625289128758,1.0346828296447783,3.956787087600599,0.7529863291381353,0.4683862406825797,0.008267779807223114,1.0,1.0,9.0,0.1483529339840634,3.0,0.9976047409905328,0.9992150068283081,0.0012369090990084894,oof,xanh
adfecgdb,r10,2,72,288.0,9,9,0,0,100.0,96.37625289128758,0.8098662319789903,18.45312307728159,0.7347961320625517,0.4735417004264086,0.009777991658191465,1.0,0.0,9.0,0.1612151633191841,3.0,0.9971623619397482,0.9989022016525269,3.533724642428564e-05,oof,xanh
adfecgdb,r10,2,73,292.0,8,8,0,0,100.0,96.37625289128758,1.062592054932669,3.5543684173807444,0.749353246259045,0.5021734796080509,0.015971099293744417,1.0,1.0,8.0,0.16022745218670345,3.0,0.991302166134119,0.9992374181747437,0.0010605447923862385,oof,xanh
adfecgdb,r10,2,74,296.0,10,8,1,2,84.21052631578948,96.37625289128758,0.9596895656863412,1.9732204049430893,0.736114881086663,0.3715805760194333,0.12825367208113195,1.0,0.7368421052631579,9.0,0.11906124337584127,3.0,0.9620120724042257,0.9988455474376678,0.12779041389105625,oof,vang
adfecgdb,r10,3,0,0.0,8,7,1,1,87.5,85.82494190549961,1.1360526127012864,4.535777281024317,0.7723938234178479,0.6290454655988451,0.08913039922525125,1.0,0.46153846153846156,8.0,0.0862257915927744,3.0,0.9314627051353455,0.9979391694068909,0.6226675345588804,oof,do
adfecgdb,r10,3,1,4.0,8,6,3,2,70.58823529411765,85.82494190549961,1.1761174567572124,2.2636488395002026,0.7856690219546694,0.4830079058256729,0.25363320950583657,0.75,0.5882352941176471,9.0,0.10194256767138868,3.0,0.8154025740093656,0.9836230874061584,0.5130293882026024,oof,vang
adfecgdb,r10,3,2,8.0,8,6,2,2,75.0,85.82494190549961,1.24298641266385,3.311062564510088,0.7739554776945992,0.5612000326694278,0.15560007714140098,0.8571428571428571,0.36363636363636365,8.0,0.061306780595092106,3.0,0.9118403634056449,0.9992307424545288,0.11766844591663483,oof,vang
adfecgdb,r10,3,3,12.0,9,6,3,3,66.66666666666667,85.82494190549961,1.2579769321232106,8.668999384880705,0.7828818906970316,0.6512874770821293,0.14561822073760372,1.0,0.5714285714285714,9.0,0.13344542139878854,3.0,0.8688585112492243,0.9954121708869934,0.21483141841020073,oof,vang
adfecgdb,r10,3,4,16.0,9,9,0,0,100.0,85.82494190549961,1.2495045228261645,1.2669856367099994,0.7847539343744163,0.6509211065369058,0.016293878335113914,1.0,1.0,9.0,0.10999996024214705,3.0,0.990693039364285,0.9988784193992615,0.00025994646966492863,oof,xanh
adfecgdb,r10,3,5,20.0,9,8,1,1,88.88888888888889,85.82494190549961,0.7571250577432206,3.1388538212248687,0.6341531788629158,0.9546597106017993,0.23447152742411437,0.875,0.15384615384615385,9.0,0.020540700855629673,2.0,0.8507565855979919,0.994723916053772,0.9356349129129371,oof,do
adfecgdb,r10,3,6,24.0,9,9,0,0,100.0,85.82494190549961,0.7773211584186421,10.775106567922654,0.7476028852246602,0.8975935889340553,0.04919505631914181,1.0,0.0,9.0,0.056581704386763174,2.0,0.9029211401939392,0.9990719556808472,0.0004062213340886632,oof,xanh
adfecgdb,r10,3,7,28.0,8,8,0,0,100.0,85.82494190549961,1.006074339429638,8.521996737859494,0.7352674898410017,0.7884970451170631,0.014425734645336464,1.0,0.18181818181818182,8.0,0.03918702347835339,3.0,0.9969409592449665,0.9993793964385986,0.0006473131745261811,oof,xanh
adfecgdb,r10,3,8,32.0,8,7,1,1,87.5,85.82494190549961,1.1417560664355852,2.333152055019303,0.807616075170187,0.5826511539565079,0.21208957316390661,0.8571428571428571,0.4,8.0,0.07908630192960701,2.0,0.9130655899643898,0.9967638254165649,0.24458950472148475,oof,vang
adfecgdb,r10,3,9,36.0,9,8,1,1,88.88888888888889,85.82494190549961,1.4020575143800793,0.5897907131410256,0.7872228241332221,0.507437226892185,0.11774261134275452,1.0,0.4444444444444444,9.0,0.05597981689342384,3.0,0.9383253620730506,0.9976001083850861,0.48165647057417016,oof,vang
adfecgdb,r10,3,10,40.0,9,9,0,0,100.0,85.82494190549961,1.0976331443619374,8.340967220729782,0.7403520552282823,0.5682597780551245,0.04280048999460488,1.0,0.0,9.0,0.12185886376759567,3.0,0.9805698129865859,0.998898983001709,0.00038749638689924125,oof,xanh
adfecgdb,r10,3,11,44.0,8,7,1,1,87.5,85.82494190549961,1.110959604489151,13.824790567449046,0.7433652023169943,0.5845053421759315,0.1725050394430317,1.0,0.2222222222222222,8.0,0.08291343322363469,3.0,0.9246907327324152,0.9989930987358093,0.5539599580991417,oof,do
adfecgdb,r10,3,12,48.0,9,9,0,0,100.0,85.82494190549961,1.3217327796449456,0.9263483718842074,0.7679800434713117,0.6205062950322137,0.03356098914262409,1.0,0.7777777777777778,9.0,0.13655557373908203,3.0,0.9876085486676958,0.9980360865592957,0.000469168033905319,oof,xanh
adfecgdb,r10,3,13,52.0,8,8,0,0,100.0,85.82494190549961,1.1569142031127988,7.4707323480039065,0.7683174630482777,0.6157790369780544,0.016806722689040297,1.0,0.2,8.0,0.012487899077372725,3.0,0.9488644264638424,0.9992244243621826,0.00877982368523029,oof,xanh
adfecgdb,r10,3,14,56.0,9,9,0,0,100.0,85.82494190549961,1.366981424416961,1.354605110646264,0.7822079366108988,0.5890469356358186,0.02503032853752155,1.0,1.0,9.0,0.20789749504053023,3.0,0.988977226946089,0.9987666606903076,3.8750790028904363e-05,oof,xanh
adfecgdb,r10,3,15,60.0,9,9,0,0,100.0,85.82494190549961,1.2744818574177104,1.1383931733519193,0.766329596723841,0.6301039484957182,0.03404216157775643,1.0,0.8888888888888888,9.0,0.05108679043235004,3.0,0.9862250586350759,0.9990548491477966,0.0002428270492745911,oof,xanh
adfecgdb,r10,3,16,64.0,9,9,0,0,100.0,85.82494190549961,1.2915254052217926,1.8139397307803673,0.7747204509100323,0.5296461895440996,0.024618728311697684,1.0,1.0,9.0,0.20279484151727648,3.0,0.9829848839177026,0.998524010181427,3.2254778459935084e-05,oof,xanh
adfecgdb,r10,3,17,68.0,8,8,0,0,100.0,85.82494190549961,1.276586317402662,1.6477148176130303,0.7803184681671281,0.6088441905894847,0.033517360405472575,1.0,0.875,8.0,0.16262752603522898,3.0,0.9927137494087219,0.9974738955497742,0.0010391426985321207,oof,xanh
adfecgdb,r10,3,18,72.0,9,9,0,0,100.0,85.82494190549961,1.3276558268120462,1.6112202861786624,0.7941664155072425,0.5867830578389273,0.018357624778122,1.0,1.0,9.0,0.1561965087146142,3.0,0.9907240503364139,0.9969538748264313,0.0010391426985321207,oof,xanh
adfecgdb,r10,3,19,76.0,9,9,0,0,100.0,85.82494190549961,1.2897083061782337,1.0826805128799197,0.7701565435651606,0.5000991751147045,0.03681941098991519,1.0,0.8235294117647058,9.0,0.09911132006299063,3.0,0.968112955490748,0.9989733695983887,0.00025994646966492863,oof,xanh
adfecgdb,r10,3,20,80.0,9,8,1,1,88.88888888888889,85.82494190549961,1.2512175990743168,3.174679403962651,0.7535322726691875,0.5977105117194059,0.05067235132717242,1.0,0.7142857142857143,9.0,0.10655462862778478,3.0,0.9200253850883908,0.9989690780639648,0.008431917007883715,oof,xanh
adfecgdb,r10,3,21,84.0,8,8,0,0,100.0,85.82494190549961,1.282000590703095,1.3865622678770064,0.7654253222943312,0.6226603954465405,0.009545044353993861,1.0,1.0,8.0,0.17830945485683308,3.0,0.9914313368499279,0.9973809123039246,0.0004534402804648633,oof,xanh
adfecgdb,r10,3,22,88.0,9,9,0,0,100.0,85.82494190549961,1.2082281298960744,5.838990799404286,0.7521823702028951,0.570991255729949,0.03991863426045301,1.0,0.5,9.0,0.1242962552031053,3.0,0.9072984092765384,0.9959539175033569,0.008284070294505234,oof,xanh
adfecgdb,r10,3,23,92.0,9,7,2,2,77.77777777777777,85.82494190549961,1.1577506900565369,1.4839895395356066,0.7547154156473321,0.8320497526761039,0.20247829676495332,0.875,0.14285714285714285,9.0,0.02090004479409398,2.0,0.8518136110570695,0.9971144199371338,0.9890820819857045,oof,do
adfecgdb,r10,3,24,96.0,8,6,3,2,70.58823529411765,85.82494190549961,1.189218828437562,3.005209404151117,0.8020716161034221,0.519384556735638,0.20783937155686977,0.875,0.18181818181818182,9.0,0.028475668425569915,3.0,0.8378067082828946,0.9907293021678925,0.5101538954347575,oof,vang
adfecgdb,r10,3,25,100.0,9,7,1,2,82.3529411764706,85.82494190549961,0.8066926121545523,0.9107165485139923,0.6536907327094338,0.9114291805497095,0.20968137363952458,0.8571428571428571,0.0,8.0,0.047243154158107155,2.0,0.9342631213366985,0.9902267754077911,0.9676801093911657,oof,do
adfecgdb,r10,3,26,104.0,9,8,1,1,88.88888888888889,85.82494190549961,1.221337566221599,2.774053205125087,0.7903817980090344,0.6771701705319892,0.04781026345315498,1.0,0.7777777777777778,9.0,0.09382208357593642,2.0,0.9503375656074948,0.9988166093826294,0.0017739761449982576,oof,xanh
adfecgdb,r10,3,27,108.0,9,2,7,7,22.22222222222222,85.82494190549961,1.1772244456979415,4.246884262678003,0.8042349792287842,0.5243299400772071,0.33974660027115,0.75,0.2,9.0,0.04355519022612489,3.0,0.7869229006270567,0.9990174770355225,0.9578226082509251,oof,do
adfecgdb,r10,3,28,112.0,8,8,0,0,100.0,85.82494190549961,1.1173458408516963,7.80238080492383,0.7344283810770641,0.5806004958377996,0.013394303934866533,1.0,0.2222222222222222,8.0,0.1846439077094526,3.0,0.9807293601334095,0.9958731532096863,0.00022211125383315273,oof,xanh
adfecgdb,r10,3,29,116.0,9,6,3,3,66.66666666666667,85.82494190549961,1.0995488814124204,7.797685963919848,0.7287770046009476,0.6181111283049114,0.11765252920600815,1.0,0.36363636363636365,9.0,0.08326714726731034,3.0,0.9148977763122983,0.9973960220813751,0.8718027520433428,oof,do
adfecgdb,r10,3,30,120.0,9,8,1,1,88.88888888888889,85.82494190549961,1.184258795857483,3.7709132457279058,0.7502328708581508,0.5771389893485802,0.1673537084769558,0.875,0.46153846153846156,9.0,0.07775353202316314,3.0,0.9382626911004385,0.9981796741485596,0.8122974018272899,oof,do
adfecgdb,r10,3,31,124.0,9,1,9,8,10.526315789473685,85.82494190549961,1.2435562963694649,1.8752456587849355,0.8131612459263674,0.4684333122691206,0.22164604047811817,0.7777777777777778,0.25,10.0,0.07902335657045935,2.0,0.7854656353592873,0.9815343618392944,0.6886032323639999,oof,do
adfecgdb,r10,3,32,128.0,8,7,1,1,87.5,85.82494190549961,1.1778072592777367,3.973422024619966,0.7847537325439515,0.6263661174109076,0.20744567964573432,0.8571428571428571,0.36363636363636365,8.0,0.05552607286795736,3.0,0.8982910327613354,0.986684113740921,0.7048004152207814,oof,do
adfecgdb,r10,3,33,132.0,9,9,0,0,100.0,85.82494190549961,1.179499104898078,4.744347930444183,0.7449737946780312,0.5820621252002321,0.019741827181407472,1.0,0.18181818181818182,9.0,0.061563888988722955,3.0,0.987788286474016,0.9985442161560059,0.0029961139453054198,oof,xanh
adfecgdb,r10,3,34,136.0,8,7,1,1,87.5,85.82494190549961,1.1831059617314172,10.228280517109809,0.762072318323333,0.47589657228394433,0.06927509268884406,1.0,0.2222222222222222,8.0,0.04136833922375517,3.0,0.9387372527271509,0.9994194507598877,0.0001673069025030275,oof,xanh
adfecgdb,r10,3,35,140.0,9,7,2,2,77.77777777777777,85.82494190549961,1.1528371715023995,6.545190348630298,0.7849301884124561,0.6426783819568254,0.12780355103991056,1.0,0.3333333333333333,9.0,0.13982268001602363,3.0,0.876795490582784,0.9914063513278961,0.2932856205020232,oof,vang
adfecgdb,r10,3,36,144.0,8,8,0,0,100.0,85.82494190549961,1.2469814197251106,3.607096272996234,0.7864463849927708,0.532418507131325,0.054973837117620224,1.0,0.7692307692307693,8.0,0.1084665574440924,3.0,0.9658880718052387,0.9988247752189636,0.00019098764251332831,oof,xanh
adfecgdb,r10,3,37,148.0,9,9,0,0,100.0,85.82494190549961,1.15607632598232,4.993549821875145,0.7515875489754607,0.5735416604522371,0.027678122615776336,1.0,0.0,9.0,0.023525262625785307,3.0,0.9701713389820523,0.9963917136192322,0.0025618680020732727,oof,xanh
adfecgdb,r10,3,38,152.0,8,8,0,0,100.0,85.82494190549961,1.358254687617154,2.1639245102681812,0.786797672874415,0.41765073942351677,0.036160770948316864,1.0,0.8,8.0,0.12068780171331689,3.0,0.9847857132554054,0.9987742304801941,0.00040999533242556827,oof,xanh
adfecgdb,r10,3,39,156.0,7,7,0,0,100.0,85.82494190549961,1.2419281833526092,8.01520466878221,0.7642176766148202,0.34770777394240043,0.052353482464035504,1.0,0.4444444444444444,7.0,0.08755083971119165,3.0,0.9083948923008782,0.9952127933502197,0.001602963355714813,oof,xanh
adfecgdb,r10,3,40,160.0,8,6,2,2,75.0,85.82494190549961,0.6764251051643625,0.8810287866179225,0.6277578882669499,0.8573556866521376,0.14753075535795726,1.0,0.6666666666666666,8.0,0.01962822624426605,2.0,0.9321204796433449,0.9972442388534546,0.2936782575562398,oof,vang
adfecgdb,r10,3,41,164.0,8,8,0,0,100.0,85.82494190549961,1.1775316836133742,3.3505901525724058,0.7564643987494952,0.5976286086061614,0.04050924718146288,1.0,0.6153846153846154,8.0,0.0423100091521301,3.0,0.9476880468428135,0.99570232629776,0.02372255945690694,oof,xanh
adfecgdb,r10,3,42,168.0,8,8,0,0,100.0,85.82494190549961,1.3778683430428993,0.9298462207793512,0.7832906059003877,0.44846124887336725,0.03506284927448405,1.0,0.8235294117647058,8.0,0.19827643669061917,3.0,0.9289543442428112,0.9968739748001099,0.00027412290395231216,oof,xanh
adfecgdb,r10,3,43,172.0,8,5,2,3,66.66666666666667,85.82494190549961,1.172813189851998,1.6811392350033278,0.6808727338785467,0.8446758661242488,0.14674516427896458,0.8333333333333334,0.18181818181818182,7.0,0.017978519514520182,2.0,0.8819032566887992,0.9963274598121643,0.9715760193050168,oof,do
adfecgdb,r10,3,44,176.0,7,3,5,4,40.0,85.82494190549961,0.7031245523782458,4.678699658215283,0.7376917706312435,0.832919075216559,0.246291052518696,0.8571428571428571,0.0,8.0,0.025139709275298447,2.0,0.806157324463129,0.9920713603496552,0.8394738177044054,oof,do
adfecgdb,r10,3,45,180.0,9,7,1,2,82.3529411764706,85.82494190549961,1.1290776478168214,1.1681216920760393,0.7987305893121555,0.5314627539561544,0.3917439552126755,0.7142857142857143,0.3333333333333333,8.0,0.02503529066341789,2.0,0.8026964673772454,0.9986507594585419,0.7505892057769795,oof,do
adfecgdb,r10,3,46,184.0,7,6,3,1,75.0,85.82494190549961,1.1688373631623625,7.019310283370611,0.7621042816021362,0.6108064639751422,0.02201494916501127,1.0,0.36363636363636365,9.0,0.10272733272179616,3.0,0.994773288567861,0.9987943172454834,0.0004071207029670021,oof,xanh
adfecgdb,r10,3,47,188.0,3,1,7,2,18.181818181818183,85.82494190549961,1.1028620809892584,6.213402833893445,0.7765864653803795,0.5871208887800411,0.13392908640085946,1.0,0.6666666666666666,8.0,0.21660275739725096,3.0,0.9582143165171146,0.9985002279281616,0.0034290044272864795,oof,xanh
adfecgdb,r10,3,48,192.0,9,9,0,0,100.0,85.82494190549961,1.2893370323181266,1.826659966844809,0.7751809163583936,0.5719846508740032,0.0118211557596989,1.0,1.0,9.0,0.12569282307301996,3.0,0.9901235865222083,0.9965708255767822,0.00028801041283966724,oof,xanh
adfecgdb,r10,3,49,196.0,8,8,0,0,100.0,85.82494190549961,1.2472371674287621,3.429874689281788,0.7738472680206036,0.5356951167855084,0.04425484297168775,1.0,0.2,8.0,0.08692244496998701,3.0,0.9784569144248962,0.9989942908287048,9.497370131565685e-05,oof,xanh
adfecgdb,r10,3,50,200.0,8,6,3,2,70.58823529411765,85.82494190549961,1.246232404121516,1.3391683084863866,0.7693210819095593,0.5446353609000534,0.03484752471278685,1.0,0.8235294117647058,9.0,0.16329832978447453,3.0,0.9786516229311625,0.9973334074020386,0.0010391426985321207,oof,xanh
adfecgdb,r10,3,51,204.0,1,0,10,1,0.0,85.82494190549961,1.2776605201170952,3.060585515415986,0.7799419900382566,0.6197083057830153,0.04999999999988283,1.0,0.7058823529411765,10.0,0.09856504131616935,3.0,0.9495928078889847,0.9977843761444092,0.007448328210895049,oof,xanh
adfecgdb,r10,3,52,208.0,3,3,6,0,50.0,85.82494190549961,1.3675879557483026,1.2717680514685146,0.7975723561407166,0.5455470208776511,0.10209059837183453,1.0,0.7058823529411765,9.0,0.1441577973044789,3.0,0.8964246246549818,0.9937343001365662,0.09255650970017464,oof,vang
adfecgdb,r10,3,53,212.0,10,10,0,0,100.0,85.82494190549961,1.2302650408753724,10.079163378401496,0.7473315745113357,0.5969759225936021,0.0590481937088832,1.0,0.18181818181818182,10.0,0.08208520233216068,3.0,0.9128466635942459,0.9946187734603882,0.0001706136884727643,oof,xanh
adfecgdb,r10,3,54,216.0,10,8,1,2,84.21052631578948,85.82494190549961,1.3206268870262183,1.390965921512275,0.7923660618014464,0.64025007203419,0.15772330369134793,1.0,0.9411764705882353,9.0,0.1551580674467299,3.0,0.9585000707043542,0.9969991743564606,0.10353972759127511,oof,vang
adfecgdb,r10,3,55,220.0,9,3,4,6,37.5,85.82494190549961,1.137251267480182,9.673548242753558,0.7678827023197993,0.5325853754782246,0.2285911244668556,0.8333333333333334,0.25,7.0,0.1602970394313587,3.0,0.9713668056896755,0.9978282749652863,0.06732951752058408,oof,vang
adfecgdb,r10,3,56,224.0,10,7,2,3,73.6842105263158,85.82494190549961,1.2471513595666464,1.0625169425337733,0.7826633231400398,0.5426512851083183,0.1431369534135166,1.0,0.9473684210526315,9.0,0.14440581187273263,3.0,0.8054301275147332,0.9892528653144836,0.2927564626573076,oof,vang
adfecgdb,r10,3,57,228.0,11,9,1,2,85.71428571428571,85.82494190549961,1.3164701434606625,0.7762006643652395,0.7872790871258749,0.5671023206810324,0.2860693791840241,0.8888888888888888,0.6666666666666666,10.0,0.13029127499250254,3.0,0.895213994383812,0.9962056577205658,0.5757831698797967,oof,do
adfecgdb,r10,3,58,232.0,10,9,1,1,90.0,85.82494190549961,1.3228180775405562,1.458006035157105,0.7850588891327296,0.5899941797518268,0.08360033251798323,1.0,1.0,10.0,0.2519524366173979,3.0,0.9130434617400169,0.9956472516059875,0.014820057326650189,oof,xanh
adfecgdb,r10,3,59,236.0,9,8,1,1,88.88888888888889,85.82494190549961,1.1954736880623442,7.3461374542516875,0.7462420589129459,0.6144245470138484,0.2351170709017751,0.875,0.36363636363636365,9.0,0.06499244574606526,3.0,0.8886057337125143,0.982866108417511,0.9769650048453076,oof,do
adfecgdb,r10,3,60,240.0,10,9,0,1,94.73684210526316,85.82494190549961,1.3771996312140082,1.0694990407840468,0.7881718094810843,0.5950343660725147,0.290312530155836,0.875,0.7058823529411765,9.0,0.039436493044779586,3.0,0.9149354033999972,0.9959050118923187,0.6504209921146367,oof,do
adfecgdb,r10,3,61,244.0,10,9,1,1,90.0,85.82494190549961,1.2309588470308004,6.168235088314095,0.7662629819572799,0.5663315298185643,0.12918533722929448,0.8888888888888888,0.18181818181818182,10.0,0.06116580298348629,3.0,0.8191240549087524,0.9983009696006775,0.2337605062266001,oof,vang
adfecgdb,r10,3,62,248.0,9,9,0,0,100.0,85.82494190549961,1.268001684749172,2.5692273683922755,0.7780880336094613,0.554222130156671,0.019096274174317737,1.0,0.5,9.0,0.08360757728132627,3.0,0.9641806019677056,0.9987742304801941,9.137703917779198e-05,oof,xanh
adfecgdb,r10,3,63,252.0,10,10,0,0,100.0,85.82494190549961,1.2632576884735136,2.0566760998934974,0.7747915262056391,0.5938785092706778,0.05476546385675305,1.0,1.0,10.0,0.12769821822626354,3.0,0.9611604392528534,0.9986090064048767,0.0008659065201989299,oof,xanh
adfecgdb,r10,3,64,256.0,8,8,0,0,100.0,85.82494190549961,1.397381181093712,1.1397990546635937,0.7954852748467341,0.541181296733723,0.056225277991838365,1.0,0.9333333333333333,8.0,0.11536864661292902,2.0,0.9698152393102646,0.9974269270896912,0.0010105521250844912,oof,xanh
adfecgdb,r10,3,65,260.0,9,9,0,0,100.0,85.82494190549961,1.4036861038317598,0.48612384169609646,0.7883252457644658,0.5434343215130075,0.036118651982607435,1.0,1.0,9.0,0.15428646895811626,2.0,0.9820477068424225,0.9975219666957855,0.0010391426985321207,oof,xanh
adfecgdb,r10,3,66,264.0,10,9,1,1,90.0,85.82494190549961,1.244001406319642,8.299568579323381,0.7965081553126734,0.579310518750587,0.06144518047873484,1.0,0.8421052631578947,10.0,0.06420659916995491,3.0,0.8981618642807007,0.9979469180107117,0.0038034356612961853,oof,xanh
adfecgdb,r10,3,67,268.0,9,8,1,1,88.88888888888889,85.82494190549961,1.1564220378696681,5.61527842128533,0.7757071853541968,0.5622424473696803,0.07444231621824009,1.0,0.36363636363636365,9.0,0.1632264456245026,3.0,0.9060080680582259,0.9968792200088501,0.1743160640336626,oof,vang
adfecgdb,r10,3,68,272.0,9,7,1,2,82.3529411764706,85.82494190549961,1.1667171014235793,6.151970881412138,0.7697180251434422,0.5887351660864355,0.19644151215055453,1.0,0.5454545454545454,8.0,0.04373217187277606,3.0,0.9609760977327824,0.9960103034973145,0.2018292283837734,oof,vang
adfecgdb,r10,3,69,276.0,9,8,1,1,88.88888888888889,85.82494190549961,1.228854369694964,5.7227250595574795,0.770336938234666,0.6137355701972951,0.1291915721152972,1.0,0.0,9.0,0.05625603293066438,3.0,0.8561398635307947,0.9987953007221222,0.41038862163993994,oof,vang
adfecgdb,r10,3,70,280.0,9,9,0,0,100.0,85.82494190549961,1.406724506766803,1.4664055535686726,0.7847983508846444,0.5923274799828101,0.051128942829443136,1.0,1.0,9.0,0.11864372657471986,3.0,0.8391251961390177,0.9967935681343079,0.0028263651125690283,oof,xanh
adfecgdb,r10,3,71,284.0,9,9,0,0,100.0,85.82494190549961,1.3798264981124044,1.2396311102769362,0.7880878753620376,0.6219105450725492,0.028781398626484003,1.0,1.0,9.0,0.08382788901250726,3.0,0.9706392453776466,0.9968391358852386,0.00038452615008560627,oof,xanh
adfecgdb,r10,3,72,288.0,9,8,1,1,88.88888888888889,85.82494190549961,1.3886587929590268,1.1498144452113666,0.7979035567176805,0.5416566842794395,0.0723351864141863,1.0,0.7777777777777778,9.0,0.12712919195074776,3.0,0.9364350603686439,0.99752476811409,0.33903007771653226,oof,vang
adfecgdb,r10,3,73,292.0,8,8,0,0,100.0,85.82494190549961,1.396296970408015,1.1090903362565774,0.7835822216252165,0.5026922134901272,0.023926438790628526,1.0,0.875,8.0,0.16085375571021787,3.0,0.9823276214301586,0.9979953765869141,0.0012748268412184265,oof,xanh
adfecgdb,r10,3,74,296.0,10,10,0,0,100.0,85.82494190549961,0.9629150302360808,4.4703449245028,0.7488274107475614,0.599389282958794,0.03625377643496317,1.0,0.16666666666666666,10.0,0.06510852358378956,3.0,0.9460216164588928,0.9948132038116455,0.048403894342771106,oof,xanh
adfecgdb,r10,4,0,0.0,8,8,0,0,100.0,93.8996138996139,0.845580814714051,5.676999815279265,0.7383039322691591,0.6108069238450743,0.037202696414721556,1.0,1.0,8.0,0.05013008650377273,3.0,0.9952368102967739,0.9993135929107666,3.553214261923777e-05,oof,xanh
adfecgdb,r10,4,1,4.0,8,8,0,0,100.0,93.8996138996139,0.8333110183310326,3.627449301587111,0.7590775774602471,0.5137853890344649,0.03917499621090495,1.0,1.0,8.0,0.1449516993529853,3.0,0.9541821628808975,0.9988476037979126,0.0007294072238668689,oof,xanh
adfecgdb,r10,4,2,8.0,8,8,1,0,94.11764705882354,93.8996138996139,0.9570489643991633,2.3438275050854482,0.7593333614663031,0.6863751362059827,0.14768235865302068,0.875,0.9411764705882353,9.0,0.05255803421807902,3.0,0.9332148068481021,0.9990084767341614,0.584901705863453,oof,do
adfecgdb,r10,4,3,12.0,9,9,0,0,100.0,93.8996138996139,0.9272048014470096,4.552752611734213,0.7485555726452641,0.7167195592157832,0.022575942329746877,1.0,0.9411764705882353,9.0,0.1719174336608549,3.0,0.9969921476311154,0.9987228512763977,0.00028680193685957206,oof,xanh
adfecgdb,r10,4,4,16.0,9,9,0,0,100.0,93.8996138996139,0.8395819140559728,5.256553979681778,0.7458224622657155,0.6962996389101688,0.015545702041690488,1.0,1.0,9.0,0.22864981200563197,3.0,0.9978305068280962,0.9990948438644409,4.6391732474011685e-05,oof,xanh
adfecgdb,r10,4,5,20.0,9,9,0,0,100.0,93.8996138996139,0.7853102477278384,5.336828995891429,0.7282913832304695,0.637124887233263,0.014980896188747213,1.0,1.0,9.0,0.1754473912472524,3.0,0.9903145498699613,0.9991270899772644,3.4478366110588e-05,oof,xanh
adfecgdb,r10,4,6,24.0,9,9,0,0,100.0,93.8996138996139,0.7517751023792539,6.83275438188053,0.7407669504787138,0.674911265778046,0.015636842432499288,1.0,1.0,9.0,0.2095910617245336,3.0,0.9982208841376834,0.9993076324462891,1.9980668907228027e-05,oof,xanh
adfecgdb,r10,4,7,28.0,8,8,0,0,100.0,93.8996138996139,0.7380541697525287,7.049806448874387,0.728178878626863,0.6553406935613599,0.014504503536367744,1.0,0.875,8.0,0.14521734676338957,3.0,0.9982680790126324,0.9988946318626404,3.4641273997680125e-05,oof,xanh
adfecgdb,r10,4,8,32.0,8,7,1,1,87.5,93.8996138996139,0.6881009124923211,4.9377238154438094,0.790939518829249,0.6627588083993697,0.08497128328561829,1.0,0.875,8.0,0.13775213342547907,3.0,0.9817115105688572,0.9989451766014099,0.00014211541274621717,oof,xanh
adfecgdb,r10,4,9,36.0,9,9,0,0,100.0,93.8996138996139,0.9354215283049988,2.756403371102426,0.7595006841798699,0.6818107351825137,0.012236844753445691,1.0,0.9411764705882353,9.0,0.1749318491571041,3.0,0.9982742071151733,0.9992204308509827,0.00014740303309130357,oof,xanh
adfecgdb,r10,4,10,40.0,9,9,0,0,100.0,93.8996138996139,0.7846856160032145,5.584823536847072,0.7396971615665409,0.7080158327459792,0.011590378165929116,1.0,1.0,9.0,0.14642798584514938,3.0,0.9977583388487498,0.9987995624542236,2.1893363417083477e-05,oof,xanh
adfecgdb,r10,4,11,44.0,8,8,0,0,100.0,93.8996138996139,0.8334038986953649,5.9471785686378045,0.7471064327834753,0.7048789534461706,0.011097285708477917,1.0,1.0,8.0,0.12920664197881218,3.0,0.9965400360524654,0.9992275238037109,5.247966363083449e-05,oof,xanh
adfecgdb,r10,4,12,48.0,9,9,0,0,100.0,93.8996138996139,0.7980385131840475,4.937383776857818,0.7265318195425544,0.7118311838444417,0.0115143756861527,1.0,1.0,9.0,0.18445823669595623,3.0,0.9969505667686462,0.9991614818572998,3.4478366110588e-05,oof,xanh
adfecgdb,r10,4,13,52.0,8,8,0,0,100.0,93.8996138996139,0.8453559708044776,4.964396215545601,0.7409345626279696,0.6422990663633749,0.012545560384784176,1.0,0.875,8.0,0.17327440809387104,3.0,0.9988665319979191,0.9994231462478638,2.0443301726334358e-05,oof,xanh
adfecgdb,r10,4,14,56.0,9,9,0,0,100.0,93.8996138996139,0.7864403540280054,7.5845697982048055,0.7278817920576074,0.6733992786063737,0.0096649643980732,1.0,1.0,9.0,0.20873888336329244,3.0,0.9983257154623667,0.9988927245140076,3.369812986909082e-05,oof,xanh
adfecgdb,r10,4,15,60.0,9,9,0,0,100.0,93.8996138996139,0.877120251686228,4.628469354584529,0.7365314776831575,0.7049501606314292,0.01304347826084122,1.0,0.8888888888888888,9.0,0.15309363155143826,3.0,0.9942004084587097,0.9989496171474457,9.47387571570081e-05,oof,xanh
adfecgdb,r10,4,16,64.0,9,9,0,0,100.0,93.8996138996139,0.8151500500033685,4.4936346037573145,0.7292199446711628,0.690034713486618,0.007476177317760194,1.0,1.0,9.0,0.17487518085754103,3.0,0.9976032806767358,0.9992202520370483,3.4478366110588e-05,oof,xanh
adfecgdb,r10,4,17,68.0,8,8,0,0,100.0,93.8996138996139,0.8333430493632288,7.442928158189115,0.738554801495274,0.6871176017618478,0.008595785645484457,1.0,0.875,8.0,0.1728513165170741,3.0,0.9974639527499676,0.9991273283958435,3.234690810095406e-05,oof,xanh
adfecgdb,r10,4,18,72.0,9,9,0,0,100.0,93.8996138996139,0.8360054636419811,2.622095745763416,0.7677992494364437,0.6382828686023193,0.03595385282835024,1.0,0.8888888888888888,9.0,0.13975404007422082,3.0,0.984861155351003,0.9990289211273193,6.237563632728778e-05,oof,xanh
adfecgdb,r10,4,19,76.0,9,9,0,0,100.0,93.8996138996139,0.9185400864232617,3.9146233535753723,0.7519581029299859,0.7057389728178433,0.012209564105699035,1.0,1.0,9.0,0.14870272202114443,3.0,0.9982385039329529,0.999218225479126,0.00011932303219936467,oof,xanh
adfecgdb,r10,4,20,80.0,9,9,0,0,100.0,93.8996138996139,0.8134275355353665,4.972774136703348,0.735914524874484,0.6954942797298683,0.008549632110814285,1.0,0.875,9.0,0.11930697452388915,3.0,0.9975152611732483,0.999390721321106,3.8083306413145156e-05,oof,xanh
adfecgdb,r10,4,21,84.0,8,8,0,0,100.0,93.8996138996139,0.8570070728198518,4.4711861956536465,0.7326967803516814,0.6763018196902277,0.007842765907067758,1.0,1.0,8.0,0.15292370455238985,3.0,0.9954301565885544,0.9992499053478241,4.192386030882245e-05,oof,xanh
adfecgdb,r10,4,22,88.0,9,9,0,0,100.0,93.8996138996139,0.8598999545192801,3.8948228808133534,0.7353058180261729,0.6744848952818396,0.010306496191235592,1.0,1.0,9.0,0.20416029321710308,3.0,0.9980395701196458,0.9990715682506561,2.0314810108116103e-05,oof,xanh
adfecgdb,r10,4,23,92.0,9,7,2,2,77.77777777777777,93.8996138996139,0.871444468847728,2.2694995314985826,0.7589446444541396,0.6814805367210207,0.1499682010457948,1.0,0.7777777777777778,9.0,0.0682007833175302,3.0,0.9228845569822524,0.9983335137367249,0.060170627824185856,oof,vang
adfecgdb,r10,4,24,96.0,8,6,2,2,75.0,93.8996138996139,0.9705664685953792,1.291881266741452,0.7741263623881721,0.6778817179410804,0.06847123271028192,1.0,0.6666666666666666,8.0,0.085633999704765,3.0,0.9684784524142742,0.9991171658039093,0.00011647542945854557,oof,xanh
adfecgdb,r10,4,25,100.0,9,9,0,0,100.0,93.8996138996139,0.834494545451404,3.148758863191107,0.7699220519327077,0.6932306896366407,0.010629001466507868,1.0,1.0,9.0,0.19457267295825062,3.0,0.9976437588532766,0.9989457726478577,4.4040960500946694e-05,oof,xanh
adfecgdb,r10,4,26,104.0,9,9,0,0,100.0,93.8996138996139,0.8437931839027542,4.277219499465232,0.7471998796830865,0.7099877117201235,0.009850519724646989,1.0,1.0,9.0,0.20729310955697047,3.0,0.9959727889961667,0.9991276860237122,0.00011359062829742444,oof,xanh
adfecgdb,r10,4,27,108.0,9,1,7,8,11.764705882352942,93.8996138996139,0.97641812984675,1.9324924992479557,0.7836418204201583,0.6904305572101798,0.356270463711428,0.8571428571428571,0.25,8.0,0.09342791378844752,3.0,0.8644400797784328,0.9955427944660187,0.5564589036796798,oof,do
adfecgdb,r10,4,28,112.0,8,8,0,0,100.0,93.8996138996139,0.8775824353905862,4.564702309085542,0.7392344852164776,0.6745965067884201,0.011969579894829259,1.0,0.875,8.0,0.17911702794256473,3.0,0.9983370006084442,0.9992639422416687,4.6195687112777375e-05,oof,xanh
adfecgdb,r10,4,29,116.0,9,9,0,0,100.0,93.8996138996139,0.9087328830368179,4.386385016193143,0.7366554769010595,0.6874181328272827,0.009148913977370323,1.0,1.0,9.0,0.18902614289484246,3.0,0.997983349694146,0.9994886517524719,5.2435116165856186e-05,oof,xanh
adfecgdb,r10,4,30,120.0,9,9,0,0,100.0,93.8996138996139,0.9517900284802392,4.101763122097559,0.7394484758983914,0.7080715586780801,0.025034329952505915,1.0,1.0,9.0,0.0693404574217468,3.0,0.9964501228597429,0.9986982047557831,0.00013191659682181722,oof,xanh
adfecgdb,r10,4,31,124.0,9,1,7,8,11.764705882352942,93.8996138996139,0.8959567134146965,20.70732892710452,0.7370085308936076,0.6491322584850737,0.22920832981112677,0.8571428571428571,0.0,8.0,0.03320751004257351,3.0,0.7912260498851538,0.9873120784759521,0.7775674695894463,oof,do
adfecgdb,r10,4,32,128.0,8,8,0,0,100.0,93.8996138996139,1.0119912825357469,2.023063037428928,0.7821642616732468,0.7091138398929114,0.03579936973767643,1.0,0.7058823529411765,8.0,0.1589931719548872,3.0,0.9572588764131069,0.9988712668418884,0.0004298778333303433,oof,xanh
adfecgdb,r10,4,33,132.0,9,9,0,0,100.0,93.8996138996139,0.9303020396180566,3.0030087034842525,0.7419013696912283,0.6918951412138227,0.011721609184880607,1.0,0.9411764705882353,9.0,0.1324871262990725,3.0,0.9963289433055453,0.99944669008255,0.00038575657656130354,oof,xanh
adfecgdb,r10,4,34,136.0,8,8,0,0,100.0,93.8996138996139,0.9082023193341942,3.603181726613731,0.7396944929097288,0.6772726345987957,0.014204273188684688,1.0,0.9411764705882353,8.0,0.10603836449367102,3.0,0.9983868561685085,0.9995008707046509,3.579378997980776e-05,oof,xanh
adfecgdb,r10,4,35,140.0,9,6,2,3,70.58823529411765,93.8996138996139,0.8967645969626777,2.407022053919878,0.7533677649546471,0.6630153301633934,0.2283995864756251,0.8571428571428571,0.7058823529411765,8.0,0.08117172623424682,3.0,0.9782373197376728,0.999174565076828,0.010379638733145864,oof,xanh
adfecgdb,r10,4,36,144.0,8,8,0,0,100.0,93.8996138996139,0.8924788386602146,4.498962711172726,0.7550627885371384,0.6366234106448009,0.015674086042211276,1.0,0.9411764705882353,8.0,0.1267884204050879,3.0,0.9952373132109642,0.9982576966285706,0.00014164602986253637,oof,xanh
adfecgdb,r10,4,37,148.0,9,9,0,0,100.0,93.8996138996139,0.9637587391489697,3.8951035644216203,0.7428192248712272,0.6298166542622599,0.009168824562739965,1.0,1.0,9.0,0.13586557751109363,3.0,0.9976419707139333,0.9992676377296448,0.00014952729832807326,oof,xanh
adfecgdb,r10,4,38,152.0,8,8,0,0,100.0,93.8996138996139,0.9126629212476454,5.339458810666089,0.7491087405226965,0.6028461466140899,0.031084648763144828,1.0,0.875,8.0,0.11154455775558354,3.0,0.9974532499909401,0.999265730381012,0.00013669750685109977,oof,xanh
adfecgdb,r10,4,39,156.0,7,7,0,0,100.0,93.8996138996139,0.9923468287737991,5.719317907749257,0.7514026906724883,0.5250723865599637,0.01813906185040623,1.0,1.0,7.0,0.0973585762118448,3.0,0.996060345854078,0.9987019896507263,0.0013388369298944513,oof,xanh
adfecgdb,r10,4,40,160.0,8,8,0,0,100.0,93.8996138996139,0.8491743610469387,6.332597811969711,0.7361576761245299,0.4696035564109017,0.018462373935868415,1.0,0.8,8.0,0.08379859634523372,3.0,0.9903871975839138,0.9985246062278748,5.628580096906137e-05,oof,xanh
adfecgdb,r10,4,41,164.0,8,8,0,0,100.0,93.8996138996139,0.9561268543609454,6.487985268984209,0.7536484778727047,0.5166114097074236,0.017590652423178536,1.0,1.0,8.0,0.14107939189707083,3.0,0.9972135424613953,0.9985162615776062,0.0008997518140377389,oof,xanh
adfecgdb,r10,4,42,168.0,8,8,0,0,100.0,93.8996138996139,0.8000337902922323,11.690418943569023,0.722381852728957,0.4368935587554849,0.015597299302527253,1.0,0.8,8.0,0.07920514253746261,3.0,0.9947866424918175,0.9989583194255829,1.3646768051968182e-05,oof,xanh
adfecgdb,r10,4,43,172.0,8,8,0,0,100.0,93.8996138996139,0.9223970933796591,3.834838308054829,0.755022049783358,0.43593055867198494,0.018357179807518276,1.0,0.9333333333333333,8.0,0.11374915523498039,3.0,0.9680988565087318,0.9986579418182373,0.0001438653531638327,oof,xanh
adfecgdb,r10,4,44,176.0,7,7,0,0,100.0,93.8996138996139,0.9176762986749105,3.2095603663753582,0.748543035890995,0.5989001549417148,0.03107761937684506,1.0,0.8571428571428571,7.0,0.04934615157685817,3.0,0.9100335325513568,0.9913758039474487,0.01046056093487458,oof,xanh
adfecgdb,r10,4,45,180.0,9,9,0,0,100.0,93.8996138996139,0.9445853880683796,3.700766400699793,0.7775412748283906,0.5161044446237908,0.040458353624250855,1.0,0.8,9.0,0.12949539770481536,3.0,0.9381226466761695,0.9980398416519165,0.022271179828718825,oof,xanh
adfecgdb,r10,4,46,184.0,7,6,3,1,75.0,93.8996138996139,0.8921986063635553,5.206549634307645,0.7424770906193412,0.5899860914417395,0.0199242421519386,1.0,0.8888888888888888,9.0,0.18939747004615085,3.0,0.995457692278756,0.9992474317550659,5.4241935608539216e-05,oof,xanh
adfecgdb,r10,4,47,188.0,3,3,5,0,54.54545454545455,93.8996138996139,0.8983005725981053,6.857298146384744,0.7496877193270793,0.6624332343720557,0.009441256443639412,1.0,1.0,8.0,0.18888674696708493,3.0,0.9962598606944084,0.9987510442733765,9.886481275271529e-05,oof,xanh
adfecgdb,r10,4,48,192.0,9,9,0,0,100.0,93.8996138996139,0.9477470678918908,4.684937719712532,0.7363259842992794,0.6568188436298773,0.012321261970941227,1.0,1.0,9.0,0.14548255881438965,3.0,0.9971799188190036,0.9991114139556885,0.0007091033695943138,oof,xanh
adfecgdb,r10,4,49,196.0,8,8,0,0,100.0,93.8996138996139,0.9786640804986888,3.019996457634379,0.7471917604955907,0.6423125523834254,0.01610121912644413,1.0,1.0,8.0,0.15630744213811876,3.0,0.9972103498876095,0.9987388253211975,0.0011330897568809658,oof,xanh
adfecgdb,r10,4,50,200.0,8,6,3,2,70.58823529411765,93.8996138996139,1.0487902978963064,2.984919657167338,0.7462365430056146,0.6523273863121783,0.018766480563825388,1.0,1.0,9.0,0.2200597799622238,3.0,0.9957591394583384,0.9980300068855286,0.0007514642309783839,oof,xanh
adfecgdb,r10,4,51,204.0,1,0,10,1,0.0,93.8996138996139,1.0169377364894763,3.4609158119548757,0.7553497464904969,0.7001790531136184,0.014252920167120616,1.0,0.8888888888888888,10.0,0.19956448353022632,3.0,0.9914812594652176,0.9995556473731995,0.00042856865716143355,oof,xanh
adfecgdb,r10,4,52,208.0,3,3,6,0,50.0,93.8996138996139,1.0206736981043858,3.117121925612345,0.7440512534692123,0.6076873936391948,0.011612182865135831,1.0,0.8888888888888888,9.0,0.1332158215336102,3.0,0.9975497590170966,0.9990649819374084,0.0004159796658406568,oof,xanh
adfecgdb,r10,4,53,212.0,10,10,0,0,100.0,93.8996138996139,0.9741117598952429,3.831506395490929,0.7528823842997496,0.6641583520707479,0.02836754207328928,1.0,1.0,10.0,0.14922574902193186,3.0,0.9934899002313614,0.9991637468338013,0.0003082018756684456,oof,xanh
adfecgdb,r10,4,54,216.0,10,10,0,0,100.0,93.8996138996139,0.9409996588758621,4.040720795929798,0.738219001817409,0.6272078174447324,0.011032170748820012,1.0,1.0,10.0,0.15159267713048932,3.0,0.9965221732854843,0.9992511570453644,0.0003443403565966914,oof,xanh
adfecgdb,r10,4,55,220.0,9,9,0,0,100.0,93.8996138996139,1.0157171601841113,3.6867096535701833,0.7448051593914188,0.6324532560298292,0.011757291127606102,1.0,0.9473684210526315,9.0,0.13183770913400006,3.0,0.9981551931964027,0.999170184135437,0.00022194258956317038,oof,xanh
adfecgdb,r10,4,56,224.0,10,10,0,0,100.0,93.8996138996139,0.9613703902734795,3.7870562423295304,0.7709386542487601,0.4457781215664466,0.015356547163340162,1.0,1.0,10.0,0.12431284643991994,3.0,0.9932949930429459,0.9989074468612671,0.00021402925394630219,oof,xanh
adfecgdb,r10,4,57,228.0,11,11,0,0,100.0,93.8996138996139,0.9663999818659883,3.296385170418927,0.7451608307174534,0.43920570368647466,0.00846750648613345,1.0,0.631578947368421,11.0,0.0400306596755836,3.0,0.9886430501937866,0.9983164072036743,0.0006261203415462178,oof,xanh
adfecgdb,r10,4,58,232.0,10,10,0,0,100.0,93.8996138996139,0.9307421364980772,3.941772298321527,0.7418120846320816,0.641917433142864,0.03174150159835155,1.0,1.0,10.0,0.21145868660871367,3.0,0.9840756088495255,0.9986189603805542,1.5828455700474766e-05,oof,xanh
adfecgdb,r10,4,59,236.0,9,9,0,0,100.0,93.8996138996139,1.0142440783698259,3.113463349265099,0.7403667235963044,0.636162277635429,0.04465558056089363,1.0,1.0,9.0,0.10807353627223988,3.0,0.9973930219809214,0.9985449314117432,0.0005342253519100517,oof,xanh
adfecgdb,r10,4,60,240.0,10,10,0,0,100.0,93.8996138996139,0.9916710035551667,3.302832958772436,0.7554276386915594,0.6956504489154278,0.02866484827966953,1.0,0.9473684210526315,10.0,0.09124208135989131,3.0,0.9818288445472717,0.9987394213676453,0.001191384996820508,oof,xanh
adfecgdb,r10,4,61,244.0,10,10,0,0,100.0,93.8996138996139,0.9940206171206646,2.2413978881486285,0.7546160817576464,0.6092412650177217,0.009459622490766213,1.0,0.8,10.0,0.04342319572684831,3.0,0.9950160533189774,0.9988576173782349,0.0006124881279927941,oof,xanh
adfecgdb,r10,4,62,248.0,9,9,0,0,100.0,93.8996138996139,1.018248649770849,3.3738628115597544,0.7575417764015858,0.6368610115934634,0.010238335082813932,1.0,0.8888888888888888,9.0,0.09513035776284103,3.0,0.9943907923168607,0.9991493225097656,0.0008162076557114309,oof,xanh
adfecgdb,r10,4,63,252.0,10,10,0,0,100.0,93.8996138996139,1.013821484498499,2.678603702919734,0.7457304469412604,0.6909919426925436,0.01737350468692128,1.0,0.9,10.0,0.13221420216494936,3.0,0.9973273396492004,0.9990642666816711,0.0008732343630140212,oof,xanh
adfecgdb,r10,4,64,256.0,8,8,0,0,100.0,93.8996138996139,1.1809679899770984,1.7250055973699077,0.7653702539803501,0.6790345662141724,0.034193384734207,1.0,0.9411764705882353,8.0,0.1810249191426254,3.0,0.9973355084657669,0.9991661310195923,0.0002946550919190138,oof,xanh
adfecgdb,r10,4,65,260.0,9,9,0,0,100.0,93.8996138996139,1.1874322663565453,1.4504614622004803,0.7551593270943333,0.6712847814607329,0.018662897305533804,1.0,0.875,9.0,0.09191058609372624,3.0,0.980291508966022,0.9991397559642792,0.000495504455763826,oof,xanh
adfecgdb,r10,4,66,264.0,10,10,0,0,100.0,93.8996138996139,1.0947102963491449,2.688165621047011,0.7581064591748443,0.650950473633397,0.008649624234677999,1.0,1.0,10.0,0.18264454908160382,3.0,0.9907420724630356,0.999126136302948,0.0002616324014546497,oof,xanh
adfecgdb,r10,4,67,268.0,9,9,0,0,100.0,93.8996138996139,1.0804450992365784,2.2298058758156856,0.7572098695936144,0.6341632197646727,0.01261122787816243,1.0,0.8888888888888888,9.0,0.12451799697643728,3.0,0.9958508941862318,0.9983637928962708,0.000847674894512026,oof,xanh
adfecgdb,r10,4,68,272.0,9,9,0,0,100.0,93.8996138996139,1.0311217746102939,2.9037810023520434,0.7670671813588178,0.6385490129914421,0.0088626621194475,1.0,1.0,9.0,0.1387910315400824,3.0,0.9970838758680556,0.999034196138382,0.0005846184040714613,oof,xanh
adfecgdb,r10,4,69,276.0,9,9,0,0,100.0,93.8996138996139,1.1523713621053748,2.0540349916815686,0.7502388681796307,0.664274002186558,0.007024744655100511,1.0,1.0,9.0,0.20987947591554704,3.0,0.9936833282311758,0.9993948936462402,0.00043659347061904047,oof,xanh
adfecgdb,r10,4,70,280.0,9,9,0,0,100.0,93.8996138996139,1.1447041029561895,2.3196265729748102,0.7518683367337422,0.5467026876459462,0.01931952850775866,1.0,0.9411764705882353,9.0,0.16952974927177916,3.0,0.9798960818184747,0.9992243647575378,0.0018087129596431315,oof,xanh
adfecgdb,r10,4,71,284.0,9,9,0,0,100.0,93.8996138996139,1.0952117861691015,2.7771868712083663,0.7520217912128269,0.6595451512385172,0.007386692183403154,1.0,0.9411764705882353,9.0,0.1232079414739776,3.0,0.992831312947803,0.9982805252075195,0.001230147585916009,oof,xanh
adfecgdb,r10,4,72,288.0,9,9,0,0,100.0,93.8996138996139,1.1027582315885207,2.3292758156780398,0.7524450557572585,0.6909602735578956,0.0105402890622026,1.0,0.8888888888888888,9.0,0.13973783005333978,3.0,0.9943313466178046,0.9992415010929108,0.0010047930642025121,oof,xanh
adfecgdb,r10,4,73,292.0,8,8,0,0,100.0,93.8996138996139,1.017667914749289,2.382406089367727,0.7584859375337207,0.6823003465078681,0.011978324470308313,1.0,0.8235294117647058,8.0,0.17142679058034455,3.0,0.9967029578983784,0.998791515827179,0.0002982496903260915,oof,xanh
adfecgdb,r10,4,74,296.0,10,9,1,1,90.0,93.8996138996139,1.053556843615918,1.6080605509377994,0.7515321212768188,0.6572149458242944,0.04656486930313512,1.0,0.8421052631578947,10.0,0.1351817869852001,3.0,0.9763479977846146,0.999322235584259,0.0011559038156732338,oof,xanh
cinc,a01,0,0,0.0,8,8,0,0,100.0,94.28571428571428,0.6731408778992707,5.730252319996076,0.7594216850139818,0.532117819321858,0.04226479695947335,1.0,0.5,8.0,0.0875346237140067,3.0,0.9840676859021187,0.9983439445495605,0.008784892602926598,production,xanh
cinc,a01,0,1,4.0,9,9,0,0,100.0,94.28571428571428,0.6873405685478329,6.856639272748492,0.75745836535365,0.5503048702144828,0.010603851700337105,1.0,0.8888888888888888,9.0,0.07472833794165236,3.0,0.9963314168983035,0.9983407258987427,0.018923857117881915,production,xanh
cinc,a01,0,2,8.0,9,9,0,0,100.0,94.28571428571428,0.7089476443172387,5.463569106873331,0.7529238609568352,0.53713387821133,0.01676616167185728,1.0,0.7777777777777778,9.0,0.11345063921792072,3.0,0.9923124081558652,0.9987234175205231,0.15011303437337897,production,vang
cinc,a01,0,3,12.0,8,8,0,0,100.0,94.28571428571428,0.7214240478611061,3.560882216398621,0.7480814292799991,0.527900803405157,0.018654060132927967,1.0,0.5333333333333333,8.0,0.1318472819839548,3.0,0.9875700771808624,0.9979842901229858,0.22204460592366584,production,vang
cinc,a01,0,4,16.0,9,9,0,0,100.0,94.28571428571428,0.68718749125075,6.1710217258926185,0.741775719680543,0.5384007520386181,0.02997890447083572,1.0,0.7777777777777778,9.0,0.053381990249875375,3.0,0.9629528886742063,0.9988992214202881,0.0934426051814865,production,vang
cinc,a01,0,5,20.0,9,9,0,0,100.0,94.28571428571428,0.5853291655451237,5.412253173674969,0.7335554022899423,0.5213490777155564,0.02803220820670725,1.0,0.6666666666666666,9.0,0.05279840393336766,3.0,0.9928395052750906,0.998236894607544,0.012330753553175249,production,xanh
cinc,a01,0,6,24.0,8,8,0,0,100.0,94.28571428571428,0.6545791196693637,5.020719330127852,0.7532187029876453,0.5356142487177123,0.02269099272509199,1.0,0.7058823529411765,8.0,0.2264610072619329,3.0,0.9936692714691162,0.9982622861862183,0.06316103413568003,production,vang
cinc,a01,0,7,28.0,10,10,0,0,100.0,94.28571428571428,0.6164021143070464,7.4771199816213265,0.7549151910147771,0.4990242279218947,0.0661140966546312,1.0,0.6666666666666666,10.0,0.08357128266337002,3.0,0.9393513590097428,0.9972109198570251,0.0903363789485194,production,vang
cinc,a01,0,8,32.0,11,8,1,3,80.0,94.28571428571428,0.7473562200283926,4.718492756685733,0.767396291694306,0.5135379421808502,0.39234865622221055,0.875,0.7368421052631579,9.0,0.1897420175752879,3.0,0.8842576775285933,0.9965165853500366,0.8400907756081297,production,do
cinc,a01,0,9,36.0,11,10,0,1,95.23809523809524,94.28571428571428,0.5572672580122927,7.54033167671977,0.7670762042664043,0.5385111972875458,0.27634726611639476,0.8888888888888888,0.8,10.0,0.18234518328193824,3.0,0.8611365184187889,0.9976465106010437,0.6084980351869212,production,do
cinc,a01,0,10,40.0,10,9,0,1,94.73684210526316,94.28571428571428,0.6691822327609849,6.995802130413994,0.7679105244779417,0.5094069944367747,0.2953758568559853,0.875,0.7368421052631579,9.0,0.19964781271465445,3.0,0.956190738413069,0.995927631855011,0.5787705484429498,production,do
cinc,a01,0,11,44.0,11,9,1,2,85.71428571428571,94.28571428571428,0.7905739594565518,5.173759391957567,0.7705584226993902,0.5276872556695577,0.04794081349853026,1.0,0.6666666666666666,10.0,0.1878371635430777,3.0,0.908773934841156,0.9971351623535156,0.612508992166719,production,do
cinc,a01,0,12,48.0,11,9,1,2,85.71428571428571,94.28571428571428,0.8707417350102414,4.668199927887309,0.7662469424843401,0.5176133190939766,0.2765711795481124,0.7777777777777778,0.8,10.0,0.13431865993495584,3.0,0.8683038160204888,0.9974110424518585,0.9104011116671392,production,do
cinc,a01,0,13,52.0,10,8,0,2,88.88888888888889,94.28571428571428,0.7327495670759656,8.079428802730694,0.7609004911205685,0.5213153111717911,0.3072230510025251,0.8571428571428571,0.75,8.0,0.1994236823635875,3.0,0.9188218712806702,0.9974363446235657,0.9290823238706357,production,do
cinc,a01,0,14,56.0,11,9,0,2,90.0,94.28571428571428,0.8754275944027102,3.5208443499925437,0.7736096814447951,0.5409812117873658,0.30125576052184977,0.875,0.8888888888888888,9.0,0.10900576477830272,3.0,0.9636486106448703,0.9950791597366333,0.8057736786828715,production,do
cinc,a01,1,0,0.0,8,2,5,6,26.666666666666668,59.176029962546814,0.6529460411464117,26.246609341513498,0.7502965368292868,0.5253956642984713,0.27391528945743465,0.8333333333333334,0.36363636363636365,7.0,0.05794652296011053,3.0,0.8376103043556213,0.9465467631816864,0.9451220163909576,production,do
cinc,a01,1,1,4.0,9,9,0,0,100.0,59.176029962546814,0.767845324864336,3.8192044999702643,0.7318520466020165,0.5319282296328608,0.027672051356086514,1.0,0.0,9.0,0.050648683049821584,3.0,0.953643282254537,0.9982484579086304,0.028038601006609775,production,xanh
cinc,a01,1,2,8.0,9,7,1,2,82.3529411764706,59.176029962546814,0.5950452257975601,31.687073698461525,0.7337306002182988,0.5218744566154656,0.049355813506567627,1.0,0.2,8.0,0.06828544833487013,4.0,0.9281433410942554,0.9983962178230286,0.013037742911983402,production,xanh
cinc,a01,1,3,12.0,8,4,4,4,50.0,59.176029962546814,0.6685272808466524,3.5213570779819605,0.7294003119555508,0.5220988771273248,0.24276366489659681,0.7142857142857143,0.3076923076923077,8.0,0.05215680721608404,3.0,0.9374094568192959,0.9976546764373779,0.6555339624388163,production,do
cinc,a01,1,4,16.0,9,7,1,2,82.3529411764706,59.176029962546814,0.6760584528496372,6.511100436541335,0.7341229790680123,0.515088880917023,0.1702099651035328,1.0,0.2857142857142857,8.0,0.05101436112791323,3.0,0.871942225843668,0.9984706044197083,0.5942466025368929,production,do
cinc,a01,1,5,20.0,9,9,0,0,100.0,59.176029962546814,0.6641587292550878,13.46891347371152,0.7586003262449905,0.5077484569161531,0.028292756179733067,1.0,0.15384615384615385,9.0,0.05542191022306734,3.0,0.8997347255547842,0.9962301850318909,0.0006986137503756779,production,xanh
cinc,a01,1,6,24.0,8,5,3,3,62.5,59.176029962546814,0.6817678604857859,2.3941252696033137,0.7533349623135426,0.5331626918731561,0.15872215291213448,1.0,0.4,8.0,0.07176690491669166,3.0,0.8979045711457729,0.997281402349472,0.9246954933665157,production,do
cinc,a01,1,7,28.0,10,6,1,4,70.58823529411765,59.176029962546814,0.6168807264092936,15.622238074259638,0.710513342083549,0.518357704759476,0.5302899416194058,0.6666666666666666,0.0,7.0,0.07905157614458068,4.0,0.8683897001402718,0.9940798282623291,0.9192960838253832,production,do
cinc,a01,1,8,32.0,11,3,6,8,30.0,59.176029962546814,0.7380780023760676,5.073774694098244,0.7530430905213992,0.5116928018832925,0.2286598315387455,0.875,0.46153846153846156,9.0,0.04614418072657373,3.0,0.8622752295600044,0.9936767220497131,0.9491647977336138,production,do
cinc,a01,1,9,36.0,11,6,4,5,57.142857142857146,59.176029962546814,0.6009243296793043,15.672855133675007,0.7363874944343437,0.5181599599924174,0.27703875290002844,0.7777777777777778,0.3076923076923077,10.0,0.12865182970941527,3.0,0.7907834395766258,0.9827390909194946,0.832156049547902,production,do
cinc,a01,1,10,40.0,10,5,3,5,55.55555555555556,59.176029962546814,0.7094165720992199,19.893276144498945,0.7171472108738155,0.5136261748879039,0.3403513609859201,0.7142857142857143,0.4,8.0,0.07932472343857035,4.0,0.7515273876488209,0.9866004586219788,0.8609816517631594,production,do
cinc,a01,1,11,44.0,11,5,3,6,52.63157894736842,59.176029962546814,0.5515082120545615,7.822486509998537,0.7232408256604987,0.5159538299423565,0.36231116521189294,0.8571428571428571,0.3333333333333333,8.0,0.08047435615559854,3.0,0.7961428556591272,0.9903960227966309,0.8453423387567005,production,do
cinc,a01,1,12,48.0,11,3,4,8,33.333333333333336,59.176029962546814,0.7259490623997646,11.53510040798775,0.7446391972720586,0.5256785650993983,0.2769844718578699,0.8333333333333334,0.18181818181818182,7.0,0.08563610987937824,3.0,0.9005743712186813,0.9968932867050171,0.9454278279673284,production,do
cinc,a01,1,13,52.0,10,4,4,6,44.44444444444444,59.176029962546814,0.6801404336971907,9.1740587251184,0.7251789354864235,0.5201697428848007,0.2671889603034902,0.8571428571428571,0.3333333333333333,8.0,0.04690281257692467,3.0,0.8608185928314924,0.9887396097183228,0.9608769685484037,production,do
cinc,a01,1,14,56.0,11,4,4,7,42.10526315789474,59.176029962546814,0.8204240690282019,3.6582334924358104,0.7498975282551344,0.5268201637686468,0.2270302774424919,0.8571428571428571,0.14285714285714285,8.0,0.04815797005142532,3.0,0.8476727195084095,0.9633103013038635,0.9670100597127614,production,do
cinc,a01,2,0,0.0,8,0,4,8,0.0,20.60085836909871,0.45396885117992497,11.250803463009527,0.7112439961303858,0.6527633583339837,0.07712148601427922,0.3333333333333333,0.75,4.0,0.08972942215596388,4.0,0.7413219809532166,0.7719274163246155,0.514208215305163,production,vang
cinc,a01,2,1,4.0,9,3,3,6,40.0,20.60085836909871,0.5406722264859161,9.897689390141469,0.72567258875444,0.6499527330878216,0.1019847887958321,0.6,0.4,6.0,0.06407313898873115,4.0,0.7985807905594507,0.9487783908843994,0.8844746310698399,production,do
cinc,a01,2,2,8.0,9,0,7,9,0.0,20.60085836909871,0.7535019870809085,7.161303915220721,0.7470021408901294,0.6360351329978788,0.3437175086459758,0.8333333333333334,0.18181818181818182,7.0,0.08897446120614844,3.0,0.872763569865908,0.9721437692642212,0.9831058266184206,production,do
cinc,a01,2,3,12.0,8,0,5,8,0.0,20.60085836909871,0.87665977179395,2.400597368744026,0.7671613946918632,0.6442974050448609,0.6850466022583632,0.75,0.4,5.0,0.07137526778536868,3.0,0.7271681815385819,0.9672119617462158,0.9674607225933529,production,do
cinc,a01,2,4,16.0,9,3,3,6,40.0,20.60085836909871,0.5990171950881977,8.732778523862601,0.7243197772680933,0.6515354422614501,0.24102965839035081,0.6,0.25,6.0,0.05491589858535497,4.0,0.826532632112503,0.9695191383361816,0.9813546413427914,production,do
cinc,a01,2,5,20.0,9,1,6,8,12.5,20.60085836909871,0.7212877112759186,7.523354877088414,0.7158268844470341,0.6395601585936901,0.2594479664919676,0.8333333333333334,0.18181818181818182,7.0,0.0713506036584488,3.0,0.8097064367362431,0.9849426746368408,0.9698976952631714,production,do
cinc,a01,2,6,24.0,8,0,6,8,0.0,20.60085836909871,0.6262274237794411,7.245387009264519,0.719109445012198,0.6548562859599408,0.5395394346279897,0.6,0.0,6.0,0.07484153365103871,4.0,0.7759408205747604,0.9506142437458038,0.9632811939752595,production,do
cinc,a01,2,7,28.0,10,3,2,7,40.0,20.60085836909871,0.5500494214873322,6.4845757782800195,0.6648460300946033,0.6334627338800968,0.11852598348331891,0.5,0.4,5.0,0.13631452276918982,4.0,0.775866162776947,0.9479466676712036,0.865809066745108,production,do
cinc,a01,2,8,32.0,11,4,2,7,47.05882352941177,20.60085836909871,0.5166619936905978,9.983974618245513,0.6668681753749337,0.6329456663818188,0.20088837017601807,0.4,0.4,6.0,0.09486520356211528,4.0,0.8308850154280663,0.9608911871910095,0.9197703139325135,production,do
cinc,a01,2,9,36.0,11,4,4,7,42.10526315789474,20.60085836909871,0.6323127283810502,7.592207912567906,0.6784193992569075,0.6486141313801054,0.2349186383795022,0.8571428571428571,0.36363636363636365,8.0,0.09497213505266225,4.0,0.8237888286821544,0.9904865622520447,0.9174399362843546,production,do
cinc,a01,2,10,40.0,10,2,4,8,25.0,20.60085836909871,0.5824792564100534,11.037146020934166,0.6501638461199634,0.6348814213638537,0.27210090108804236,0.6,0.4,6.0,0.11237298164659179,4.0,0.6798482264081637,0.9085783958435059,0.9407552929550114,production,do
cinc,a01,2,11,44.0,11,1,4,10,12.5,20.60085836909871,0.5680680897603506,9.977844411773725,0.7026176224532521,0.6342164794859458,0.16629450916577052,0.5,0.4444444444444444,5.0,0.05825866602018175,4.0,0.835734024643898,0.9828855991363525,0.8880817992783743,production,do
cinc,a01,2,12,48.0,11,1,5,10,11.764705882352942,20.60085836909871,0.6852537648350622,9.297032844655844,0.7460976219750355,0.6554160534321949,0.5751181669141444,0.6,0.18181818181818182,6.0,0.07139323734116684,3.0,0.8469322000940641,0.97295081615448,0.9831746141578265,production,do
cinc,a01,2,13,52.0,10,1,4,9,13.333333333333334,20.60085836909871,0.6910641923801948,8.836022919781431,0.7108456288336956,0.6425196036932694,0.565175364388098,0.25,0.4,5.0,0.1114995128699905,4.0,0.6648253858089447,0.891152024269104,0.9683193276960066,production,do
cinc,a01,2,14,56.0,11,1,5,10,11.764705882352942,20.60085836909871,0.7327781833280784,13.84218354824884,0.7085862137866937,0.6367134772794595,0.12769673646546492,0.4,0.0,6.0,0.03823801070055723,4.0,0.8622006475925446,0.9923906326293945,0.7914449527139894,production,do
cinc,a01,3,0,0.0,8,7,1,1,87.5,64.90566037735849,0.8002078208671265,3.930913813124066,0.7302433815533577,0.4998476973417468,0.07628734846897074,1.0,0.8,8.0,0.09935060897191648,3.0,0.8623410314321518,0.9836521148681641,0.751481421321273,production,do
cinc,a01,3,1,4.0,9,7,1,2,82.3529411764706,64.90566037735849,0.738807795410363,2.8122328077649446,0.7461333736543853,0.4961174056313798,0.25811498587930604,0.8571428571428571,0.5882352941176471,8.0,0.15297493067427018,3.0,0.8338491916656494,0.9895746111869812,0.962323119683365,production,do
cinc,a01,3,2,8.0,9,8,0,1,94.11764705882354,64.90566037735849,0.5514236050798198,8.239832731462586,0.7040620101199858,0.4907475765169574,0.03891718166164331,1.0,0.2857142857142857,8.0,0.08076100102542277,4.0,0.9545257687568665,0.9910470843315125,0.021808763002737704,production,xanh
cinc,a01,3,3,12.0,8,6,2,2,75.0,64.90566037735849,0.6326538610034905,3.046598222571591,0.7419056828288045,0.5050797989367083,0.2131845418132433,0.8571428571428571,0.875,8.0,0.11870900687099253,3.0,0.7843280043452978,0.9156612753868103,0.9045238409907381,production,do
cinc,a01,3,4,16.0,9,5,3,4,58.8235294117647,64.90566037735849,0.6850951652377939,1.5028023738859506,0.7563033952996976,0.5046298733585087,0.08967545017077906,1.0,0.5,8.0,0.09862465327293747,3.0,0.8272992298007011,0.9911892414093018,0.6726909346177801,production,do
cinc,a01,3,5,20.0,9,9,0,0,100.0,64.90566037735849,0.4683448535714789,9.10091897668746,0.7121426376726515,0.49055392421933053,0.04584754034890676,1.0,0.6666666666666666,9.0,0.11334946487122313,4.0,0.9182268778483073,0.9833886623382568,0.030733160755104325,production,xanh
cinc,a01,3,6,24.0,8,8,0,0,100.0,64.90566037735849,0.5514149669045331,9.612502148752402,0.7244986639122539,0.4948137793441636,0.033838108004587884,1.0,0.3076923076923077,8.0,0.1065236784305853,3.0,0.8814117833971977,0.9958072602748871,0.06436713619584096,production,vang
cinc,a01,3,7,28.0,10,3,4,7,35.294117647058826,64.90566037735849,0.9014898626805092,5.153244456810368,0.7383339598666636,0.5200637208908923,0.3570620156447929,0.8333333333333334,0.3076923076923077,7.0,0.06253392362350131,3.0,0.8210759333201817,0.9746230840682983,0.9663880547362773,production,do
cinc,a01,3,8,32.0,11,8,1,3,80.0,64.90566037735849,0.5584717124326963,11.887026146314328,0.7429590620627962,0.4936973724614882,0.20983486648976557,1.0,0.5714285714285714,9.0,0.1618443607878467,3.0,0.7679265439510345,0.889716386795044,0.7010058708594893,production,do
cinc,a01,3,9,36.0,11,2,5,9,22.22222222222222,64.90566037735849,0.7749289866546719,3.3238466024843953,0.7604213765783516,0.5017782277249523,0.25039287597899185,0.8333333333333334,0.4,7.0,0.14958609077765034,3.0,0.8410186235393796,0.9701343178749084,0.9564533603950852,production,do
cinc,a01,3,10,40.0,10,3,5,7,33.333333333333336,64.90566037735849,0.588653235844127,6.242672535119139,0.7495279319679644,0.511558086610143,0.4513287477459002,0.5714285714285714,0.35294117647058826,8.0,0.18080500276315653,3.0,0.7125569581985474,0.8053050935268402,0.9017208367478323,production,do
cinc,a01,3,11,44.0,11,5,3,6,52.63157894736842,64.90566037735849,0.5707046785774114,4.2293694639306665,0.736580707065185,0.5007457134840146,0.4221889969155804,0.5714285714285714,0.3333333333333333,8.0,0.11254791830915285,3.0,0.7487766072154045,0.9895675778388977,0.9159114523281527,production,do
cinc,a01,3,12,48.0,11,4,2,7,47.05882352941177,64.90566037735849,0.7443547343742346,5.899707426920429,0.7464253854873907,0.5165337170593188,0.6890989042488099,0.8,0.3333333333333333,6.0,0.08095497539456728,3.0,0.7325773586829504,0.9628773033618927,0.9665914704218286,production,do
cinc,a01,3,13,52.0,10,5,3,5,55.55555555555556,64.90566037735849,0.6379800673280028,4.705910380089954,0.7480901896653938,0.5020827646743748,0.3129702152585963,0.8571428571428571,0.625,8.0,0.07969585404908772,3.0,0.662582378834486,0.9297451376914978,0.9049884929824751,production,do
cinc,a01,3,14,56.0,11,6,4,5,57.142857142857146,64.90566037735849,0.902011781983235,3.416957314258905,0.7527441338981575,0.5086500436905209,0.3139717152879236,0.6666666666666666,0.6666666666666666,10.0,0.17423946306503044,3.0,0.8043917790055275,0.9951903820037842,0.9310494047740655,production,do
cinc,a02,0,0,0.0,10,1,6,9,11.764705882352942,23.076923076923077,0.8820538036957534,7.052550392017293,0.8063956092247161,0.8531248638529573,0.03373004841483967,1.0,0.8571428571428571,7.0,0.09224438755051763,2.0,0.8848151820046561,0.9947080612182617,0.0632602064982548,production,vang
cinc,a02,0,1,4.0,11,2,6,9,21.05263157894737,23.076923076923077,0.8811976564125438,6.69613029183636,0.8003364900480132,0.8789539492880089,0.030016199373866154,1.0,1.0,8.0,0.0925318810008848,2.0,0.9569638147950172,0.9963095784187317,0.05358696057476553,production,vang
cinc,a02,0,2,8.0,11,4,3,7,44.44444444444444,23.076923076923077,0.7578210390260138,17.26292455599379,0.8111099182559659,0.8017091502724376,0.19988294290282116,0.8333333333333334,0.6666666666666666,7.0,0.06938244219781244,2.0,0.9447404657091413,0.9901118874549866,0.8791558642523244,production,do
cinc,a02,0,3,12.0,10,1,7,9,11.11111111111111,23.076923076923077,0.7386475550547118,11.81183729673794,0.7720956325947899,0.863687702243601,0.04745344678262141,1.0,0.7692307692307693,8.0,0.05247029853266159,3.0,0.9248019941151142,0.99683678150177,0.03055318841915383,production,xanh
cinc,a02,0,4,16.0,11,1,6,10,11.11111111111111,23.076923076923077,0.7756381722892386,13.093212519067372,0.8055648252976876,0.8702094884275166,0.0293173009028505,1.0,0.7272727272727273,7.0,0.11048555761053584,2.0,0.9282024162156242,0.9897797703742981,0.05541625262065841,production,vang
cinc,a02,0,5,20.0,11,2,5,9,22.22222222222222,23.076923076923077,0.8642634217178513,9.899203570282905,0.8054863146468687,0.8803558367610451,0.016218214133737512,1.0,0.9230769230769231,7.0,0.05671862037552568,2.0,0.976710877248219,0.9923393726348877,0.020383852673034955,production,xanh
cinc,a02,0,6,24.0,11,3,5,8,31.57894736842105,23.076923076923077,0.7314175080875521,11.634015533944416,0.8004654715552848,0.8626074480445557,0.08069205361029018,1.0,0.7142857142857143,8.0,0.08191744067949203,2.0,0.9024296700954437,0.9934158325195312,0.1285413746593506,production,vang
cinc,a02,0,7,28.0,10,3,5,7,33.333333333333336,23.076923076923077,0.671476597928077,42.95105168074201,0.7718255579803822,0.8636168132519324,0.05669444086065493,1.0,0.4,8.0,0.07862564283903424,2.0,0.9935138262808323,0.9981976747512817,0.010356252510821595,production,xanh
cinc,a02,0,8,32.0,11,3,6,8,30.0,23.076923076923077,0.764604131771058,89.74768051940605,0.8014359502848859,0.8391654961923363,0.015426161815570652,1.0,0.2,9.0,0.09784576789888028,2.0,0.9882608585887485,0.9972372949123383,0.0362388624974544,production,xanh
cinc,a02,0,9,36.0,11,1,9,10,9.523809523809524,23.076923076923077,0.6708386812902197,52.306952014982656,0.7721419650061496,0.8293669665521628,0.037662770178587913,1.0,0.3333333333333333,10.0,0.08383919609341157,2.0,0.9832170844078064,0.9964336454868317,0.0076266219368610515,production,xanh
cinc,a02,0,10,40.0,10,3,6,7,31.57894736842105,23.076923076923077,1.0371361643465542,9.412434991544586,0.812249475077339,0.8335896833815336,0.0457514496062054,1.0,0.8,9.0,0.083724208636932,2.0,0.9904220733377669,0.9961355626583099,0.3068427645730873,production,vang
cinc,a02,0,11,44.0,11,1,9,10,9.523809523809524,23.076923076923077,1.0138998947933202,17.05120416440373,0.8115325792770781,0.829738866028919,0.0540395422757753,1.0,0.46153846153846156,10.0,0.11679187083457003,2.0,0.9860545039176941,0.997638463973999,0.07504771187318013,production,vang
cinc,a02,0,12,48.0,11,3,6,8,30.0,23.076923076923077,0.6539249937291239,77.56458613392874,0.7897218470241948,0.8377412181630204,0.05080344157662079,1.0,0.2,9.0,0.08756916349944745,2.0,0.990105946858724,0.9960817694664001,0.010062663635966045,production,xanh
cinc,a02,0,13,52.0,10,3,6,7,31.57894736842105,23.076923076923077,0.47834990370191016,40.698051000285176,0.7698886890102847,0.8000789136643979,0.04454543300980386,1.0,0.5,9.0,0.11554720257242865,2.0,0.9724681145615048,0.9961315095424652,0.051197621450772605,production,xanh
cinc,a02,0,14,56.0,11,2,8,9,19.047619047619047,23.076923076923077,0.6540252516742521,68.83757817494461,0.812087268117255,0.8464072810583592,0.036938783847973666,1.0,0.9473684210526315,10.0,0.12176054345670044,3.0,0.9822422444820404,0.9953384399414062,0.027464338866973654,production,xanh
cinc,a02,1,0,0.0,10,1,6,9,11.764705882352942,21.75438596491228,1.0136355003762674,4.96737666363082,0.7975276651022865,0.835567282323452,0.036309970346188776,1.0,0.7142857142857143,7.0,0.11456262577162965,3.0,0.9264884122780391,0.9900568127632141,0.3699388692922483,production,vang
cinc,a02,1,1,4.0,11,1,7,10,10.526315789473685,21.75438596491228,0.8488641042815224,4.987774961150403,0.7965422096819663,0.8743049914807483,0.07862058624288165,1.0,0.875,8.0,0.08791354430606557,2.0,0.9332146421074867,0.9730408787727356,0.5547388508925675,production,do
cinc,a02,1,2,8.0,11,3,4,8,33.333333333333336,21.75438596491228,0.8995331505636965,14.19599619538048,0.8085293760712108,0.8795078613816587,0.031295399013964595,1.0,1.0,7.0,0.11073532456404815,2.0,0.9607988170215062,0.981004536151886,0.0728037567243704,production,vang
cinc,a02,1,3,12.0,10,1,6,9,11.764705882352942,21.75438596491228,0.7766303200724776,16.204496015827758,0.7988288876604063,0.8353665825711207,0.038071862626210026,1.0,0.9230769230769231,7.0,0.1505754784248326,2.0,0.9678317861897605,0.9909499287605286,0.05877889792742521,production,vang
cinc,a02,1,4,16.0,11,3,5,8,31.57894736842105,21.75438596491228,1.04441444485379,2.8497355798022825,0.7973077249490425,0.8754835992007999,0.11359421566825616,1.0,0.625,8.0,0.06145844390653636,3.0,0.9550865590572357,0.9836437106132507,0.9063483020551746,production,do
cinc,a02,1,5,20.0,11,3,4,8,33.333333333333336,21.75438596491228,0.9412400509221036,16.29853997634909,0.8090508131030697,0.8778282197673127,0.023454667536341078,1.0,0.5454545454545454,7.0,0.110252133481744,3.0,0.9565163680485317,0.9877090454101562,0.07599587602188551,production,vang
cinc,a02,1,6,24.0,11,2,6,9,21.05263157894737,21.75438596491228,0.9757746526827678,17.371004542121522,0.7938278962442605,0.8290261034754737,0.04130078685757012,1.0,0.7692307692307693,8.0,0.11753930207106429,2.0,0.9597946666181087,0.9774521589279175,0.13163812681179565,production,vang
cinc,a02,1,7,28.0,10,3,5,7,33.333333333333336,21.75438596491228,0.9516235640587012,6.770343215182949,0.7964454616097885,0.8430346384017803,0.06951889511594325,1.0,0.875,8.0,0.11641884848105317,2.0,0.961691852658987,0.9904125332832336,0.7495288992771995,production,do
cinc,a02,1,8,32.0,11,2,7,9,20.0,21.75438596491228,1.1221238170452497,2.9398160073073223,0.8082441582626676,0.7933392851263509,0.02976024553560363,1.0,0.7058823529411765,9.0,0.1064675933838767,2.0,0.9292234149244096,0.9550082087516785,0.5740463608301818,production,do
cinc,a02,1,9,36.0,11,1,9,10,9.523809523809524,21.75438596491228,0.9919128749795684,16.68515886129064,0.7937492324363368,0.7909357947213482,0.05893776289544865,1.0,0.46153846153846156,10.0,0.04648509374982548,2.0,0.89521065056324,0.9798305034637451,0.17724499404445063,production,vang
cinc,a02,1,10,40.0,10,3,6,7,31.57894736842105,21.75438596491228,1.1121870460753092,8.175907642427777,0.823901624552484,0.7817428117712032,0.056093666750244096,1.0,0.875,9.0,0.07287329157319467,2.0,0.9284620318147871,0.972448468208313,0.5464197089110575,production,do
cinc,a02,1,11,44.0,11,1,8,10,10.0,21.75438596491228,1.0681551401543892,13.316547863372548,0.8191144913322258,0.7790342382677298,0.06278884447266705,1.0,0.875,9.0,0.1312726154278171,2.0,0.939008331961102,0.9647515118122101,0.4665448705291811,production,vang
cinc,a02,1,12,48.0,11,3,7,8,28.571428571428573,21.75438596491228,1.096253626716354,11.069031985061345,0.8205369077314643,0.7985514553722378,0.05976390483618381,1.0,0.625,10.0,0.11393872918378999,2.0,0.9350528240203857,0.9781087934970856,0.24999784436458147,production,vang
cinc,a02,1,13,52.0,10,2,7,8,21.05263157894737,21.75438596491228,1.026723965097244,14.041252935706662,0.806738365002436,0.7740594122109127,0.03885186686094979,1.0,0.875,9.0,0.10064782668071381,2.0,0.9528333014912076,0.973180502653122,0.16065111888320502,production,vang
cinc,a02,1,14,56.0,11,2,7,9,20.0,21.75438596491228,1.025813707161983,23.799895459697503,0.8042321099003579,0.8022832481538384,0.1146115285173242,1.0,0.8235294117647058,9.0,0.061775409247961904,3.0,0.9369608991675906,0.9653995037078857,0.8745952788096353,production,do
cinc,a02,2,0,0.0,10,1,6,9,11.764705882352942,21.05263157894737,0.7853353375484775,26.535252282238304,0.8038239172629119,0.8654425011441031,0.02962756217405699,1.0,0.8333333333333334,7.0,0.12048833394944448,2.0,0.9786422635827746,0.9877316057682037,0.0770011996949441,production,vang
cinc,a02,2,1,4.0,11,1,7,10,10.526315789473685,21.05263157894737,0.7639869878137476,30.620328805920742,0.8128697342823832,0.8814429201858559,0.029281950689181005,1.0,0.8571428571428571,8.0,0.11483896974279235,2.0,0.9747989885509014,0.9861413240432739,0.07652469619908252,production,vang
cinc,a02,2,2,8.0,11,3,4,8,33.333333333333336,21.05263157894737,0.9323327305960406,19.761958503400447,0.8006624684764347,0.8783647574466873,0.024934080751019216,1.0,0.7272727272727273,7.0,0.08703602491107502,2.0,0.9646971821784973,0.9869154691696167,0.04696232029858789,production,xanh
cinc,a02,2,3,12.0,10,1,5,9,12.5,21.05263157894737,0.9383601872531954,12.350048295032343,0.8077428029327001,0.8777652053264369,0.20465869505719886,0.6666666666666666,0.7692307692307693,7.0,0.13488286166717847,2.0,0.9309296182223729,0.9862017929553986,0.8497968599341875,production,do
cinc,a02,2,4,16.0,11,1,7,10,10.526315789473685,21.05263157894737,0.8496877499404785,18.191697016066833,0.794578956228843,0.8755699239560878,0.019454053757792127,1.0,0.7272727272727273,7.0,0.0858136557797182,2.0,0.8998947739601135,0.9855012893676758,0.04680458183178411,production,xanh
cinc,a02,2,5,20.0,11,2,5,9,22.22222222222222,21.05263157894737,0.8231273325975791,19.095261087538663,0.8107898432136661,0.8739084689960731,0.019712121633945656,1.0,0.8333333333333334,7.0,0.10653843107441245,2.0,0.9729563934462411,0.9890443384647369,0.058044593758476024,production,vang
cinc,a02,2,6,24.0,11,2,6,9,21.05263157894737,21.05263157894737,0.9315869571258572,13.881837428916398,0.7919058804914714,0.8736461743169152,0.017707090508624908,1.0,0.6666666666666666,8.0,0.09399533929974228,2.0,0.9664192944765091,0.9881350994110107,0.02243495378407958,production,xanh
cinc,a02,2,7,28.0,10,3,5,7,33.333333333333336,21.05263157894737,0.9093681598093337,4.252116357767686,0.7797296396701704,0.8948345426571456,0.07535247966505962,1.0,0.6666666666666666,8.0,0.06486980149953424,2.0,0.9690590314567089,0.9893562197685242,0.6277517924742562,production,do
cinc,a02,2,8,32.0,11,2,7,9,20.0,21.05263157894737,1.0578503074893,4.968887270657541,0.8061988115900239,0.8616021965280596,0.18955984997458084,0.875,0.5333333333333333,9.0,0.05014000122224672,2.0,0.9114258488019308,0.9852516353130341,0.9526319850337142,production,do
cinc,a02,2,9,36.0,11,1,9,10,9.523809523809524,21.05263157894737,0.9299920502458968,7.734016045762067,0.7982504280931604,0.8495559727347637,0.03723867277432832,1.0,0.7777777777777778,10.0,0.0849442994531098,2.0,0.9458163380622864,0.9754391312599182,0.1130891239619919,production,vang
cinc,a02,2,10,40.0,10,3,6,7,31.57894736842105,21.05263157894737,0.9836407698511945,4.784284119719787,0.7999924425314505,0.8590697871654159,0.05976075930278962,1.0,0.8235294117647058,9.0,0.09167853850400196,2.0,0.9396762053171793,0.9853288531303406,0.5469180203659427,production,do
cinc,a02,2,11,44.0,11,2,8,9,19.047619047619047,21.05263157894737,0.9397782092957246,23.282066938393612,0.8111405963597046,0.8491841559386394,0.06106908341896758,1.0,0.6666666666666666,10.0,0.1507080240181391,2.0,0.9621376782655716,0.9945724606513977,0.1293382963333958,production,vang
cinc,a02,2,12,48.0,11,3,6,8,30.0,21.05263157894737,0.9705061724759385,24.289788523566624,0.8153701103788806,0.8631725063981672,0.049858874397375234,1.0,0.7142857142857143,9.0,0.13526993626766792,2.0,0.9678244557645586,0.9817518889904022,0.411810808830914,production,vang
cinc,a02,2,13,52.0,10,2,7,8,21.05263157894737,21.05263157894737,0.9046670539464863,16.909558885719708,0.8050570404787589,0.8553871421333923,0.03921974511730804,1.0,0.875,9.0,0.10355200440700102,2.0,0.9674913717640771,0.9858798384666443,0.05716304243065964,production,vang
cinc,a02,2,14,56.0,11,3,7,8,28.571428571428573,21.05263157894737,1.0232064577987878,17.207485327046033,0.8017293415705006,0.8540719367542912,0.03353289890155231,1.0,0.8888888888888888,10.0,0.05116376143876284,2.0,0.9646771669387817,0.9780760407447815,0.09380581218761604,production,vang
cinc,a02,3,0,0.0,10,2,5,8,23.529411764705884,25.174825174825173,0.9326372606661315,12.120955176062253,0.7919120744681993,0.8728004189264298,0.018369426849773673,1.0,0.8333333333333334,7.0,0.0905297630866011,3.0,0.9580927065440586,0.9902205467224121,0.041651354826834366,production,xanh
cinc,a02,3,1,4.0,11,2,6,9,21.05263157894737,25.174825174825173,0.8777912334210839,13.979644383593403,0.7841726607643996,0.8788812181166796,0.028488364214761544,1.0,0.7692307692307693,8.0,0.0685647673351672,2.0,0.9571953900158405,0.9798409044742584,0.02139017654684234,production,xanh
cinc,a02,3,2,8.0,11,2,5,9,22.22222222222222,25.174825174825173,0.8003956884744314,27.818857185863642,0.8049799748366047,0.884456433072204,0.025839981409552626,1.0,0.9230769230769231,7.0,0.09952443139603577,2.0,0.9783627305712018,0.9901870489120483,0.07845956123906232,production,vang
cinc,a02,3,3,12.0,10,2,5,8,23.529411764705884,25.174825174825173,0.7223397317014784,18.564170789277707,0.8173138413228197,0.8625960471191688,0.042453478944582936,1.0,0.9333333333333333,8.0,0.1266414903105151,2.0,0.979347962886095,0.9895616173744202,0.04723974635951704,production,xanh
cinc,a02,3,4,16.0,11,2,6,9,21.05263157894737,25.174825174825173,1.0051864596287272,4.222363236800876,0.8051815806568359,0.8851542888291113,0.04086092222163452,1.0,0.75,7.0,0.035871218489474964,3.0,0.936350337096623,0.9831499755382538,0.22599442494053573,production,vang
cinc,a02,3,5,20.0,11,3,4,8,33.333333333333336,25.174825174825173,0.9720617066402149,18.241929038816522,0.8044630505780891,0.8860681084802399,0.014464742745938319,1.0,0.6,7.0,0.11218738515227844,2.0,0.9509507587977818,0.9860183000564575,0.19716403682383746,production,vang
cinc,a02,3,6,24.0,11,2,6,9,21.05263157894737,25.174825174825173,0.9933634041810115,11.165651677207677,0.7807218704991846,0.8705400162025232,0.022045149900487934,1.0,0.5714285714285714,8.0,0.020469556305355827,3.0,0.9576818086206913,0.9836006760597229,0.06714905446021033,production,vang
cinc,a02,3,7,28.0,10,3,5,7,33.333333333333336,25.174825174825173,0.9523660527333679,16.974089834307957,0.8015203857072304,0.8833784463900791,0.05760745353875578,1.0,0.8571428571428571,8.0,0.09895458312276947,2.0,0.9791251346468925,0.9952549934387207,0.08666255235025379,production,vang
cinc,a02,3,8,32.0,11,2,7,9,20.0,25.174825174825173,1.1699548742242334,9.686600266152988,0.8208168037096644,0.8465834362539859,0.02667954112408604,1.0,0.8235294117647058,9.0,0.09616522916499351,2.0,0.9750332997904884,0.9897752404212952,0.5448119543024398,production,do
cinc,a02,3,9,36.0,11,2,8,9,19.047619047619047,25.174825174825173,1.0122417403310642,8.36660502794053,0.8183064126364692,0.8408476678075273,0.03146263220666197,1.0,0.8235294117647058,10.0,0.10359131564453099,2.0,0.9622691094875335,0.9895833730697632,0.44273506465109624,production,vang
cinc,a02,3,10,40.0,10,4,5,6,42.10526315789474,25.174825174825173,1.0547052873237497,3.945986050951448,0.8112094074983476,0.8466786804926117,0.03930348379970727,1.0,0.8,9.0,0.06776502582225248,2.0,0.9550578859117296,0.9802259206771851,0.42314289855868314,production,vang
cinc,a02,3,11,44.0,11,2,8,9,19.047619047619047,25.174825174825173,0.7500539524347521,73.06283095342465,0.7933369126113521,0.8349248545675284,0.06254084537885377,1.0,0.18181818181818182,10.0,0.11239047975583481,2.0,0.9380757808685303,0.9864795804023743,0.2502876640119043,production,vang
cinc,a02,3,12,48.0,11,3,6,8,30.0,25.174825174825173,0.9965100391467444,7.010860455519413,0.8083528079866377,0.8544022978012448,0.0461234917629798,1.0,0.5333333333333333,9.0,0.11598302189682758,2.0,0.97065912021531,0.9906129837036133,0.6069581396112854,production,do
cinc,a02,3,13,52.0,10,2,7,8,21.05263157894737,25.174825174825173,1.0296677438695812,8.32985045967807,0.807694829764094,0.8462425262826269,0.03417920349319584,1.0,0.8888888888888888,9.0,0.13469841907986607,2.0,0.9546039137575362,0.994651585817337,0.5147999446303754,production,vang
cinc,a02,3,14,56.0,11,3,7,8,28.571428571428573,25.174825174825173,0.8611158863444339,15.780516853506398,0.8013951331092446,0.8499684637152052,0.020411329766162292,1.0,0.8421052631578947,10.0,0.19014371722938056,3.0,0.9650067746639251,0.9887137413024902,0.1611626531683724,production,vang
cinc,a03,0,0,0.0,8,8,0,0,100.0,100.0,0.6657935419181746,8.992097157066711,0.7276425499326677,0.4640088820228427,0.03893685358742031,1.0,1.0,8.0,0.12568373150971301,3.0,0.9962793812155724,0.9979997277259827,0.008391159213232174,production,xanh
cinc,a03,0,1,4.0,8,8,0,0,100.0,100.0,0.6345842166946468,20.543787861654373,0.6929417656916482,0.47602370316572484,0.0214609494131624,1.0,0.2222222222222222,8.0,0.16575710831086624,4.0,0.9956925548613071,0.9979538917541504,0.004599446805747419,production,xanh
cinc,a03,0,2,8.0,8,8,0,0,100.0,100.0,0.8284444784770539,5.895319260898988,0.7366947404708197,0.487710563005133,0.03600124055743813,1.0,1.0,8.0,0.16762397777817925,3.0,0.9966808706521988,0.9989820122718811,0.03412639476103295,production,xanh
cinc,a03,0,3,12.0,9,9,0,0,100.0,100.0,0.763296975911609,7.485918668367013,0.7309095128542904,0.509877176437042,0.01937045924863677,1.0,1.0,9.0,0.18695913235619202,3.0,0.9952986505296495,0.9977196753025055,0.7710081146846226,production,do
cinc,a03,0,4,16.0,9,9,0,0,100.0,100.0,0.635016524506158,7.680996796365923,0.7154064016572808,0.5527959916328761,0.016293878335113914,1.0,1.0,9.0,0.24453345747930594,3.0,0.9958433575100369,0.9977915287017822,0.01709107112974903,production,xanh
cinc,a03,0,5,20.0,9,9,0,0,100.0,100.0,0.6215911519471434,8.692549258719882,0.7228100820198321,0.42886249266268606,0.0069158338852542325,1.0,1.0,9.0,0.22766476355688173,3.0,0.9963936176564958,0.9981222748756409,0.009360863170264423,production,xanh
cinc,a03,0,6,24.0,9,9,0,0,100.0,100.0,0.5843825322579161,8.232056524277619,0.7237417233618814,0.4728474118549034,0.01618808883110778,1.0,1.0,9.0,0.23597728447947824,3.0,0.9973411427603828,0.9980423450469971,0.008132781247406785,production,xanh
cinc,a03,0,7,28.0,8,8,0,0,100.0,100.0,0.5894409509622826,10.83205641149636,0.7275352376706534,0.497499840311247,0.013820400146407712,1.0,1.0,8.0,0.19305950080410453,3.0,0.9967968091368675,0.9978454411029816,0.04026120046479392,production,xanh
cinc,a03,0,8,32.0,8,8,0,0,100.0,100.0,0.6098371496439077,5.148978743824664,0.6966463573418316,0.5371512452746479,0.02172855625299849,1.0,0.6666666666666666,8.0,0.0936129511153918,3.0,0.9960559606552124,0.9981103241443634,0.010549031596215421,production,xanh
cinc,a03,0,9,36.0,9,9,0,0,100.0,100.0,0.6743411829002028,6.219328623517088,0.7419984261907135,0.47791795198822346,0.010722546033869667,1.0,1.0,9.0,0.20266622241930293,3.0,0.9960770441426171,0.9979665875434875,0.17270830673068555,production,vang
cinc,a03,0,10,40.0,9,9,0,0,100.0,100.0,0.5725103722901732,8.198317297611858,0.7254503274733114,0.5249012469768832,0.014411952800632077,1.0,1.0,9.0,0.2035542710807569,3.0,0.9968896872467465,0.9983701109886169,0.15132536525751758,production,vang
cinc,a03,0,11,44.0,8,8,0,0,100.0,100.0,0.6257578454327184,9.053987342590142,0.7234840531620393,0.5399899350362253,0.014990757299742526,1.0,1.0,8.0,0.20994721874787248,3.0,0.9974468052387238,0.9981673955917358,0.025546760976000997,production,xanh
cinc,a03,0,12,48.0,9,9,0,0,100.0,100.0,0.6527186887603328,8.570231029121954,0.7262822204407373,0.5170285409926683,0.0115143756861527,1.0,1.0,9.0,0.23158349366228353,3.0,0.9967436293760935,0.9979555606842041,0.011436917786083363,production,xanh
cinc,a03,0,13,52.0,8,8,0,0,100.0,100.0,0.6169617125701276,8.7710356677815,0.7202649163032325,0.4729426559852458,0.00986388905648094,1.0,1.0,8.0,0.18079547634053722,3.0,0.9973748661577702,0.9979792237281799,0.0018399666669040593,production,xanh
cinc,a03,0,14,56.0,9,9,0,0,100.0,100.0,0.48148414962394553,14.08250399498531,0.7101950741785077,0.4870912310218014,0.015587553568657151,1.0,1.0,9.0,0.253408122561211,4.0,0.9915905661053128,0.9978433847427368,0.005047241313277369,production,xanh
cinc,a03,1,0,0.0,8,8,0,0,100.0,100.0,0.8115544359619411,5.980178990772156,0.7276338864192187,0.4660606503166739,0.03746453899908983,1.0,0.9411764705882353,8.0,0.06075217149438766,3.0,0.9965742044150829,0.9975911378860474,0.024194861206840713,production,xanh
cinc,a03,1,1,4.0,8,8,0,0,100.0,100.0,0.6023172178182131,16.03187239806886,0.6879385704623163,0.40527408544896365,0.02343382076035846,1.0,0.2,8.0,0.14067273880639983,4.0,0.9955118112266064,0.9974902868270874,0.00029670136705070886,production,xanh
cinc,a03,1,2,8.0,8,8,0,0,100.0,100.0,0.7932787935965077,15.293553135774697,0.7356733284219162,0.5093817086826706,0.03548630512574371,1.0,0.4,8.0,0.14885214057732776,3.0,0.996282059699297,0.9985225796699524,0.010799793135813055,production,xanh
cinc,a03,1,3,12.0,9,9,0,0,100.0,100.0,0.84802447714138,6.808357912853689,0.7460347816182213,0.5083549694634888,0.01937045924863677,1.0,1.0,9.0,0.16692184334708088,3.0,0.9934699634710947,0.9963731169700623,0.1321334348112939,production,vang
cinc,a03,1,4,16.0,9,9,0,0,100.0,100.0,0.8126520344132119,6.302113019005363,0.734741256678067,0.5180860611214004,0.014869475111762218,1.0,1.0,9.0,0.2363683679915239,3.0,0.9958546823925443,0.9979998469352722,0.34422499275590757,production,vang
cinc,a03,1,5,20.0,9,9,0,0,100.0,100.0,0.659880243110788,12.6005984078729,0.7131329429099972,0.5111926182814818,0.011239082574828073,1.0,0.875,9.0,0.15041312900811438,3.0,0.9965355926089816,0.9976940751075745,0.0012440186361694645,production,xanh
cinc,a03,1,6,24.0,9,9,0,0,100.0,100.0,0.7269178014095341,7.131669388968488,0.7299343571049302,0.5249237758633878,0.01618808883110778,1.0,1.0,9.0,0.20124229924763756,3.0,0.9969611797067854,0.9985009729862213,0.6086431051793463,production,do
cinc,a03,1,7,28.0,8,8,0,0,100.0,100.0,0.7602873010647448,7.122174674085361,0.7283048492154804,0.5113428689836813,0.014504503536367744,1.0,1.0,8.0,0.13805611267208734,3.0,0.9970076456665993,0.9984037280082703,0.029078548156771293,production,xanh
cinc,a03,1,8,32.0,8,8,0,0,100.0,100.0,0.7333034107391101,2.7559099009803427,0.7783920191319037,0.531116066740487,0.023402371288697967,1.0,0.875,8.0,0.13933513391220345,3.0,0.9967886582016945,0.9995088577270508,0.05083029180792776,production,xanh
cinc,a03,1,9,36.0,9,9,0,0,100.0,100.0,0.9094580640876471,4.831063559481679,0.761047251947656,0.4897057797510676,0.01165529211920161,1.0,1.0,9.0,0.15027965138528684,3.0,0.9964112473858727,0.9986283779144287,0.013857020642351635,production,xanh
cinc,a03,1,10,40.0,9,9,0,0,100.0,100.0,0.8131322040754875,5.644858506469008,0.7365240545715912,0.5533921718243203,0.010722546033869667,1.0,1.0,9.0,0.1680517359876169,3.0,0.9960579607221816,0.9982210993766785,0.11117396133030263,production,vang
cinc,a03,1,11,44.0,8,8,0,0,100.0,100.0,0.6445900447319263,31.01425252689353,0.6925457793269374,0.5705089760624348,0.014990757299742526,1.0,0.2222222222222222,8.0,0.09928435166520568,4.0,0.9960862919688225,0.997999370098114,0.007139052977031625,production,xanh
cinc,a03,1,12,48.0,9,9,0,0,100.0,100.0,0.6053889674661196,24.23030098805092,0.7146769420871918,0.4936493740359142,0.010652234256598545,1.0,0.2,9.0,0.21248162111925634,4.0,0.9958133101463318,0.9975686967372894,0.02087684842101615,production,xanh
cinc,a03,1,13,52.0,8,8,0,0,100.0,100.0,0.81866066290882,7.264122935339222,0.7312964361471628,0.5047127356515362,0.013966351843911536,1.0,1.0,8.0,0.1604659196323767,3.0,0.9969794414937496,0.9976039528846741,0.026351233120014705,production,xanh
cinc,a03,1,14,56.0,9,9,0,0,100.0,100.0,0.6299816710101857,19.43244955019502,0.7258405752052824,0.5148708266822217,0.010817751770019242,1.0,0.5,9.0,0.25683549853702475,3.0,0.9917839037047492,0.9977042078971863,0.02041144570842825,production,xanh
cinc,a03,2,0,0.0,8,8,0,0,100.0,100.0,1.144729361834786,4.567176766888464,0.7745078751351943,0.6485902659764037,0.04079977031057601,1.0,0.3076923076923077,8.0,0.08690114231199314,3.0,0.9941016510128975,0.9986775517463684,0.628018060636158,production,do
cinc,a03,2,1,4.0,8,8,0,0,100.0,100.0,1.1841648565802942,2.256901143464577,0.786788763657417,0.494160822927229,0.023242981351925266,1.0,0.625,8.0,0.09926812222189266,3.0,0.9901942051947117,0.9973021745681763,0.2395374170631988,production,vang
cinc,a03,2,2,8.0,8,8,0,0,100.0,100.0,1.254131269735077,3.3657242409130124,0.7732883106226047,0.5744137788580884,0.03576810664200425,1.0,0.36363636363636365,8.0,0.05903108487637022,3.0,0.9950366094708443,0.9977694749832153,0.3080575419962061,production,vang
cinc,a03,2,3,12.0,9,9,0,0,100.0,100.0,1.2707602356903465,8.427062644127503,0.7844332213065572,0.6691260571703421,0.014422628171787485,1.0,0.6666666666666666,9.0,0.1369779382183888,3.0,0.9799077444606357,0.9978067278862,0.44438030328549,production,vang
cinc,a03,2,4,16.0,9,9,0,0,100.0,100.0,1.2787579965173919,1.2705019356540728,0.7877366724494798,0.6752779923762999,0.018084619957684213,1.0,1.0,9.0,0.10831544600436228,3.0,0.9961530731783973,0.9979248344898224,0.07642556211912163,production,vang
cinc,a03,2,5,20.0,9,9,0,0,100.0,100.0,0.7641829536766971,3.143958185098187,0.6343399677722341,0.9570600672985483,0.015622077496826857,1.0,0.15384615384615385,9.0,0.020431691545434418,2.0,0.9932088288995955,0.9978691339492798,0.1061208528512253,production,vang
cinc,a03,2,6,24.0,9,9,0,0,100.0,100.0,0.7873036425328028,10.769999431619876,0.749845811244317,0.9057646858693351,0.01773934486498631,1.0,0.18181818181818182,9.0,0.05854787316117137,2.0,0.99356081088384,0.9984072148799896,0.017092120695174014,production,xanh
cinc,a03,2,7,28.0,8,8,0,0,100.0,100.0,1.0490519738759045,8.643500499174142,0.7363158747548677,0.8043495350922546,0.013736046866509508,1.0,0.18181818181818182,8.0,0.04131924939404477,3.0,0.9969899840652943,0.9983377456665039,0.19753089135888713,production,vang
cinc,a03,2,8,32.0,8,8,0,0,100.0,100.0,1.1703436208938014,2.3283509665267026,0.8084796028613721,0.5919334897486936,0.02414021112140337,1.0,0.5333333333333333,8.0,0.07993952205472966,2.0,0.9929624944925308,0.9990398287773132,0.17164780394780427,production,vang
cinc,a03,2,9,36.0,9,9,0,0,100.0,100.0,1.40939007591454,0.583119386180095,0.7906523825896378,0.5196650132912429,0.0123976101975356,1.0,0.47058823529411764,9.0,0.05683580138381394,3.0,0.9967441095246209,0.9985239207744598,0.024097055894328995,production,xanh
cinc,a03,2,10,40.0,9,9,0,0,100.0,100.0,1.1116209178951284,8.5826046508723,0.7421770535967158,0.5883859069182421,0.012397610197535597,1.0,0.0,9.0,0.12036551323571715,3.0,0.9939727054701911,0.998543381690979,0.17833592801230622,production,vang
cinc,a03,2,11,44.0,8,8,0,0,100.0,100.0,1.1119998410898386,14.121571876293196,0.7432658634315836,0.606008822634539,0.023065968537986335,1.0,0.2222222222222222,8.0,0.08070610117255764,3.0,0.9918383732438087,0.9986868500709534,0.08332408410658582,production,vang
cinc,a03,2,12,48.0,9,9,0,0,100.0,100.0,1.3179363747213948,0.9507692275075863,0.7696437670480073,0.6443684067297613,0.01745215237446601,1.0,0.7777777777777778,9.0,0.13506767792165117,3.0,0.9917090005344815,0.9984685778617859,0.45447716046313397,production,vang
cinc,a03,2,13,52.0,8,8,0,0,100.0,100.0,1.156426552053453,7.593970328215297,0.7711457900780403,0.6343279966037992,0.017230830468131165,1.0,0.2,8.0,0.012936989940774829,3.0,0.9957617335021496,0.997596949338913,0.3021979601493509,production,vang
cinc,a03,2,14,56.0,9,9,0,0,100.0,100.0,1.3736843014754545,1.2787151753461545,0.7858195656663416,0.6100015742728468,0.013301736087958628,1.0,1.0,9.0,0.2099920029099941,3.0,0.9928720792134603,0.9985155463218689,0.6019734599443005,production,do
cinc,a03,3,0,0.0,8,8,0,0,100.0,100.0,0.8612209451319986,5.762556832306769,0.7399144741713302,0.6129383307736643,0.03724313412821575,1.0,1.0,8.0,0.059694022255485715,3.0,0.9965030886232853,0.9981817007064819,0.027939801018402807,production,xanh
cinc,a03,3,1,4.0,8,8,0,0,100.0,100.0,0.8310048470293079,3.723998769020418,0.7614023091616757,0.5158892830445113,0.023994679901599713,1.0,1.0,8.0,0.14273585877084927,3.0,0.9955848306417465,0.9980393052101135,0.060909475121776,production,vang
cinc,a03,3,2,8.0,8,8,0,0,100.0,100.0,0.9543417174405585,2.3687456333042984,0.7587446531225311,0.688978835860272,0.03433660309659635,1.0,1.0,8.0,0.05453167221830226,3.0,0.9949768893420696,0.9984825253486633,0.1528483681533846,production,vang
cinc,a03,3,3,12.0,9,9,0,0,100.0,100.0,0.9356209017788505,4.586293471582269,0.7480995152158972,0.7190900621085925,0.02560252642259586,1.0,0.9411764705882353,9.0,0.16889491217498892,3.0,0.9893110262023078,0.997425377368927,0.14728186903964835,production,vang
cinc,a03,3,4,16.0,9,9,0,0,100.0,100.0,0.8405255566019069,5.431583224288959,0.7470067682520594,0.6997507597301169,0.014869475111762214,1.0,1.0,9.0,0.22260651440817655,3.0,0.9963702162106832,0.9979214072227478,0.33263219691733925,production,vang
cinc,a03,3,5,20.0,9,9,0,0,100.0,100.0,0.7896486796101049,5.385785838737041,0.7299917164858833,0.6400048743998605,0.009331284355656371,1.0,1.0,9.0,0.17238699069780394,3.0,0.995228519042333,0.9969958066940308,0.10477547620627266,production,vang
cinc,a03,3,6,24.0,9,9,0,0,100.0,100.0,0.770165328531997,6.7755619156123466,0.7401423831527811,0.6774387053244834,0.01815566884240298,1.0,1.0,9.0,0.2130036190319044,3.0,0.9975215262836881,0.9980942606925964,0.337095790432367,production,vang
cinc,a03,3,7,28.0,8,8,0,0,100.0,100.0,0.752760193615101,7.160996159196664,0.7311659878288022,0.6579316434553542,0.012338927625505803,1.0,0.875,8.0,0.15251305242248298,3.0,0.9971518404781818,0.9981849491596222,0.07121362122272949,production,vang
cinc,a03,3,8,32.0,8,8,0,0,100.0,100.0,0.697609481583344,4.767833981496361,0.7917334424050049,0.6648426178551695,0.02258097804318709,1.0,0.8,8.0,0.13653911692804951,3.0,0.9934879243373871,0.9989936947822571,0.1373952496180769,production,vang
cinc,a03,3,9,36.0,9,9,0,0,100.0,100.0,0.9443823229900907,2.783842035447198,0.7604494318300971,0.6845131740563322,0.013215859030807907,1.0,0.9411764705882353,9.0,0.17682604756100462,3.0,0.9962355924977196,0.9982995390892029,0.10025734584286117,production,vang
cinc,a03,3,10,40.0,9,9,0,0,100.0,100.0,0.7939598999250045,5.634376629658348,0.742013658433242,0.710900250482696,0.013725270326120172,1.0,1.0,9.0,0.14561836788847457,3.0,0.9967225392659506,0.9981117248535156,0.045028024086798756,production,xanh
cinc,a03,3,11,44.0,8,8,0,0,100.0,100.0,0.8544320475973414,6.105496129493652,0.7504530887062947,0.707790938868637,0.014990757299742526,1.0,1.0,8.0,0.12680823810108316,3.0,0.9974516555666924,0.9981850981712341,0.06661939329984032,production,vang
cinc,a03,3,12,48.0,9,9,0,0,100.0,100.0,0.8132697289875832,4.965871223805237,0.7264773532427377,0.7152872697791324,0.0115143756861527,1.0,1.0,9.0,0.1825593729937256,3.0,0.9969711369938321,0.9981284737586975,0.4125536560570707,production,vang
cinc,a03,3,13,52.0,8,8,0,0,100.0,100.0,0.8484329003848041,5.0147266730959394,0.7411115050605575,0.6449534592496542,0.00986388905648094,1.0,0.875,8.0,0.17636667217805863,3.0,0.9972940757870674,0.9982931017875671,0.0629967836226539,production,vang
cinc,a03,3,14,56.0,9,9,0,0,100.0,100.0,0.514555864757138,52.039766018564066,0.7303656389503937,0.6761574328572603,0.012507688867435782,1.0,0.2,9.0,0.23348553078645354,3.0,0.9965997503863441,0.9975423812866211,0.008052614299394864,production,xanh
cinc,a04,0,0,0.0,8,8,0,0,100.0,99.6138996138996,0.7406249309370789,8.832752248361308,0.7463346515158816,0.4628646341340746,0.0059670882893494235,1.0,1.0,8.0,0.1370813186112658,3.0,0.9986337423324585,0.999222993850708,0.0009676892033315861,production,xanh
cinc,a04,0,1,4.0,9,9,0,0,100.0,99.6138996138996,0.7738518976303183,9.871556820558887,0.7627624718420593,0.44059842247929043,0.01166707178033406,1.0,1.0,9.0,0.14968560614358747,3.0,0.9985596868726943,0.9993363320827484,0.0003964647052184503,production,xanh
cinc,a04,0,2,8.0,8,8,0,0,100.0,99.6138996138996,0.8845403335283792,8.235758017170369,0.7624884922243724,0.40151803604566383,0.010105651043158841,1.0,1.0,8.0,0.17934139398829113,3.0,0.9983613528311253,0.999273955821991,0.0003700573217875093,production,xanh
cinc,a04,0,3,12.0,9,9,0,0,100.0,99.6138996138996,0.7426348438857815,11.978641663233185,0.7611164891042781,0.4299358513488237,0.006622479319602452,1.0,1.0,9.0,0.14391492221657884,3.0,0.9988035824563768,0.9991829991340637,0.00015614564394757327,production,xanh
cinc,a04,0,4,16.0,8,8,0,0,100.0,99.6138996138996,0.7268279963011277,11.811205323349377,0.7509670401221991,0.385483312514553,0.0064609311625370485,1.0,1.0,8.0,0.11982646797955956,3.0,0.998654268682003,0.9994372725486755,9.622672896440819e-05,production,xanh
cinc,a04,0,5,20.0,9,9,0,0,100.0,99.6138996138996,0.7147863556634265,10.493848416307413,0.7569115663735788,0.35955475518743407,0.005980412849428642,1.0,1.0,9.0,0.10283347344629994,3.0,0.9988275037871467,0.9992770552635193,3.138773108619787e-05,production,xanh
cinc,a04,0,6,24.0,9,9,0,0,100.0,99.6138996138996,0.6571477240891067,10.428214422832156,0.744882863947371,0.37799233808058313,0.00746573623950494,1.0,0.8235294117647058,9.0,0.08659771490473096,3.0,0.9979671239852905,0.9988096952438354,8.169024260780753e-05,production,xanh
cinc,a04,0,7,28.0,8,8,0,0,100.0,99.6138996138996,0.8749160352938794,11.340602332069842,0.7621886410712676,0.35809794223152186,0.010484461485366437,1.0,1.0,8.0,0.17174546621018802,3.0,0.9972483068704605,0.9993137121200562,0.00020611172987662383,production,xanh
cinc,a04,0,8,32.0,9,9,0,0,100.0,99.6138996138996,0.6676229156340977,8.219369013389107,0.7337477297122259,0.3856477913757023,0.008828981015768766,1.0,1.0,9.0,0.10512271782443235,3.0,0.9975483616193136,0.9990988075733185,0.0004997326004387214,production,xanh
cinc,a04,0,9,36.0,9,9,1,0,94.73684210526316,99.6138996138996,0.5024163696289591,30.5051068493402,0.7473663600681201,0.36770731564021053,0.057961473214383365,1.0,0.18181818181818182,10.0,0.10485849602061229,4.0,0.9347641304135322,0.9988982081413269,0.006950512575749745,production,xanh
cinc,a04,0,10,40.0,8,8,0,0,100.0,99.6138996138996,0.6260662385805927,12.427296047543708,0.7521022975235826,0.31406994822343925,0.23715042038398335,0.8571428571428571,1.0,8.0,0.11706162194879051,3.0,0.9970279484987259,0.9984087347984314,0.0026877189591292005,production,xanh
cinc,a04,0,11,44.0,10,10,0,0,100.0,99.6138996138996,0.6777479727565929,10.649214337246805,0.7593790809495764,0.3679470007377841,0.029111655130036048,1.0,0.9473684210526315,10.0,0.24307567008276224,3.0,0.9980408251285553,0.998954176902771,2.1207463059588373e-05,production,xanh
cinc,a04,0,12,48.0,8,8,0,0,100.0,99.6138996138996,0.6998277623396859,10.56634632009138,0.7543149013550733,0.29215347762277566,0.038755652691805795,1.0,1.0,8.0,0.1811991279512062,3.0,0.9981251992285252,0.9991540908813477,6.699068970942937e-05,production,xanh
cinc,a04,0,13,52.0,8,8,0,0,100.0,99.6138996138996,0.6827360591610738,11.448760062684379,0.7566201106053984,0.3991144682306298,0.018526388009430916,1.0,1.0,8.0,0.15030247502577276,3.0,0.9984143152832985,0.9990248680114746,6.652253577034723e-05,production,xanh
cinc,a04,0,14,56.0,9,9,0,0,100.0,99.6138996138996,0.519903191295824,24.673685733700705,0.7544363469369969,0.2932247632277797,0.0175270651505299,1.0,0.2,9.0,0.13511366218726376,3.0,0.995319641298718,0.9995333850383759,0.0007439044832183132,production,xanh
cinc,a04,1,0,0.0,8,8,0,0,100.0,100.0,1.050013921961146,4.521222025462875,0.7618370809411857,0.2810062358773514,0.006203186756182349,1.0,1.0,8.0,0.09946110983401711,3.0,0.9989215396344662,0.9991100430488586,0.0002592198715862093,production,xanh
cinc,a04,1,1,4.0,9,9,0,0,100.0,100.0,1.0600091263280074,3.8714079812417763,0.7690088881583708,0.40187924404496206,0.006679142244262038,1.0,0.8235294117647058,9.0,0.11077447856504505,3.0,0.9983442723751068,0.9990928173065186,0.0006886248485369627,production,xanh
cinc,a04,1,2,8.0,8,8,0,0,100.0,100.0,1.0628737615337496,3.1146110256021418,0.7557497264589744,0.48816156269890404,0.010105651043158841,1.0,0.875,8.0,0.12987538344548882,3.0,0.9981255009770393,0.9989853799343109,0.025147138732518313,production,xanh
cinc,a04,1,3,12.0,9,9,0,0,100.0,100.0,0.9556170304989736,4.365919669715704,0.749281310564356,0.4763409284186769,0.006622479319602452,1.0,0.5882352941176471,9.0,0.18941197407649615,3.0,0.9985203080707126,0.9991961121559143,0.007189258281547193,production,xanh
cinc,a04,1,4,16.0,8,8,0,0,100.0,100.0,0.9765381092756638,5.129359668706728,0.7352180379625727,0.47817108664061825,0.007912992305731366,1.0,0.7142857142857143,8.0,0.08231600465142772,3.0,0.9987794980406761,0.999295711517334,0.004858400240721737,production,xanh
cinc,a04,1,5,20.0,9,9,0,0,100.0,100.0,1.0474397016257477,2.3721586861087216,0.757221699916168,0.4364080915126933,0.014209190714602056,1.0,0.5882352941176471,9.0,0.13030333698767835,3.0,0.9983238014909956,0.9993799924850464,0.061234132962509194,production,vang
cinc,a04,1,6,24.0,9,9,0,0,100.0,100.0,1.0443055080614188,5.048677014695253,0.7474895046413454,0.40219885686322643,0.00746573623950494,1.0,0.5333333333333333,9.0,0.05541603402602405,3.0,0.9975423581070371,0.999210000038147,0.0034546300197102523,production,xanh
cinc,a04,1,7,28.0,8,8,0,0,100.0,100.0,1.1355096780439355,3.0731997535176356,0.7591144594124501,0.22282971418589004,0.009854828377965672,1.0,0.8235294117647058,8.0,0.11712260369490814,3.0,0.9971560314297676,0.9990173578262329,0.006097206444096738,production,xanh
cinc,a04,1,8,32.0,9,9,0,0,100.0,100.0,1.0350290625954834,3.2809500581347164,0.7573836990181558,0.3098210484861225,0.004308101608674977,1.0,0.75,9.0,0.08802628396448235,3.0,0.9983472029368082,0.9990059733390808,0.000533129268930027,production,xanh
cinc,a04,1,9,36.0,9,9,0,0,100.0,100.0,1.084238324556041,3.589562266375302,0.7371313774667964,0.32307019991018515,0.2257129959914811,0.875,0.5,9.0,0.07175299639680573,3.0,0.9961859716309441,0.9989704489707947,0.31088912315780626,production,vang
cinc,a04,1,10,40.0,8,8,0,0,100.0,100.0,1.0285890203872619,5.507987238226448,0.7503364955879016,0.40483194002454703,0.23710452516665895,0.8571428571428571,0.6153846153846154,8.0,0.050278678718238,3.0,0.9974104687571526,0.9984740614891052,0.08043732464838384,production,vang
cinc,a04,1,11,44.0,10,10,0,0,100.0,100.0,1.0733497003199364,4.268448567551875,0.7489957833243318,0.46738863828323435,0.02754961485135682,1.0,0.47058823529411764,10.0,0.07588447845729476,3.0,0.9980263024568558,0.9989378750324249,0.0360194937844921,production,xanh
cinc,a04,1,12,48.0,8,8,0,0,100.0,100.0,1.0766377728154546,4.154051931997108,0.7640379876748237,0.34341146873894496,0.03639407556882483,1.0,0.42857142857142855,8.0,0.09500174989856082,3.0,0.998688604682684,0.9991668164730072,0.004621836476677348,production,xanh
cinc,a04,1,13,52.0,8,8,0,0,100.0,100.0,0.9251624009071687,5.609140518639398,0.7641435306109121,0.33844632583034345,0.018526388009430916,1.0,0.875,8.0,0.1487393352730606,3.0,0.9986313953995705,0.9992340803146362,0.0019335529707156978,production,xanh
cinc,a04,1,14,56.0,9,9,0,0,100.0,100.0,0.9554017198887982,6.445638686484369,0.7561962531021186,0.3297650204238059,0.014194910029842887,1.0,0.8888888888888888,9.0,0.1647666641897856,3.0,0.9984324839380052,0.9994049072265625,0.005209107905778105,production,xanh
cinc,a04,2,0,0.0,8,8,0,0,100.0,100.0,0.7054963946636116,16.08675298149536,0.7157143892035639,0.47365913190464964,0.0059670882893494235,1.0,0.8571428571428571,8.0,0.18930846667050874,3.0,0.998567134141922,0.9991407096385956,0.002050769270179989,production,xanh
cinc,a04,2,1,4.0,9,9,0,0,100.0,100.0,0.8378053351352583,8.987712891178358,0.7699078323253279,0.5161634981044583,0.00566542036629318,1.0,0.8888888888888888,9.0,0.16750172933693966,3.0,0.9989798896842532,0.9995020627975464,0.004833384894813155,production,xanh
cinc,a04,2,2,8.0,8,8,0,0,100.0,100.0,0.9567013418631621,9.784330970661623,0.7653043841049263,0.48660811987235375,0.010105651043158841,1.0,1.0,8.0,0.14544955379297486,3.0,0.9992211982607841,0.9994226694107056,0.0009089536867714833,production,xanh
cinc,a04,2,3,12.0,9,9,0,0,100.0,100.0,0.6527656975584158,9.414649644442607,0.7488444528257382,0.5201108560990418,0.006622479319602452,1.0,0.8888888888888888,9.0,0.06138017483185498,3.0,0.9992538789908091,0.9994530081748962,0.0013826375227330653,production,xanh
cinc,a04,2,4,16.0,8,8,0,0,100.0,100.0,0.8005395696662825,11.21734457854446,0.7537882228093592,0.49935205351585193,0.00456856823780943,1.0,1.0,8.0,0.12549868552710997,3.0,0.999192614108324,0.9995552897453308,0.0001469848212586729,production,xanh
cinc,a04,2,5,20.0,9,9,0,0,100.0,100.0,0.7105975630043707,9.710567868807603,0.7541587844732447,0.5647137423975529,0.005980412849428642,1.0,0.8888888888888888,9.0,0.15004000559156244,3.0,0.999181373251809,0.9995564818382263,0.0013710085634397072,production,xanh
cinc,a04,2,6,24.0,9,9,0,0,100.0,100.0,0.7337901834344208,10.123287320105506,0.7485946676883793,0.5035805492592547,0.00746573623950494,1.0,1.0,9.0,0.18730502819270475,3.0,0.9986586901876662,0.9993443787097931,0.0020237064086173215,production,xanh
cinc,a04,2,7,28.0,8,8,0,0,100.0,100.0,0.8220930606493123,12.621871936334282,0.7578774915191814,0.3959196581624391,0.0072978121337078025,1.0,1.0,8.0,0.21137450074535383,3.0,0.9987693503499031,0.9993508458137512,0.00011852742984630979,production,xanh
cinc,a04,2,8,32.0,9,9,0,0,100.0,100.0,0.7704226942640373,11.738905743462816,0.7511199159062812,0.5582787667457682,0.0061932862767715684,1.0,1.0,9.0,0.16677740053953716,3.0,0.9989495509200625,0.9994409680366516,0.00030648683444271584,production,xanh
cinc,a04,2,9,36.0,9,9,0,0,100.0,100.0,0.7098371418965655,13.32770575912446,0.7570498035524104,0.3117885431709572,0.22943610293054198,0.875,0.9411764705882353,9.0,0.167074431071586,3.0,0.9979113241036733,0.9990283250808716,0.0009644772010077849,production,xanh
cinc,a04,2,10,40.0,8,8,0,0,100.0,100.0,0.7494539361699433,13.077555636077534,0.7664465850351269,0.44834154276011423,0.23719630672102224,0.8571428571428571,1.0,8.0,0.154065470071308,3.0,0.9982824698090553,0.9986404776573181,0.0022331115271490604,production,xanh
cinc,a04,2,11,44.0,10,10,0,0,100.0,100.0,0.6846919602036543,9.524030943488508,0.7680940214203196,0.5314300520721744,0.028001837450246085,1.0,0.8421052631578947,10.0,0.257176267543226,3.0,0.9986437201499939,0.9993539452552795,0.00518293529651056,production,xanh
cinc,a04,2,12,48.0,8,8,0,0,100.0,100.0,0.7511563177318881,14.48894134613688,0.7598033753209734,0.41080131588759555,0.03639407556882483,1.0,1.0,8.0,0.20132291100816652,3.0,0.9988660402595997,0.9992402791976929,0.00012585665380923056,production,xanh
cinc,a04,2,13,52.0,8,8,0,0,100.0,100.0,0.6874458728976655,9.529149637780247,0.768220627862338,0.49360142858006933,0.01902240196359558,1.0,0.875,8.0,0.2122128060384141,3.0,0.9992210827767849,0.9994890689849854,0.01063164108462828,production,xanh
cinc,a04,2,14,56.0,9,9,0,0,100.0,100.0,0.602105218808446,9.914777322067657,0.7580420200577981,0.34160599622325744,0.015948251997417357,1.0,1.0,9.0,0.1631384027531821,3.0,0.9986224472522736,0.9994787871837616,6.1185179575288e-05,production,xanh
cinc,a04,3,0,0.0,8,8,0,0,100.0,100.0,0.4684319829822781,20.328523570315845,0.7175544426418091,0.49811873046386546,0.0059670882893494235,1.0,0.7692307692307693,8.0,0.18671755414091162,3.0,0.9987426064908504,0.9994035959243774,0.0036577302941061453,production,xanh
cinc,a04,3,1,4.0,9,9,0,0,100.0,100.0,0.5207628190411965,10.704009412971562,0.760526170548467,0.49831848088188296,0.00566542036629318,1.0,1.0,9.0,0.17874217321212246,3.0,0.9990065263377296,0.9995935559272766,9.015271136732628e-05,production,xanh
cinc,a04,3,2,8.0,8,8,0,0,100.0,100.0,0.6552821085250001,13.29684569275885,0.7603528527084081,0.4466988828188744,0.010105651043158841,1.0,1.0,8.0,0.17013620307801314,3.0,0.999156977981329,0.9994798302650452,0.0003831419774665093,production,xanh
cinc,a04,3,3,12.0,9,9,0,0,100.0,100.0,0.393559533865473,10.542132550388066,0.7027457942194913,0.47478640958770907,0.007864473475164262,1.0,0.625,9.0,0.13725649361431258,4.0,0.9991355703936683,0.9994898736476898,0.0006647938502905504,production,xanh
cinc,a04,3,4,16.0,8,8,0,0,100.0,100.0,0.5787801505775841,15.354349801019193,0.7500341982126981,0.4860785005694939,0.00456856823780943,1.0,1.0,8.0,0.16032606989673615,3.0,0.9992517344653606,0.9995162487030029,0.00010216034876708652,production,xanh
cinc,a04,3,5,20.0,9,9,0,0,100.0,100.0,0.443469584543977,10.857753034437138,0.743876362227158,0.5358894543860206,0.005980412849428607,1.0,0.8888888888888888,9.0,0.17852103283869084,3.0,0.999075538582272,0.9994623064994812,0.0009296061877788461,production,xanh
cinc,a04,3,6,24.0,9,9,0,0,100.0,100.0,0.5638983864827712,11.981449127431652,0.7627154063015307,0.44459618061580236,0.00746573623950494,1.0,1.0,9.0,0.1362356526850245,3.0,0.9987723529338837,0.9995265007019043,0.00022566455143370557,production,xanh
cinc,a04,3,7,28.0,8,8,0,0,100.0,100.0,0.5225080425836086,13.264344886979956,0.7213915114932543,0.3907516354550827,0.00867109290395537,1.0,0.8,8.0,0.11508052768209366,3.0,0.9986661858856678,0.9993215799331665,7.999076615957561e-05,production,xanh
cinc,a04,3,8,32.0,9,9,0,0,100.0,100.0,0.4665259973470756,11.307522243332336,0.7501205388822917,0.4108369213591495,0.0061932862767715684,1.0,0.8888888888888888,9.0,0.15159628056308627,3.0,0.998867952161365,0.9993859529495239,0.0006085693812990959,production,xanh
cinc,a04,3,9,36.0,9,9,0,0,100.0,100.0,0.543369430562766,15.044601935179973,0.7499683007081229,0.283057342735923,0.22886970844001336,0.875,1.0,9.0,0.13029512165943644,3.0,0.9976122511757745,0.9989632368087769,0.0014030387994932929,production,xanh
cinc,a04,3,10,40.0,8,8,0,0,100.0,100.0,0.4422550117867258,9.740875465005239,0.7315772414665165,0.46707776315366384,0.2370127080705175,0.8571428571428571,0.75,8.0,0.14277468578198085,3.0,0.995471928268671,0.9980623126029968,0.05669648552755429,production,vang
cinc,a04,3,11,44.0,10,10,0,0,100.0,100.0,0.5213099988616124,8.472167663833297,0.7536484912912756,0.5018115893606027,0.028001837450246085,1.0,0.8421052631578947,10.0,0.2685978809435834,3.0,0.9973397046327591,0.9987945854663849,0.0033300507590954117,production,xanh
cinc,a04,3,12,48.0,8,8,0,0,100.0,100.0,0.44448314532422023,11.740035182044815,0.7434171421084843,0.4748860093256918,0.03639407556882483,1.0,0.875,8.0,0.08526426444983164,3.0,0.998705692589283,0.9990911483764648,0.000816942999526571,production,xanh
cinc,a04,3,13,52.0,8,8,0,0,100.0,100.0,0.5343391576393068,15.139785795593593,0.7523438987684041,0.4828025214259335,0.01902240196359558,1.0,1.0,8.0,0.18615285703418813,3.0,0.9990549385547638,0.99937504529953,0.0024035431490303503,production,xanh
cinc,a04,3,14,56.0,9,9,0,0,100.0,100.0,0.4322939908840038,11.885536946201489,0.751006797741176,0.38863047254066607,0.014194910029842887,1.0,1.0,9.0,0.14330381526511682,3.0,0.9985741873582205,0.9994753003120422,0.0001066150661576713,production,xanh
cinc,a05,0,0,0.0,9,9,0,0,100.0,100.0,0.7083989756859743,36.641508479873245,0.7686449594432448,0.3778283225959856,0.00566542036629318,1.0,0.8888888888888888,9.0,0.12142104261204771,3.0,0.9981120394335853,0.9991490840911865,0.00023427194600941445,production,xanh
cinc,a05,0,1,4.0,8,8,0,0,100.0,100.0,0.817506225990321,6.528804063332391,0.7529977802128347,0.41669761767208485,0.005453824335353662,1.0,1.0,8.0,0.1313691898922338,3.0,0.997992105782032,0.9989263415336609,0.00018519004149335824,production,xanh
cinc,a05,0,2,8.0,9,9,0,0,100.0,100.0,0.8961408940483078,5.688524978163324,0.7647355605106873,0.369348464763648,0.010040235794476556,1.0,0.75,9.0,0.1646713827491492,3.0,0.9983165760835012,0.999151349067688,0.0009665355976002049,production,xanh
cinc,a05,0,3,12.0,9,9,0,0,100.0,100.0,0.8548683400499367,7.3117552750562265,0.751027912620267,0.41596599931160416,0.0081228899091779,1.0,1.0,9.0,0.11615334394256827,3.0,0.9979865584108565,0.9991650581359863,0.00024743131036491774,production,xanh
cinc,a05,0,4,16.0,8,8,0,0,100.0,100.0,0.8980848742670868,7.459630394777239,0.7499703451694951,0.3694277140023586,0.00869285223370176,1.0,1.0,8.0,0.13174322913034694,3.0,0.9975037015974522,0.9992421865463257,0.0017242752086180481,production,xanh
cinc,a05,0,5,20.0,9,9,0,0,100.0,100.0,0.8475836117854332,6.529992089529969,0.7555507780373656,0.4281337084910974,0.009373976222647943,1.0,1.0,9.0,0.12147774505717832,3.0,0.9979789190822177,0.9989385008811951,0.001815575518962929,production,xanh
cinc,a05,0,6,24.0,9,9,0,0,100.0,100.0,0.8662983048398132,6.545102521628641,0.7580814702111575,0.41078831611767286,0.012191496227327982,1.0,1.0,9.0,0.12125542662006061,3.0,0.9980390634801652,0.9991922378540039,0.0003853898862187816,production,xanh
cinc,a05,0,7,28.0,8,8,0,0,100.0,100.0,0.8135298584041999,6.784898751082984,0.7458917626843864,0.45623660749186207,0.007694106229103721,1.0,1.0,8.0,0.04714119266504512,3.0,0.9985152967274189,0.998960018157959,0.000955678289110383,production,xanh
cinc,a05,0,8,32.0,9,9,0,0,100.0,100.0,0.9340029942579919,6.84873563535422,0.7647329679565434,0.3925491707486952,0.006736783169778781,1.0,1.0,9.0,0.16155370584486095,3.0,0.997585243648953,0.9988766312599182,0.00010568650175175433,production,xanh
cinc,a05,0,9,36.0,8,8,0,0,100.0,100.0,0.9143443090909193,6.7352859192674845,0.7599579928310833,0.41641712207348075,0.01089436286233868,1.0,1.0,8.0,0.09469573738254743,3.0,0.9986922070384026,0.9993966817855835,0.00045410809802551197,production,xanh
cinc,a05,0,10,40.0,9,9,0,0,100.0,100.0,0.8487516948004491,5.888051039705616,0.7557240305078509,0.40187427945679377,0.009445477595426842,1.0,1.0,9.0,0.07599443287573195,3.0,0.9981308910581801,0.9988538026809692,0.00019367475867959258,production,xanh
cinc,a05,0,11,44.0,8,8,0,0,100.0,100.0,0.9266214492770942,6.800162391401107,0.7564922709275005,0.4401842351541526,0.011095824927230314,1.0,1.0,8.0,0.09348054522566514,3.0,0.9985023215413094,0.9992583394050598,0.0029860797661321052,production,xanh
cinc,a05,0,12,48.0,9,9,0,0,100.0,100.0,0.881663044241566,4.625341465115781,0.7619295122715876,0.37908833760747956,0.008452879588047737,1.0,1.0,9.0,0.12333144906402209,3.0,0.998219629128774,0.998600423336029,0.00017466904456276682,production,xanh
cinc,a05,0,13,52.0,8,8,0,0,100.0,100.0,0.939203214723846,5.914104261807859,0.7506921221453219,0.42266803114462104,0.007572990175621289,1.0,0.875,8.0,0.1212878234125572,3.0,0.998207438737154,0.9988328814506531,0.0013360841772440178,production,xanh
cinc,a05,0,14,56.0,9,9,0,0,100.0,100.0,0.6935644967320935,22.740933036269375,0.7516380867276721,0.3755144607731719,0.007163336480233778,1.0,0.18181818181818182,9.0,0.04338118262476013,3.0,0.9981096088886261,0.9990286827087402,0.0001213486086573186,production,xanh
cinc,a05,1,0,0.0,9,9,0,0,100.0,100.0,1.0267973952209548,7.082661569437374,0.7771907990921243,0.414916523885538,0.0037088882388975797,1.0,0.9411764705882353,9.0,0.10257358455900834,3.0,0.9986597564485338,0.9991169571876526,0.0003039077085007571,production,xanh
cinc,a05,1,1,4.0,8,8,0,0,100.0,100.0,1.0145320180963284,5.016480817629761,0.756501762835856,0.39358506311192437,0.0029871826131438045,1.0,0.9333333333333333,8.0,0.10473659843999737,3.0,0.9985293298959732,0.9992613196372986,0.0006046048634182373,production,xanh
cinc,a05,1,2,8.0,9,9,0,0,100.0,100.0,1.173298275473255,2.978113857730068,0.7486146396738743,0.4185284129294502,0.008620689655153842,1.0,0.5,9.0,0.061236619886632024,3.0,0.9983234935336642,0.9988288283348083,0.0015503827081734675,production,xanh
cinc,a05,1,3,12.0,9,9,0,0,100.0,100.0,1.0283853234429834,4.999566943183882,0.7535119907299968,0.34739153030821035,0.004385964912271088,1.0,0.9411764705882353,9.0,0.1330822434410643,3.0,0.9987700945801206,0.9994028806686401,0.0018343340878809403,production,xanh
cinc,a05,1,4,16.0,8,8,0,0,100.0,100.0,0.9878052880669679,4.66839777245432,0.7546541255634057,0.12307127743943182,0.004688793717751554,1.0,0.9333333333333333,8.0,0.13818298538586593,3.0,0.9984761141240597,0.9992543756961823,0.0005880679564388023,production,xanh
cinc,a05,1,5,20.0,9,9,0,0,100.0,100.0,1.0125602758307295,2.908732291041381,0.7560295433954254,0.38842966948248225,0.009070128926973332,1.0,0.6666666666666666,9.0,0.1252978410157906,3.0,0.9983904527293311,0.9992732405662537,0.0006606330391426831,production,xanh
cinc,a05,1,6,24.0,9,9,0,0,100.0,100.0,0.9189076060823456,5.2541231603462055,0.7466136980222865,0.22805839075389722,0.006736783169778781,1.0,0.875,9.0,0.12172386709303061,3.0,0.998652845621109,0.9991818070411682,0.00046677971816049116,production,xanh
cinc,a05,1,7,28.0,8,8,0,0,100.0,100.0,0.9918044581554943,3.846199233063909,0.734706472748661,0.38094521566000983,0.006203186756182349,1.0,0.5714285714285714,8.0,0.07239988730653127,3.0,0.9974688440561295,0.999261200428009,0.0029603171664156643,production,xanh
cinc,a05,1,8,32.0,9,9,0,0,100.0,100.0,1.1496126564395994,2.502624634648731,0.7664371845640042,0.41730847478721117,0.0037409304699031055,1.0,0.7058823529411765,9.0,0.032069453443402764,3.0,0.998417403962877,0.9990703463554382,0.00042752446765181726,production,xanh
cinc,a05,1,9,36.0,8,8,0,0,100.0,100.0,1.0921300579252022,3.38222767383842,0.7654576531713858,0.407846565388526,0.005467158869180918,1.0,0.6666666666666666,8.0,0.11823505195887203,3.0,0.9985574260354042,0.9991195797920227,0.0005411811040286387,production,xanh
cinc,a05,1,10,40.0,9,9,0,0,100.0,100.0,1.1291988156399,2.5751591208664815,0.7549992992765105,0.37431628442917103,0.004124582903300445,1.0,0.625,9.0,0.031316025015997936,3.0,0.9986891680293613,0.9991925358772278,0.00042752446765181726,production,xanh
cinc,a05,1,11,44.0,8,8,0,0,100.0,100.0,1.0700589499900564,3.3225414510663382,0.7652305308859084,0.35045035590562085,0.0029618981170229717,1.0,0.5333333333333333,8.0,0.09173037005015622,3.0,0.9989542253315449,0.9992521405220032,0.0005132639735830397,production,xanh
cinc,a05,1,12,48.0,9,9,0,0,100.0,100.0,1.131078583797406,3.13706624823664,0.7725852660503747,0.30527855890775524,0.005641260791170422,1.0,0.8235294117647058,9.0,0.054814850365520154,3.0,0.9984884825017717,0.9994066059589386,0.003591885377577838,production,xanh
cinc,a05,1,13,52.0,8,8,0,0,100.0,100.0,0.9884147146579547,4.2041851887672745,0.7466322957278088,0.11877380991819866,0.007760190577083633,1.0,0.6666666666666666,8.0,0.10613127116598703,3.0,0.9985681958496571,0.9990584254264832,0.0008631639904142585,production,xanh
cinc,a05,1,14,56.0,9,9,0,0,100.0,100.0,1.0665384064124137,4.179245954352039,0.7677259106329369,0.1212810877427528,0.005714365682632567,1.0,0.7777777777777778,9.0,0.1405264713541098,3.0,0.9985157880518172,0.9993487000465393,0.0005211020282376885,production,xanh
cinc,a05,2,0,0.0,9,9,0,0,100.0,100.0,0.8431132178743568,8.826887180481945,0.7624595556529966,0.4395913874088322,0.00566542036629318,1.0,1.0,9.0,0.16726168776662242,3.0,0.9988976584540473,0.9993959665298462,0.0019076973498328151,production,xanh
cinc,a05,2,1,4.0,8,8,0,0,100.0,100.0,0.9182460056243029,8.876432407999785,0.7583733872901606,0.4842508867707322,0.005453824335353662,1.0,1.0,8.0,0.14514613783112693,3.0,0.9990353025496006,0.9993840456008911,0.0006417526502930207,production,xanh
cinc,a05,2,2,8.0,9,9,0,0,100.0,100.0,0.7706712770414352,10.094230496480963,0.7564964776850985,0.5205180947353969,0.005173496788891453,1.0,1.0,9.0,0.19162260273448112,3.0,0.9988350371519724,0.9993982315063477,0.0018828505730986397,production,xanh
cinc,a05,2,3,12.0,9,9,0,0,100.0,100.0,0.8826023479193249,9.080140641445551,0.7629604096565457,0.5474863708206681,0.006202691063026294,1.0,1.0,9.0,0.15274728098586618,3.0,0.998917195532057,0.9994105696678162,0.0010900040151429812,production,xanh
cinc,a05,2,4,16.0,8,8,0,0,100.0,100.0,0.9031610246430977,9.669952324135773,0.7628064870683171,0.5064412081754887,0.0056112119886948105,1.0,1.0,8.0,0.1956408716126651,3.0,0.9984927475452423,0.9995649456977844,0.008037706265531405,production,xanh
cinc,a05,2,5,20.0,9,9,0,0,100.0,100.0,0.9071859648812358,7.457727177905404,0.7684644053711772,0.5908655685682427,0.01004023579447658,1.0,1.0,9.0,0.169817536670095,3.0,0.9988946947786543,0.9994726777076721,0.005064342562556823,production,xanh
cinc,a05,2,6,24.0,9,9,0,0,100.0,100.0,0.9223582891570993,8.712482944313964,0.7615685952472824,0.24969395035845193,0.006095748113664002,1.0,1.0,9.0,0.17141406855659824,3.0,0.9985716839631399,0.9993146061897278,0.00015817559099255324,production,xanh
cinc,a05,2,7,28.0,8,8,0,0,100.0,100.0,0.7638296932397977,10.862671496847318,0.7539632515050787,0.5833425691537114,0.005967088289349423,1.0,1.0,8.0,0.14356459861136706,3.0,0.9992484673857689,0.9997566342353821,0.00024154911034655606,production,xanh
cinc,a05,2,8,32.0,9,9,0,0,100.0,100.0,0.9161211780828087,8.360089983841167,0.7724314546985576,0.5997922404662106,0.004187009022917888,1.0,0.8888888888888888,9.0,0.19703629182702656,3.0,0.9988554318745931,0.9993385672569275,0.007961971929075988,production,xanh
cinc,a05,2,9,36.0,8,8,0,0,100.0,100.0,0.8945187861177797,8.780688312656356,0.7688555484013798,0.4804632828156433,0.005467158869180918,1.0,1.0,8.0,0.16606032724609676,3.0,0.9987823665142059,0.9996182918548584,0.0009652583184876235,production,xanh
cinc,a05,2,10,40.0,9,9,0,0,100.0,100.0,0.8831209268126489,6.494645791132591,0.7829073080645435,0.4787880871184666,0.006017930052638618,1.0,1.0,9.0,0.14303065679606938,3.0,0.9987501998742422,0.9993789196014404,0.0004343711755273662,production,xanh
cinc,a05,2,11,44.0,8,8,0,0,100.0,100.0,0.9597147698039198,8.571434633619317,0.7648158102755783,0.5032880467502163,0.005407661372418496,1.0,1.0,8.0,0.1379373567874142,3.0,0.9984766915440559,0.999515175819397,0.0024214116679908003,production,xanh
cinc,a05,2,12,48.0,9,9,0,0,100.0,100.0,0.93609561579607,5.761590425135058,0.7622116960626715,0.535545980451099,0.005641260791170422,1.0,0.8888888888888888,9.0,0.1777786632781759,3.0,0.9985886911551157,0.999202311038971,0.0011025678075704546,production,xanh
cinc,a05,2,13,52.0,8,8,0,0,100.0,100.0,0.9484679691074425,7.994389685751527,0.7468978794328914,0.41208840186552237,0.006018402316407651,1.0,1.0,8.0,0.1642162017251075,3.0,0.9988674409687519,0.9993103742599487,0.0003423010715535453,production,xanh
cinc,a05,2,14,56.0,9,9,0,0,100.0,100.0,0.845099332514732,6.937640241695547,0.73404797655991,0.2651225364951232,0.010358167436938154,1.0,0.7777777777777778,9.0,0.16493265032598986,3.0,0.998599025938246,0.9990736246109009,0.0017239430519226443,production,xanh
cinc,a05,3,0,0.0,9,9,0,0,100.0,100.0,0.5346393542377719,7.775583003377497,0.7321497975084019,0.47629100956351506,0.00566542036629318,1.0,0.7777777777777778,9.0,0.12019695674284851,3.0,0.9990595512919955,0.9994932413101196,0.0019530965482186158,production,xanh
cinc,a05,3,1,4.0,8,8,0,0,100.0,100.0,0.5087573087048232,8.242987864901483,0.7179918370521892,0.49366136958233175,0.0029871826131438045,1.0,0.75,8.0,0.11177581915906469,3.0,0.9992273300886154,0.9995000660419464,0.0014962701844055736,production,xanh
cinc,a05,3,2,8.0,9,9,0,0,100.0,100.0,0.6073343113784287,10.319459236047416,0.7625795297951373,0.5259117550552496,0.006095748113664002,1.0,0.8888888888888888,9.0,0.17841341130198476,3.0,0.9992200666003757,0.9993952512741089,0.000672279155732558,production,xanh
cinc,a05,3,3,12.0,9,9,0,0,100.0,100.0,0.6210754301003969,10.851711013891268,0.7477309201614821,0.5527689777146071,0.004385964912271088,1.0,0.9411764705882353,9.0,0.17217768002898434,3.0,0.9990847872363197,0.9994268715381622,0.0006551417985623611,production,xanh
cinc,a05,3,4,16.0,8,8,0,0,100.0,100.0,0.5205412048666749,13.114867457273629,0.7216059491265936,0.4632182119223456,0.004688793717751554,1.0,1.0,8.0,0.16835283763405884,3.0,0.999140128493309,0.9993023872375488,0.00016306120044932287,production,xanh
cinc,a05,3,5,20.0,9,9,0,0,100.0,100.0,0.6272961659108898,10.356490004713123,0.7547390629995254,0.5305161629885414,0.009070128926973332,1.0,1.0,9.0,0.15096400014300881,3.0,0.9991700682375166,0.9995915293693542,8.560945499360231e-05,production,xanh
cinc,a05,3,6,24.0,9,9,0,0,100.0,100.0,0.48200263153587714,8.271646632666009,0.7112596813698349,0.47711376589499765,0.006095748113664002,1.0,0.7777777777777778,9.0,0.1281439867413282,4.0,0.9987648030122122,0.9994081854820251,0.001632336318290313,production,xanh
cinc,a05,3,7,28.0,8,8,0,0,100.0,100.0,0.5160935638969325,11.565275251033915,0.7296778050666726,0.4667332360876472,0.005967088289349423,1.0,1.0,8.0,0.1514568041822133,3.0,0.9993365444242954,0.9995030164718628,0.00013261287447759802,production,xanh
cinc,a05,3,8,32.0,9,9,0,0,100.0,100.0,0.592555036942846,8.784262146779465,0.7425733991926453,0.5287301992153608,0.0037409304699031055,1.0,0.7777777777777778,9.0,0.1876150675763457,3.0,0.9990360173914168,0.9994716048240662,0.008855481428364986,production,xanh
cinc,a05,3,9,36.0,8,8,0,0,100.0,100.0,0.6749789108603385,13.884803482433,0.7484209363592298,0.48535653652288496,0.005467158869180918,1.0,1.0,8.0,0.15817272220975095,3.0,0.9990280419588089,0.9996438026428223,0.0001012683048224717,production,xanh
cinc,a05,3,10,40.0,9,9,0,0,100.0,100.0,0.5747132151115119,11.779282842713583,0.7432501306869571,0.4802381526215014,0.004255319148927061,1.0,1.0,9.0,0.14466339548643684,3.0,0.9990978638331095,0.9994977712631226,0.00013376474440239246,production,xanh
cinc,a05,3,11,44.0,8,8,0,0,100.0,100.0,0.6615912383674242,9.891383822813722,0.7470173190066484,0.409452433533162,0.0029618981170229717,1.0,0.875,8.0,0.17050961471415865,3.0,0.9992312416434288,0.9996309280395508,0.0005798119344552241,production,xanh
cinc,a05,3,12,48.0,9,9,0,0,100.0,100.0,0.6144666413924955,10.294777691657673,0.751946991954573,0.29264686393336986,0.005641260791170422,1.0,1.0,9.0,0.14408407851235122,3.0,0.9989136821693845,0.9993413984775543,3.3540274762827305e-05,production,xanh
cinc,a05,3,13,52.0,8,8,0,0,100.0,100.0,0.5571009225213024,8.820431842060584,0.6920155515925454,0.11371983625042609,0.006018402316407651,1.0,0.75,8.0,0.15872806522838928,4.0,0.9991983585059643,0.9996034502983093,0.0017077020447190552,production,xanh
cinc,a05,3,14,56.0,9,9,0,0,100.0,100.0,0.5570180233681538,8.773826654790682,0.6985601115373425,0.10206090053534353,0.007163336480233778,1.0,0.5714285714285714,9.0,0.1678761569692233,4.0,0.9988601803779602,0.9993815422058105,0.00023314111604987945,production,xanh
cinc,a06,0,0,0.0,10,2,6,8,22.22222222222222,42.7536231884058,0.8371969547572014,2.7764005860661936,0.7620264528241775,0.6525864375248438,0.276037968757187,0.7142857142857143,0.5,8.0,0.03589398598281073,3.0,0.8707082308828831,0.9953603148460388,0.9370064021291554,production,do
cinc,a06,0,1,4.0,10,4,4,6,44.44444444444444,42.7536231884058,0.8119031208997736,2.6340974575792133,0.7629006846976758,0.6178808857522279,0.24578169878262188,1.0,0.5333333333333333,8.0,0.10400391080322662,3.0,0.8241545930504799,0.9842294752597809,0.9557954245718828,production,do
cinc,a06,0,2,8.0,10,6,2,4,66.66666666666667,42.7536231884058,0.6806905256259853,6.930408537407796,0.772016355354656,0.5987087571808256,0.21782919286680863,0.8571428571428571,0.3076923076923077,8.0,0.1178394777951977,3.0,0.8681416716426611,0.9865137934684753,0.9228079877534197,production,do
cinc,a06,0,3,12.0,10,8,1,2,84.21052631578948,42.7536231884058,0.7119169943352728,7.604743382828843,0.7635298152828643,0.6340413830634852,0.2318364685460621,0.875,0.14285714285714285,9.0,0.09404758523323876,3.0,0.9175895717408922,0.9902679026126862,0.9416587080757093,production,do
cinc,a06,0,4,16.0,10,6,3,4,63.1578947368421,42.7536231884058,0.7405971613704214,8.475070055671933,0.7741268205545678,0.6343288310883363,0.19891651203748068,0.875,0.42857142857142855,9.0,0.03961424912644231,3.0,0.8768897652626038,0.9900082349777222,0.9383197308216025,production,do
cinc,a06,0,5,20.0,10,6,2,4,66.66666666666667,42.7536231884058,0.6409589327912195,12.294224495465802,0.779183742908645,0.5877943954099732,0.210728828868539,1.0,0.46153846153846156,8.0,0.06232034479452319,3.0,0.8864519968628883,0.9820850491523743,0.5232914343461466,production,vang
cinc,a06,0,6,24.0,10,7,2,3,73.6842105263158,42.7536231884058,0.7842365326182701,3.5820146332298846,0.7883800004962717,0.6401207264537327,0.18228000126807317,1.0,0.375,9.0,0.027371478991501646,3.0,0.8309930264949799,0.9873752593994141,0.9471361693406976,production,do
cinc,a06,0,7,28.0,11,2,5,9,22.22222222222222,42.7536231884058,0.9661779888579601,2.027070847034592,0.7640941224821822,0.6332950035903985,0.10698082924103744,1.0,0.3076923076923077,6.0,0.05402749048419729,3.0,0.7831975072622299,0.913839191198349,0.9732063181919968,production,do
cinc,a06,0,8,32.0,11,2,5,9,22.22222222222222,42.7536231884058,0.8228857824420236,4.706148318852942,0.7785489669934693,0.6114159736824004,0.1964531941941185,0.8571428571428571,0.3076923076923077,8.0,0.026302258261396278,3.0,0.8358614053577185,0.9682132005691528,0.9491992462749629,production,do
cinc,a06,0,9,36.0,11,1,6,10,11.11111111111111,42.7536231884058,0.6701443858547528,5.534367236542172,0.775215363108382,0.6296769710072571,0.07745358718821103,1.0,0.7692307692307693,7.0,0.024605931628932754,3.0,0.8699449854237693,0.9825738072395325,0.5698083527719475,production,do
cinc,a06,0,10,40.0,12,2,5,10,21.05263157894737,42.7536231884058,1.1570161037942408,0.44340754167168006,0.756212278708503,0.6617883309256417,0.24374792902941936,0.8333333333333334,0.4444444444444444,7.0,0.03795000876530335,3.0,0.7534861479486737,0.9491999745368958,0.9823388475464679,production,do
cinc,a06,0,11,44.0,11,4,3,7,44.44444444444444,42.7536231884058,0.6891797960304756,2.056575382161264,0.7703313761342429,0.6140547647906024,0.2684414718858158,0.5,0.5,7.0,0.06657597213530446,3.0,0.9099480084010533,0.9655178785324097,0.9437269547447319,production,do
cinc,a06,0,12,48.0,11,4,3,7,44.44444444444444,42.7536231884058,0.7783921054974146,9.324430051221006,0.7655004181775807,0.6113387603569381,0.1595069837844781,0.8333333333333334,0.6666666666666666,7.0,0.08581631740136982,3.0,0.8717232985155923,0.9590327739715576,0.9652706760658625,production,do
cinc,a06,0,13,52.0,12,3,5,9,30.0,42.7536231884058,0.7415564567422163,2.8755019885033315,0.77414922461402,0.6528911659815166,0.19522333522423635,1.0,0.26666666666666666,8.0,0.03476529439285254,3.0,0.7956865727901459,0.9858762621879578,0.9471441840161994,production,do
cinc,a06,0,14,56.0,11,2,5,9,22.22222222222222,42.7536231884058,0.8085948050643784,1.3278255409069972,0.7642869735566414,0.614106602659393,0.12909311693446626,1.0,0.16666666666666666,7.0,0.028156188523026603,3.0,0.6807964364332812,0.9711732268333435,0.883540920125321,production,do
cinc,a06,1,0,0.0,10,1,7,9,11.11111111111111,22.962962962962962,0.6203014005082239,2.702329694112871,0.7324097075136213,0.6579671027846712,0.2882813832952217,0.7142857142857143,0.42857142857142855,8.0,0.03966900227786676,3.0,0.8653352856636047,0.9906020164489746,0.9215239441231735,production,do
cinc,a06,1,1,4.0,10,3,5,7,33.333333333333336,22.962962962962962,0.616643041125549,4.386804519832391,0.7212465251639167,0.6646165612505032,0.23327824130630856,0.7142857142857143,0.3076923076923077,8.0,0.015870007576490906,3.0,0.773629835806787,0.9210935235023499,0.9343658468008996,production,do
cinc,a06,1,2,8.0,10,0,6,10,0.0,22.962962962962962,0.7452925834425396,17.86289390083497,0.7406610160290886,0.6556156820595432,0.09366349718027096,1.0,0.9090909090909091,6.0,0.04207513500339898,3.0,0.7746267840266228,0.9938020706176758,0.6076656079498796,production,do
cinc,a06,1,3,12.0,10,2,5,8,23.529411764705884,22.962962962962962,0.6185919441052466,10.308134816637844,0.7206654430396401,0.6639567860572199,0.12297689648810299,0.8333333333333334,0.6153846153846154,7.0,0.025887303538406268,3.0,0.9018258452415466,0.9863814413547516,0.8737372809250169,production,do
cinc,a06,1,4,16.0,10,2,5,8,23.529411764705884,22.962962962962962,0.7121979957083664,14.348919926575665,0.7262042865589308,0.6528849790335862,0.1624275147471788,0.6666666666666666,0.5454545454545454,7.0,0.0395030833996308,3.0,0.8519158810377121,0.9686892628669739,0.9636269630021875,production,do
cinc,a06,1,5,20.0,10,2,4,8,25.0,22.962962962962962,0.6444927809811403,17.66507012351935,0.729417855493559,0.6403862082920218,0.028474098571222625,1.0,0.9090909090909091,6.0,0.024982762134894115,3.0,0.8312197625637054,0.9400363564491272,0.05938555814213279,production,vang
cinc,a06,1,6,24.0,10,3,5,7,33.333333333333336,22.962962962962962,0.52461858142759,4.942968683642333,0.750107469920157,0.6646303363392237,0.21919698570671023,0.8571428571428571,0.46153846153846156,8.0,0.03470719391432282,3.0,0.8367212265729904,0.9608342945575714,0.9045304508982533,production,do
cinc,a06,1,7,28.0,11,1,7,10,10.526315789473685,22.962962962962962,0.7995657582283914,2.6929841888572037,0.7453771244859904,0.6586652090001811,0.09504858433060126,1.0,0.14285714285714285,8.0,0.028944699598976803,3.0,0.8197420593351126,0.9867745637893677,0.5953957024519352,production,do
cinc,a06,1,8,32.0,11,1,6,10,11.11111111111111,22.962962962962962,0.5823431865769083,5.007758216597523,0.7503929906691233,0.6610831086671393,0.27555703663759923,0.8333333333333334,0.42857142857142855,7.0,0.05690592406331888,3.0,0.8329445251396724,0.9524306654930115,0.9681117271538426,production,do
cinc,a06,1,9,36.0,11,5,3,6,52.63157894736842,22.962962962962962,0.6687246371028212,8.390658935213073,0.748691161104806,0.6728131772695192,0.21874833288506063,1.0,0.8571428571428571,8.0,0.06538482770361186,3.0,0.6119052972644567,0.9094926118850708,0.8808437025967109,production,do
cinc,a06,1,10,40.0,12,2,7,10,19.047619047619047,22.962962962962962,0.45324100502798426,2.112419686419287,0.7521748670201756,0.6637768125579061,0.1724780326363551,1.0,0.5,9.0,0.024086993844494302,3.0,0.7341506580511729,0.9635203778743744,0.8794348277403247,production,do
cinc,a06,1,11,44.0,11,3,4,8,33.333333333333336,22.962962962962962,0.4971092151785953,3.4379794927712872,0.759792828435825,0.6709448571976614,0.07260223369377543,1.0,0.0,7.0,0.054575615949445315,3.0,0.8285006327288491,0.9776566624641418,0.38929962206202956,production,vang
cinc,a06,1,12,48.0,11,2,4,9,23.529411764705884,22.962962962962962,0.6595479286706012,7.382105642149709,0.7484691786780379,0.6424320867291682,0.05598314425464232,1.0,0.6666666666666666,6.0,0.03558121067383977,3.0,0.6452465082208315,0.8416940271854401,0.1628659315935799,production,vang
cinc,a06,1,13,52.0,12,2,6,10,20.0,22.962962962962962,0.6805512913926292,4.987597802223497,0.7468239817465423,0.6648566757418471,0.21141197044829935,0.8571428571428571,0.5714285714285714,8.0,0.03561322392806364,3.0,0.8272150494158268,0.9726513028144836,0.962029730763589,production,do
cinc,a06,1,14,56.0,11,2,5,9,22.22222222222222,22.962962962962962,0.6646481725019351,4.0178876690687435,0.760143885103228,0.6552081257003161,0.29024638547749043,0.8333333333333334,0.5,7.0,0.026427447420829534,3.0,0.8263513616153172,0.9560249745845795,0.9310282792147512,production,do
cinc,a06,2,0,0.0,10,1,6,9,11.764705882352942,19.47565543071161,0.6678411599350598,6.997556966025298,0.745328061001008,0.735596160975419,0.1750518239485227,0.6666666666666666,0.6666666666666666,7.0,0.020543553662543363,3.0,0.9385751400675092,0.995602548122406,0.9093016434526454,production,do
cinc,a06,2,1,4.0,10,0,6,10,0.0,19.47565543071161,0.49838676055549325,9.866349334978738,0.7290473911392661,0.7335058972101572,0.06410327948451329,1.0,1.0,6.0,0.04459807036397982,3.0,0.9745024542013804,0.9971475303173065,0.02223427434972597,production,xanh
cinc,a06,2,2,8.0,10,0,7,10,0.0,19.47565543071161,0.46622284398609937,17.367012350399623,0.7472695318223336,0.7340965968680983,0.06278090029163426,1.0,0.6,7.0,0.024475554735397653,4.0,0.9635743371077946,0.9979865550994873,0.13209375796724684,production,vang
cinc,a06,2,3,12.0,10,1,6,9,11.764705882352942,19.47565543071161,0.6752980479107207,9.796449289819973,0.696811849967848,0.7571156674872704,0.0865765075151459,1.0,0.6666666666666666,7.0,0.04687255211050714,3.0,0.9516716344015939,0.9976205825805664,0.16017447284171363,production,vang
cinc,a06,2,4,16.0,10,2,5,8,23.529411764705884,19.47565543071161,0.5198869983820974,9.945090411713457,0.7050796065482652,0.7444086223948154,0.16380999782617076,1.0,0.6666666666666666,7.0,0.04419387286408856,4.0,0.9044707332338605,0.9979561567306519,0.6662766558195263,production,do
cinc,a06,2,5,20.0,10,1,5,9,12.5,19.47565543071161,0.5650647407883237,7.84319412044915,0.7341367086805826,0.7254407640324636,0.11557243999347443,1.0,0.6,6.0,0.0394840118315618,3.0,0.9207392583290736,0.9956865310668945,0.8523161814997662,production,do
cinc,a06,2,6,24.0,10,3,5,7,33.333333333333336,19.47565543071161,0.7915047138711209,4.763981901262053,0.7376341717705466,0.7531567619915664,0.25631560396853215,0.7142857142857143,0.2,8.0,0.020545651676411567,3.0,0.905762174166739,0.9961150884628296,0.9489633755105307,production,do
cinc,a06,2,7,28.0,11,0,8,11,0.0,19.47565543071161,0.6587887644888965,6.212373999442505,0.7467454656472109,0.7490805505567694,0.18099306641279472,1.0,0.6153846153846154,8.0,0.023415127256613846,3.0,0.9588412567973137,0.9977118968963623,0.38945165618469113,production,vang
cinc,a06,2,8,32.0,11,2,4,9,23.529411764705884,19.47565543071161,0.6881415387727516,5.975354992952935,0.7504315475303065,0.7249512163600681,0.12089313652011573,0.8,0.5454545454545454,6.0,0.030654482778561677,3.0,0.961134115854899,0.9965049028396606,0.6909507664808072,production,do
cinc,a06,2,9,36.0,11,3,5,8,31.57894736842105,19.47565543071161,0.656075292863481,4.735163211329233,0.7213287114710998,0.7756158942240955,0.29308588783365025,0.8571428571428571,0.46153846153846156,8.0,0.03949141269506931,3.0,0.7960189133882523,0.9933464527130127,0.9239274131382758,production,do
cinc,a06,2,10,40.0,12,0,8,12,0.0,19.47565543071161,0.7385445055246002,2.6028601170385377,0.7537115001130552,0.7488751586732875,0.19122246615236962,0.8571428571428571,0.42857142857142855,8.0,0.061902792349197204,3.0,0.8718517832458019,0.9941885471343994,0.9476695706051859,production,do
cinc,a06,2,11,44.0,11,4,3,7,44.44444444444444,19.47565543071161,0.6744144487150038,3.630020853631531,0.7535693976569433,0.7260154284484338,0.32144168087643493,0.6666666666666666,0.42857142857142855,7.0,0.030498248197877987,3.0,0.8236348288399833,0.9982967972755432,0.8456459575652465,production,do
cinc,a06,2,12,48.0,11,4,5,7,40.0,19.47565543071161,1.076646087541701,1.1615234609886746,0.754637834723095,0.7587665823103258,0.1860433434417985,0.875,0.25,9.0,0.027141004120581094,3.0,0.7756663337349892,0.9978752136230469,0.9768793810907199,production,do
cinc,a06,2,13,52.0,12,2,5,10,21.05263157894737,19.47565543071161,0.5536238912324443,3.779837574362414,0.7136769439349717,0.7515502417333065,0.1491978802261831,1.0,0.15384615384615385,7.0,0.056701395140364375,3.0,0.9053932896682194,0.995976984500885,0.9402479604695246,production,do
cinc,a06,2,14,56.0,11,3,3,8,35.294117647058826,19.47565543071161,0.6160455055162478,2.7637734016645155,0.7470626283563733,0.7490072789919373,0.15525299244769725,0.8,0.5,6.0,0.019287813076320073,3.0,0.835855965813001,0.9724493622779846,0.9573982761575188,production,do
cinc,a06,3,0,0.0,10,2,4,8,25.0,34.22053231939164,0.6840936207770124,4.544450330668246,0.721052848871314,0.6460195948204107,0.3362220839473206,0.8,0.36363636363636365,6.0,0.037042572956750404,3.0,0.9079393595457077,0.9610892534255981,0.9735283571668459,production,do
cinc,a06,3,1,4.0,10,3,4,7,35.294117647058826,34.22053231939164,0.6078031549837565,7.880147326966677,0.7256424757519172,0.6671673388424683,0.34376307218599966,0.6666666666666666,0.0,7.0,0.02702929700311244,3.0,0.7970250844955444,0.9768192172050476,0.9801494364208284,production,do
cinc,a06,3,2,8.0,10,4,3,6,47.05882352941177,34.22053231939164,0.6435417831304322,2.1796076652190104,0.7242425753946904,0.6773116104866003,0.2025836042662295,0.8333333333333334,0.4,7.0,0.012309562043192154,3.0,0.8869717504296984,0.9856527149677277,0.9611836227294778,production,do
cinc,a06,3,3,12.0,10,0,7,10,0.0,34.22053231939164,0.6715860727720194,5.899822187639868,0.7158948771042403,0.6812296744766971,0.21058936270430414,0.8333333333333334,0.6153846153846154,7.0,0.07159407702262124,3.0,0.7813418209552765,0.9373821020126343,0.9216432693589636,production,do
cinc,a06,3,4,16.0,10,2,6,8,22.22222222222222,34.22053231939164,0.7935783695727239,5.719934258274581,0.7301086346051205,0.6510021852528107,0.28438580169841393,0.7142857142857143,0.5333333333333333,8.0,0.040401273336327134,3.0,0.8167110122740269,0.9667319655418396,0.9693423712420604,production,do
cinc,a06,3,5,20.0,10,4,2,6,50.0,34.22053231939164,0.8524248816390365,10.29031063698945,0.7385594464099136,0.6434651434383342,0.23745036570890915,0.8,0.2,6.0,0.02136973767233175,3.0,0.7987519353628159,0.9660841226577759,0.9774964205491231,production,do
cinc,a06,3,6,24.0,10,6,2,4,66.66666666666667,34.22053231939164,0.8652239624564261,10.076153754994762,0.743904995617565,0.6529079821188819,0.17680881178072833,1.0,0.5714285714285714,8.0,0.06421874471407879,3.0,0.8025360256433487,0.9711045026779175,0.8261549291997476,production,do
cinc,a06,3,7,28.0,11,4,3,7,44.44444444444444,34.22053231939164,0.7189957645600481,12.810330301542486,0.729519226190212,0.6621112755602467,0.10473852202477725,0.8333333333333334,0.8333333333333334,7.0,0.03165330776342511,3.0,0.8952654089246478,0.9766508936882019,0.9037973800028335,production,do
cinc,a06,3,8,32.0,11,1,4,10,12.5,34.22053231939164,0.6491392299825305,15.842724687188742,0.7232125668950138,0.6480232400099111,0.3263627107557024,0.75,0.8,5.0,0.017405270638602123,3.0,0.8230228841304779,0.9716097116470337,0.9613118698231422,production,do
cinc,a06,3,9,36.0,11,4,4,7,42.10526315789474,34.22053231939164,0.6743303178991441,10.834655276416587,0.7138749125794703,0.6669565112137105,0.14175269193129408,1.0,0.46153846153846156,8.0,0.059380900149182424,3.0,0.8146309293806553,0.9761571884155273,0.6127062996507249,production,do
cinc,a06,3,10,40.0,12,2,5,10,21.05263157894737,34.22053231939164,0.7433451274563825,19.789901800190115,0.7292784809559105,0.6619872630521354,0.10969934771384696,1.0,0.2222222222222222,7.0,0.06882667536396711,3.0,0.8330800873892648,0.9466491937637329,0.8953975555919151,production,do
cinc,a06,3,11,44.0,11,4,2,7,47.05882352941177,34.22053231939164,0.7100273340203085,14.647017491257934,0.7224571003138306,0.6456904699444485,0.1486138912923991,0.8,0.5454545454545454,6.0,0.036518812154802106,3.0,0.8790157834688822,0.9787379801273346,0.9624038483174495,production,do
cinc,a06,3,12,48.0,11,2,5,9,22.22222222222222,34.22053231939164,0.7175753833108702,9.835594887359608,0.7227518696905274,0.6624921011283259,0.045063258976802155,1.0,0.8571428571428571,7.0,0.0355104831784342,3.0,0.8140632935932705,0.9428048729896545,0.07537459120746803,production,vang
cinc,a06,3,13,52.0,12,4,3,8,42.10526315789474,34.22053231939164,0.7601101585068626,11.313844528473787,0.721621601036721,0.6439581377945189,0.17041612311442944,0.8333333333333334,0.5,7.0,0.04922906865849203,3.0,0.8121633636099952,0.9433517456054688,0.941345730037198,production,do
cinc,a06,3,14,56.0,11,3,4,8,33.333333333333336,34.22053231939164,0.6313465213366309,3.6681264783234955,0.7374621899800445,0.6388264272197348,0.21550564608640307,1.0,0.18181818181818182,7.0,0.06784022536777963,3.0,0.6752819546631404,0.773370772600174,0.964374626071558,production,do
cinc,a07,0,0,0.0,8,4,3,4,53.333333333333336,84.8249027237354,0.5786388290097212,1.6206094376343971,0.735628980324935,0.6984083343060066,0.3104881805739783,0.6666666666666666,0.42857142857142855,7.0,0.07408657405089061,3.0,0.7724512900624957,0.9788147807121277,0.9712313017985515,production,do
cinc,a07,0,1,4.0,9,7,2,2,77.77777777777777,84.8249027237354,0.5931997657464685,3.1250594655706827,0.7320953672543672,0.6571176772380776,0.10585196113260927,1.0,0.6153846153846154,9.0,0.03840423382897426,3.0,0.9472767412662506,0.9976003766059875,0.4527256553161462,production,vang
cinc,a07,0,2,8.0,9,5,3,4,58.8235294117647,84.8249027237354,0.5871181741117247,2.0863646822677806,0.7320368065841052,0.5848113188684763,0.2965159264985744,0.7142857142857143,0.375,8.0,0.027853350658643614,3.0,0.9095088914036751,0.9979482293128967,0.559318572835981,production,do
cinc,a07,0,3,12.0,8,7,0,1,93.33333333333333,84.8249027237354,0.5831574664515808,6.521882651682581,0.6999997379979201,0.6755774025369052,0.27920969364800363,0.8333333333333334,0.2,7.0,0.06610596770116535,3.0,0.9617038539477757,0.9978658556938171,0.6270132212873339,production,do
cinc,a07,0,4,16.0,9,7,2,2,77.77777777777777,84.8249027237354,0.5206514473238534,23.494842940796346,0.6826526846364828,0.5942588434490742,0.23446484459806197,0.75,0.2,9.0,0.052727776018421914,3.0,0.9127892057100931,0.9979246854782104,0.6143441102319589,production,do
cinc,a07,0,5,20.0,9,9,0,0,100.0,84.8249027237354,0.8537121236899333,6.0488764212391,0.7631638411299383,0.5864368286627666,0.026573807275773804,1.0,0.7777777777777778,9.0,0.17642657445334808,3.0,0.9924017786979675,0.9983456134796143,0.2083895033145393,production,vang
cinc,a07,0,6,24.0,9,9,0,0,100.0,84.8249027237354,0.8630653186399047,6.298367259023124,0.7559188433545279,0.6032197813713855,0.03180667743727411,1.0,0.9411764705882353,9.0,0.16016110890739418,3.0,0.9966547588507334,0.9981377124786377,0.028843989877635614,production,xanh
cinc,a07,0,7,28.0,8,7,1,1,87.5,84.8249027237354,0.7830791610859182,6.647763506231655,0.7620733858174179,0.5785087718274319,0.06113517912714306,1.0,0.4,8.0,0.057393545493625735,3.0,0.9676986113190651,0.997448205947876,0.1893090016696573,production,vang
cinc,a07,0,8,32.0,9,7,2,2,77.77777777777777,84.8249027237354,0.6173347657327345,2.881447073960657,0.7414109183785227,0.5496478396344759,0.2123826334202763,1.0,0.0,9.0,0.061443338043677104,3.0,0.9585894280009799,0.99721959233284,0.30612693053487156,production,vang
cinc,a07,0,9,36.0,9,9,0,0,100.0,84.8249027237354,0.6325806702535544,10.545745364736787,0.7496256723169628,0.5808956901121902,0.026401808523180165,1.0,0.3333333333333333,9.0,0.06559513013508499,3.0,0.9766812357637618,0.9981062412261963,0.004320407554189218,production,xanh
cinc,a07,0,10,40.0,8,8,0,0,100.0,84.8249027237354,0.7061917451240814,5.782408851456662,0.7586451035208511,0.5272164267431287,0.01898923547058588,1.0,0.7058823529411765,8.0,0.06624325029810556,3.0,0.997077964246273,0.9985038638114929,0.019441533981282316,production,xanh
cinc,a07,0,11,44.0,9,9,0,0,100.0,84.8249027237354,0.77470127791987,7.710774183133646,0.7748885125087099,0.5506577619668113,0.02524632762233107,1.0,0.6666666666666666,9.0,0.08949442860688547,3.0,0.9849124120341407,0.9983781576156616,0.13419985469795376,production,vang
cinc,a07,0,12,48.0,9,6,3,3,66.66666666666667,84.8249027237354,0.5538866963829193,3.1819129471835224,0.7353578108943367,0.5661410316169915,0.169177213827064,1.0,0.26666666666666666,9.0,0.03723291189229198,3.0,0.897238701581955,0.9979297518730164,0.5528922261117517,production,do
cinc,a07,0,13,52.0,8,6,2,2,75.0,84.8249027237354,0.8057311101537625,1.5652371254229696,0.7462387827880124,0.586508818315287,0.10547180657872018,1.0,0.35294117647058826,8.0,0.029738249817791936,3.0,0.9592311903834343,0.9972414970397949,0.6833198148407926,production,do
cinc,a07,0,14,56.0,9,9,0,0,100.0,84.8249027237354,0.7899726037205506,2.9069266610990434,0.7496453578305162,0.578290489071434,0.048440062635015636,1.0,0.14285714285714285,9.0,0.03555822001832797,3.0,0.9345481627517276,0.9976457953453064,0.17729341172539484,production,vang
cinc,a07,1,0,0.0,8,2,6,6,25.0,29.824561403508774,0.7644557310062146,1.618335189242437,0.7644572086162997,0.6215702523835481,0.21833895478589527,0.7142857142857143,0.0,8.0,0.07214950534309567,3.0,0.9170210435986519,0.9814639687538147,0.9207643569313916,production,do
cinc,a07,1,1,4.0,9,3,4,6,37.5,29.824561403508774,0.6429609530617181,4.758416137504742,0.7523113503820804,0.643275845935867,0.40286351591684216,0.8333333333333334,0.0,7.0,0.05262761225322097,3.0,0.8224724403449467,0.9495960474014282,0.9702293136696956,production,do
cinc,a07,1,2,8.0,9,1,7,8,11.764705882352942,29.824561403508774,0.4815649368000315,6.635242747400849,0.7519464748735303,0.6375270831439287,0.2500401395880218,1.0,0.0,8.0,0.025729635171211393,3.0,0.7322403118014336,0.9946073889732361,0.9106575491617154,production,do
cinc,a07,1,3,12.0,8,1,5,7,14.285714285714286,29.824561403508774,0.5741852728290774,11.95304212533769,0.7435322348509438,0.6312142316679387,0.44134271737572733,0.8,0.0,6.0,0.04397989279913899,2.0,0.8814485967159271,0.987947404384613,0.9670517415773109,production,do
cinc,a07,1,4,16.0,9,0,6,9,0.0,29.824561403508774,0.5064472042486695,2.9979142082658017,0.744369212515209,0.6725378976130529,0.240379958451773,0.6,0.0,6.0,0.008383433457169612,3.0,0.6790945554773012,0.860558807849884,0.9780456153265764,production,do
cinc,a07,1,5,20.0,9,7,1,2,82.3529411764706,29.824561403508774,1.029052925167708,6.270391793225238,0.7565600851761668,0.6040822828058329,0.28668161739635595,0.8571428571428571,0.36363636363636365,8.0,0.06489379656806862,3.0,0.7238882016390562,0.8756179213523865,0.9706528029772488,production,do
cinc,a07,1,6,24.0,9,3,0,6,50.0,29.824561403508774,1.0376222325067466,4.620953022530297,0.7416311352793287,0.5970011831018742,0.1396786155746974,0.0,0.4444444444444444,3.0,0.10981163749424347,3.0,0.8367641766866049,0.8765737414360046,0.9757344771157559,production,do
cinc,a07,1,7,28.0,8,1,5,7,14.285714285714286,29.824561403508774,0.942139708061547,6.853465865938448,0.7585479056707654,0.609538393527031,0.23630932021884365,0.6,0.4,6.0,0.07254440008921148,3.0,0.6230738821129004,0.8445677161216736,0.9428922436756761,production,do
cinc,a07,1,8,32.0,9,1,4,8,14.285714285714286,29.824561403508774,0.5314584142519738,3.660622072629173,0.7310566778242786,0.6279955652762425,0.4716821127155206,0.5,0.25,5.0,0.008887044864109893,3.0,0.8673966586589813,0.9875317215919495,0.9738794823061349,production,do
cinc,a07,1,9,36.0,9,4,4,5,47.05882352941177,29.824561403508774,0.5658329673213969,10.003610063776607,0.7453797572032775,0.6054352432426277,0.23189126188996742,1.0,0.5714285714285714,8.0,0.06368402433154667,3.0,0.7324887681752443,0.9385280013084412,0.8486321345595507,production,do
cinc,a07,1,10,40.0,8,2,1,6,36.36363636363637,29.824561403508774,0.8919223713361222,9.189009976717802,0.7397165471525777,0.5790322948751949,0.18210862619779214,0.5,0.5714285714285714,3.0,0.03975433902491438,3.0,0.8817218939463297,0.932441920042038,0.9673822666350009,production,do
cinc,a07,1,11,44.0,9,3,5,6,35.294117647058826,29.824561403508774,0.9300977977003445,5.49026827205641,0.725010110562623,0.5915328981932303,0.23164645568832481,1.0,0.46153846153846156,8.0,0.07131272756171497,3.0,0.825300931930542,0.9945185482501984,0.9079638907674588,production,do
cinc,a07,1,12,48.0,9,3,4,6,37.5,29.824561403508774,0.5326483265338692,8.236304002058878,0.7436264265974166,0.6337932503106006,0.1416174053446886,0.8333333333333334,0.2,7.0,0.043957488258186565,3.0,0.9123647553580148,0.9947739541530609,0.9454045060938677,production,do
cinc,a07,1,13,52.0,8,0,8,8,0.0,29.824561403508774,0.7539083952939245,2.5123968045072145,0.7377583833089246,0.6315809966091578,0.15706175097896066,1.0,0.14285714285714285,8.0,0.043904864624654164,3.0,0.8099367804825306,0.9788555204868317,0.963170227214867,production,do
cinc,a07,1,14,56.0,9,3,4,6,37.5,29.824561403508774,0.7737412723838053,3.1477249599443997,0.7399984243918706,0.6211549853151406,0.4266431350091438,0.6666666666666666,0.16666666666666666,7.0,0.03723409181710724,3.0,0.8294114683355603,0.911053478717804,0.9828053473116913,production,do
cinc,a07,2,0,0.0,8,1,5,7,14.285714285714286,16.239316239316235,0.8601469926117715,9.13822788010327,0.7268240831325087,0.6941499595047633,0.05968630110362659,0.8,0.4,6.0,0.07885712797877717,4.0,0.918838565548261,0.9948346316814423,0.31787996908559063,production,vang
cinc,a07,2,1,4.0,9,1,5,8,13.333333333333334,16.239316239316235,0.9210165347126335,9.04285005253912,0.7533728082508018,0.6957736204272534,0.013320010437372493,1.0,0.8,6.0,0.053901811085785074,3.0,0.9248045682907104,0.9872286319732666,0.14916233313941193,production,vang
cinc,a07,2,2,8.0,9,0,6,9,0.0,16.239316239316235,0.9124228496458203,7.318655496893605,0.7278221726796444,0.6888749449014939,0.027793125816981613,1.0,0.9090909090909091,6.0,0.09620807920397759,3.0,0.9882621963818868,0.9960177540779114,0.33371914587404566,production,vang
cinc,a07,2,3,12.0,8,0,6,8,0.0,16.239316239316235,0.7540888961919116,5.398555387571623,0.7533957274269988,0.7040477106345607,0.13739003726829835,1.0,0.36363636363636365,7.0,0.08142969549088776,3.0,0.9208493956497737,0.9937919974327087,0.9562368275510544,production,do
cinc,a07,2,4,16.0,9,2,6,7,23.529411764705884,16.239316239316235,0.8066028580570995,1.3631964766046378,0.7517856257835163,0.7172682140729105,0.19174136294476155,1.0,0.0,7.0,0.0908993539899874,3.0,0.8535922127110618,0.9894331395626068,0.9703653462209288,production,do
cinc,a07,2,5,20.0,9,2,5,7,25.0,16.239316239316235,0.9094836968923572,4.409336226314945,0.7659464551587694,0.7228882209421787,0.3353937579985096,0.6666666666666666,0.4,7.0,0.05357783957546829,3.0,0.8056858692850385,0.9963466227054596,0.924715525166721,production,do
cinc,a07,2,6,24.0,9,0,8,9,0.0,16.239316239316235,0.5595080377003632,27.579015980912633,0.7292759762098825,0.7203099302032413,0.2560044366894515,0.8571428571428571,0.0,8.0,0.04278587804022076,3.0,0.8144332338124514,0.9828906655311584,0.9478638664118468,production,do
cinc,a07,2,7,28.0,8,1,6,7,13.333333333333334,16.239316239316235,0.8997044482425394,2.537328612952507,0.7589915079375275,0.6621396804132276,0.2629336720616453,0.8333333333333334,0.42857142857142855,7.0,0.03235848572943229,3.0,0.9164648524352482,0.9975618422031403,0.9452090855510656,production,do
cinc,a07,2,8,32.0,9,4,4,5,47.05882352941177,16.239316239316235,0.8019416369838446,2.3472011646731925,0.7537241520155554,0.7148318747058507,0.1651318910961319,1.0,0.4,8.0,0.0346982061991278,3.0,0.8358814306557178,0.9934426546096802,0.9544178536877703,production,do
cinc,a07,2,9,36.0,9,2,5,7,25.0,16.239316239316235,0.7486835991051427,1.7759935545728007,0.7273443870797621,0.7598121388351093,0.30295634873469546,0.8333333333333334,0.42857142857142855,7.0,0.052796888264781835,3.0,0.7984005723680768,0.9923281669616699,0.9786305784100833,production,do
cinc,a07,2,10,40.0,8,2,5,6,26.666666666666668,16.239316239316235,0.7774005691316254,1.9967811289289932,0.7542505948553017,0.7090489144174397,0.3387143187151454,0.6666666666666666,0.3333333333333333,7.0,0.07532777502133917,3.0,0.8969900395189013,0.9955222606658936,0.9644699728464379,production,do
cinc,a07,2,11,44.0,9,2,5,7,25.0,16.239316239316235,0.5893978571396898,25.636930307509385,0.7513734872631941,0.7375422381034792,0.43876125753706474,0.8333333333333334,0.0,7.0,0.012269954225050318,3.0,0.7532240876129696,0.9792312383651733,0.9639320808947391,production,do
cinc,a07,2,12,48.0,9,2,5,7,25.0,16.239316239316235,0.9511232071962256,4.2687981662654435,0.7517474075415758,0.6997439483966392,0.16908743322513667,0.8333333333333334,0.6666666666666666,7.0,0.07230644349990438,3.0,0.8726626911333629,0.9947426319122314,0.9802783669089337,production,do
cinc,a07,2,13,52.0,8,0,8,8,0.0,16.239316239316235,1.0416643346837207,2.2094799635746476,0.7619636790396987,0.6914049155604828,0.15494255695349407,1.0,0.8,8.0,0.07170455416567265,3.0,0.910751212388277,0.9864515066146851,0.9491270854202665,production,do
cinc,a07,2,14,56.0,9,0,6,9,0.0,16.239316239316235,0.7934515703947783,10.25979550685073,0.7389909853731742,0.6693918936875022,0.10419202962173238,1.0,0.4444444444444444,6.0,0.08629328189588027,3.0,0.9254373162984848,0.9920488893985748,0.8735465629315364,production,do
cinc,a07,3,0,0.0,8,3,4,5,40.0,36.1344537815126,0.7401060690066336,2.6698945813358677,0.7098288600938322,0.6099772384571727,0.16531609028752972,1.0,0.5454545454545454,7.0,0.06665134948114318,3.0,0.6638741450650352,0.9467008113861084,0.9524626610422382,production,do
cinc,a07,3,1,4.0,9,5,2,4,62.5,36.1344537815126,0.7869768990947626,2.3461229253050666,0.7555362617982873,0.6000313983429053,0.37823200213680724,0.6666666666666666,0.5714285714285714,7.0,0.048528951967845985,3.0,0.8590239116123745,0.9739813208580017,0.9670314280306874,production,do
cinc,a07,3,2,8.0,9,1,6,8,12.5,36.1344537815126,0.6704848398050497,1.2691347814877192,0.7228723976885695,0.6240907488670003,0.14220778331414918,1.0,0.15384615384615385,7.0,0.04368866923859763,3.0,0.7921230133090701,0.9916868805885315,0.9515389396951297,production,do
cinc,a07,3,3,12.0,8,3,5,5,37.5,36.1344537815126,0.7447678497820105,5.288392862540023,0.7456150953075255,0.6209853791875591,0.29654462511531904,0.7142857142857143,0.18181818181818182,8.0,0.033487420451982955,3.0,0.7984487656503916,0.9512892365455627,0.9723621773504546,production,do
cinc,a07,3,4,16.0,9,1,4,8,14.285714285714286,36.1344537815126,0.6490614104225414,1.4722839603697935,0.7281567227196406,0.6434695020883451,0.3209733016036825,0.75,0.0,5.0,0.019672622632934116,3.0,0.802707639336586,0.9535182118415833,0.9805116679068258,production,do
cinc,a07,3,5,20.0,9,4,4,5,47.05882352941177,36.1344537815126,0.6462156301886527,2.993087524812248,0.7470786409924843,0.6213812670743568,0.3120612149539809,0.7142857142857143,0.46153846153846156,8.0,0.05607834765855436,3.0,0.7893298752605915,0.9795962572097778,0.9306999256678724,production,do
cinc,a07,3,6,24.0,9,5,1,4,66.66666666666667,36.1344537815126,0.9010789846448761,2.903625840809134,0.74321584781375,0.5842634789829003,0.8449634624078989,0.8,0.4,6.0,0.11513014487293749,3.0,0.7547876586516699,0.9551610946655273,0.9718933205467173,production,do
cinc,a07,3,7,28.0,8,3,2,5,46.15384615384615,36.1344537815126,0.8766581635760854,7.008232111518142,0.7541853260098202,0.5796135308791376,0.5040306811774704,0.75,0.3333333333333333,5.0,0.127265958947553,3.0,0.7389064431190491,0.9462283849716187,0.9599794330559599,production,do
cinc,a07,3,8,32.0,9,5,2,4,62.5,36.1344537815126,0.6043619963187713,3.8257404660989582,0.7421872969433383,0.5709372630326549,0.2454635225963808,0.6666666666666666,0.5333333333333333,7.0,0.12860278285208104,3.0,0.8291253915854863,0.9836925268173218,0.9586891513519025,production,do
cinc,a07,3,9,36.0,9,1,7,8,11.764705882352942,36.1344537815126,0.7917344167984468,1.3098537502215297,0.7314275258921065,0.6346481667371876,0.24303935592127002,0.8571428571428571,0.2857142857142857,8.0,0.030776185114732395,3.0,0.7808926738798618,0.9216443300247192,0.9708429643048953,production,do
cinc,a07,3,10,40.0,8,3,6,5,35.294117647058826,36.1344537815126,0.5853838647349482,3.508423235237058,0.7290066866907892,0.5670838215241393,0.198513408606722,1.0,0.5,9.0,0.027967993447607236,3.0,0.7511494523949094,0.9519383013248444,0.8797604024389063,production,do
cinc,a07,3,11,44.0,9,0,8,9,0.0,36.1344537815126,0.6926855213485698,3.399376382670928,0.7307465585960838,0.6261693475542407,0.44762705364277716,0.7142857142857143,0.2,8.0,0.01909662291685513,3.0,0.8609183952212334,0.991897314786911,0.9704263479131545,production,do
cinc,a07,3,12,48.0,9,5,3,4,58.8235294117647,36.1344537815126,0.7922210234523952,2.7122008938914224,0.7541810193812349,0.5885629040853073,0.2689456753520828,0.8571428571428571,0.75,8.0,0.10528653119943397,3.0,0.9035371169447899,0.9959206581115723,0.8754162237302229,production,do
cinc,a07,3,13,52.0,8,2,6,6,25.0,36.1344537815126,0.7644950979466366,1.4331374658382865,0.7196905648456141,0.6537365107663131,0.26076913750690706,1.0,0.42857142857142855,8.0,0.05807033633567265,3.0,0.8702798597514629,0.9960373044013977,0.9210898170690403,production,do
cinc,a07,3,14,56.0,9,2,5,7,25.0,36.1344537815126,0.7698933711888208,3.9111013999695734,0.7483577660658275,0.5613157959860204,0.26461630795474644,0.8333333333333334,0.5714285714285714,7.0,0.0673238338791922,3.0,0.7773880277361188,0.9907386302947998,0.9652660295234442,production,do
cinc,a08,0,0,0.0,9,9,0,0,100.0,100.0,0.6234672599219555,21.956404468014835,0.7519839812111531,0.430724778233438,0.008525514428761207,1.0,0.0,9.0,0.10034319395667206,3.0,0.9988841248883141,0.999638706445694,0.0031978301905709835,production,xanh
cinc,a08,0,1,4.0,8,8,0,0,100.0,100.0,0.8530977270894694,9.220559970236692,0.7436395460807458,0.40433232501909117,0.004319328697169824,1.0,1.0,8.0,0.17926141120869155,3.0,0.9986069686710835,0.9993433356285095,0.0003041948270226739,production,xanh
cinc,a08,0,2,8.0,9,9,0,0,100.0,100.0,0.8349213139384472,7.916164514083006,0.7560338992687813,0.4343704438712632,0.011922407629160772,1.0,1.0,9.0,0.09297409933310269,3.0,0.9961642324924469,0.9995672106742859,0.0225736905116661,production,xanh
cinc,a08,0,3,12.0,8,8,0,0,100.0,100.0,0.8179949365709847,9.209504140484853,0.7389960743185217,0.43821545672725876,0.005895282172750956,1.0,1.0,8.0,0.14584094378623805,3.0,0.9988672062754631,0.9992819428443909,0.0014677473461649957,production,xanh
cinc,a08,0,4,16.0,9,9,0,0,100.0,100.0,0.8158910425349502,7.550564178505555,0.7552756994498744,0.4237945489688837,0.006982367979680855,1.0,1.0,9.0,0.12202638579020086,3.0,0.9986684388584561,0.9992828965187073,0.0008675447313376023,production,xanh
cinc,a08,0,5,20.0,8,8,0,0,100.0,100.0,0.8330296494639997,9.378345159160725,0.7389130345461226,0.3702743197004528,0.006048658972220883,1.0,1.0,8.0,0.19298067928356555,3.0,0.9989709183573723,0.9994202852249146,0.004850535210567711,production,xanh
cinc,a08,0,6,24.0,8,8,0,0,100.0,100.0,0.8326254025037916,8.66474899292222,0.7495107262662276,0.3833703812816235,0.007008355642828174,1.0,1.0,8.0,0.10589595350150562,3.0,0.9979369714856148,0.9991875290870667,0.0002557228037432232,production,xanh
cinc,a08,0,7,28.0,9,9,0,0,100.0,100.0,0.8100631901430543,8.264759784461651,0.7471192426255239,0.4067500208340588,0.004219409282691524,1.0,1.0,9.0,0.17680586026619538,3.0,0.9986735549237993,0.9995836615562439,0.0005642044913206746,production,xanh
cinc,a08,0,8,32.0,8,8,0,0,100.0,100.0,0.6869057541887019,19.747334836606033,0.7082241848534907,0.3562610154804953,0.004209114963706372,1.0,0.2222222222222222,8.0,0.10024397401888607,3.0,0.9978752806782722,0.9994026720523834,0.0009061607481465984,production,xanh
cinc,a08,0,9,36.0,9,9,0,0,100.0,100.0,0.8246344292703878,7.451991898610297,0.7522687152792625,0.3906762811517805,0.005641260791170422,1.0,1.0,9.0,0.13874053297734099,3.0,0.9989252852069007,0.9996176958084106,0.0004257937347911131,production,xanh
cinc,a08,0,10,40.0,8,8,0,0,100.0,100.0,0.909440667192727,8.963429138465973,0.7475535276703492,0.37255887456168457,0.004529851557828077,1.0,1.0,8.0,0.1599781054722299,3.0,0.9988466985523701,0.999305009841919,0.00023292723607050046,production,xanh
cinc,a08,0,11,44.0,9,9,0,0,100.0,100.0,0.8586436788844888,7.433591328620011,0.7611030633256537,0.40297569036041325,0.002823640673488697,1.0,1.0,9.0,0.14001271892261574,3.0,0.998837583594852,0.9993669390678406,0.0001891466614360483,production,xanh
cinc,a08,0,12,48.0,9,9,0,0,100.0,100.0,0.6746827907549616,44.34480671878413,0.7542365576542088,0.38773581313446703,0.004291845493553026,1.0,1.0,9.0,0.11564386798321966,3.0,0.9978153440687392,0.9993137121200562,8.55254327047189e-05,production,xanh
cinc,a08,0,13,52.0,8,8,0,0,100.0,100.0,0.6976406775263496,33.53528479472275,0.7551298024634628,0.3653456816357899,0.006203186756182349,1.0,0.9411764705882353,8.0,0.15132929938500062,3.0,0.9989990144968033,0.999343067407608,0.00010097068093663143,production,xanh
cinc,a08,0,14,56.0,9,9,0,0,100.0,100.0,0.8431169432741662,8.077246831267063,0.7622043003226884,0.4003193469983645,0.00832899644343888,1.0,1.0,9.0,0.1600434465110865,3.0,0.9982113937536875,0.9991647899150848,0.00016107812920545408,production,xanh
cinc,a08,1,0,0.0,9,9,0,0,100.0,100.0,0.9256182418170448,3.5331571003002127,0.7333472388386908,0.29909218094474616,0.005689787765718071,1.0,0.7058823529411765,9.0,0.06836439248936903,3.0,0.9988665812545352,0.9994118213653564,0.0027495521576005196,production,xanh
cinc,a08,1,1,4.0,8,8,0,0,100.0,100.0,1.027984390929004,4.65627362039659,0.7448630330982748,0.3383197229231096,0.006365817120576341,1.0,0.7142857142857143,8.0,0.062479362478419294,3.0,0.9987053908407688,0.9991738200187683,0.0005296596205451062,production,xanh
cinc,a08,1,2,8.0,9,9,0,0,100.0,100.0,1.0428870642286707,6.775641598891047,0.7456138233875279,0.40886441640119686,0.00829332622312443,1.0,0.7142857142857143,9.0,0.07030691654182651,3.0,0.9984250797165765,0.9991936087608337,0.0005296596205451062,production,xanh
cinc,a08,1,3,12.0,8,8,0,0,100.0,100.0,0.8465656741129386,12.906564609415653,0.7546392028604841,0.06693376752875778,0.009776219500143008,1.0,0.4,8.0,0.12245825870944443,3.0,0.9986502900719643,0.9992054104804993,0.00014055126603880434,production,xanh
cinc,a08,1,4,16.0,9,9,0,0,100.0,100.0,1.0236069808969526,8.377842578047124,0.7625157405226061,0.32250445839592434,0.00557000276012426,1.0,0.5333333333333333,9.0,0.0659018839084676,3.0,0.9989041288693746,0.9994571805000305,0.003234856057502846,production,xanh
cinc,a08,1,5,20.0,8,8,0,0,100.0,100.0,0.9745116862819202,3.9513640527918295,0.7320170397832207,0.38740345322463143,0.006048658972220883,1.0,0.7142857142857143,8.0,0.12412881990119574,3.0,0.9988089613616467,0.9991509914398193,0.0006229286908561137,production,xanh
cinc,a08,1,6,24.0,8,8,0,0,100.0,100.0,0.9452422595124197,18.16827349538841,0.751502414269968,0.3755043677060033,0.005375163407440117,1.0,0.0,8.0,0.016325717979742912,4.0,0.9982856065034866,0.9993175268173218,6.48114234391958e-05,production,xanh
cinc,a08,1,7,28.0,9,9,0,0,100.0,100.0,0.9673611006522794,2.829805721708296,0.7249107159195018,0.330552242587816,0.009434885980991842,1.0,0.625,9.0,0.07427681845276234,3.0,0.998358839088016,0.9993009567260742,0.0011942777285551473,production,xanh
cinc,a08,1,8,32.0,8,8,0,0,100.0,100.0,0.955043070915704,5.36458386985014,0.7387372715564171,0.10367393036668193,0.005945363453344557,1.0,0.7142857142857143,8.0,0.11925539800334649,3.0,0.9988100230693817,0.9991208910942078,0.000808459145850415,production,xanh
cinc,a08,1,9,36.0,9,9,0,0,100.0,100.0,0.851270702495342,10.430576247204268,0.7617786997950183,0.2601719828103697,0.005641260791170422,1.0,0.5714285714285714,9.0,0.11658020393174737,3.0,0.9982369972599877,0.9992040991783142,8.23647361990672e-05,production,xanh
cinc,a08,1,10,40.0,8,8,0,0,100.0,100.0,1.0688562388295475,4.013453525424441,0.7653777688902207,0.4511882725243597,0.004529851557828077,1.0,0.8,8.0,0.11739865613647513,3.0,0.9988509863615036,0.9992068707942963,0.006356101495394637,production,xanh
cinc,a08,1,11,44.0,9,9,0,0,100.0,100.0,1.1376789492242865,3.157180916201842,0.7572022254762879,0.2509486561487228,0.006043647702436174,1.0,0.375,9.0,0.03574943993006956,3.0,0.9987325204743279,0.9991294741630554,0.0004727419214927803,production,xanh
cinc,a08,1,12,48.0,9,9,0,0,100.0,100.0,0.97181615405238,9.141732063113444,0.7559558764994069,0.5878133775617158,0.006069586104592539,1.0,0.6666666666666666,9.0,0.07389115497353074,3.0,0.996516787343555,0.9993346333503723,0.028915479301356288,production,xanh
cinc,a08,1,13,52.0,8,8,0,0,100.0,100.0,0.9459624042329118,4.812820867490076,0.7698894921782621,0.4865529233712403,0.006203186756182349,1.0,1.0,8.0,0.11136116684476252,3.0,0.9988622739911079,0.9992877840995789,0.0012731520096013933,production,xanh
cinc,a08,1,14,56.0,9,9,0,0,100.0,100.0,1.027317670574099,5.214436599439333,0.7571360374943005,0.3309942185306723,0.005689787765718071,1.0,0.625,9.0,0.08043280844576821,3.0,0.9986627532376183,0.9992952048778534,0.00045183614134805793,production,xanh
cinc,a08,2,0,0.0,9,9,0,0,100.0,100.0,0.562824260366944,8.729997440981242,0.7182931671904722,0.39079387177345487,0.007132526430856464,1.0,0.7777777777777778,9.0,0.1282235311558871,4.0,0.9989702271090614,0.9995423555374146,0.001220358387112435,production,xanh
cinc,a08,2,1,4.0,8,8,0,0,100.0,100.0,0.7929981163916964,9.542405232279593,0.7451764024803689,0.5397999139101688,0.006357879692745216,1.0,1.0,8.0,0.1590320527126691,3.0,0.9990621656179428,0.9996248483657837,0.00090846259886767,production,xanh
cinc,a08,2,2,8.0,9,9,0,0,100.0,100.0,0.6850533602095443,11.66054424391747,0.7158553412792383,0.6017400927713915,0.00829332622312443,1.0,0.8,9.0,0.2016272112874918,3.0,0.9989562100834317,0.9996709823608398,0.003206421038340303,production,xanh
cinc,a08,2,3,12.0,8,8,0,0,100.0,100.0,0.809162460566187,7.567147571617298,0.7409425873533452,0.592580051350481,0.002944098248531284,1.0,0.75,8.0,0.17052854091168487,3.0,0.9988473579287529,0.9997074007987976,0.009828012500760385,production,xanh
cinc,a08,2,4,16.0,9,9,0,0,100.0,100.0,0.7368797267157194,10.865434456586891,0.7722770098789462,0.5474366778413297,0.006982367979680855,1.0,1.0,9.0,0.15984799215737636,3.0,0.9993245270517137,0.9995711445808411,0.00019296537998935703,production,xanh
cinc,a08,2,5,20.0,8,8,0,0,100.0,100.0,0.7117787253299905,9.672343840549646,0.7357832386864679,0.5751236982639855,0.004109254584971016,1.0,1.0,8.0,0.22686833333250264,3.0,0.9992560930550098,0.9995805621147156,0.0037866223732407347,production,xanh
cinc,a08,2,6,24.0,8,8,0,0,100.0,100.0,0.744858767206721,7.936858981170046,0.7625820225806549,0.6587977507432965,0.005375163407440117,1.0,0.875,8.0,0.20047528024596084,3.0,0.9990612789988518,0.9996379613876343,0.017829622066869878,production,xanh
cinc,a08,2,7,28.0,9,9,0,0,100.0,100.0,0.7494302370688759,7.192486055947388,0.7592970598425528,0.6039972623302162,0.004219409282691524,1.0,0.7777777777777778,9.0,0.24357644679828355,3.0,0.9992186062865787,0.9996448755264282,0.007828974919017389,production,xanh
cinc,a08,2,8,32.0,8,8,0,0,100.0,100.0,0.7494109284295533,12.895579287640228,0.7341802421452542,0.4934701150144951,0.004209114963706372,1.0,1.0,8.0,0.1641817663602845,3.0,0.9987496621906757,0.9994945526123047,0.00020313332668526224,production,xanh
cinc,a08,2,9,36.0,9,9,0,0,100.0,100.0,0.6943220387330696,6.467015678648755,0.7560283411331538,0.6160910567734844,0.005641260791170422,1.0,0.7777777777777778,9.0,0.2058531291858793,3.0,0.9992970824241638,0.9996758103370667,0.007476604844091749,production,xanh
cinc,a08,2,10,40.0,8,8,0,0,100.0,100.0,0.7372846898518663,9.64449991015036,0.7611140048483025,0.527362181761335,0.004529851557828077,1.0,0.875,8.0,0.19179497195391415,3.0,0.9992912076413631,0.9995064735412598,0.016677094543534797,production,xanh
cinc,a08,2,11,44.0,9,9,0,0,100.0,100.0,0.8107855029034852,11.33399743673663,0.7649542376862948,0.6123971347165765,0.005118283375989805,1.0,1.0,9.0,0.11752611450363952,3.0,0.9992338617642721,0.9995251893997192,0.00017727177851542336,production,xanh
cinc,a08,2,12,48.0,9,9,0,0,100.0,100.0,0.7929799980528976,8.278887810369403,0.7545641671072723,0.6009809035964656,0.004291845493553026,1.0,0.8235294117647058,9.0,0.1730602201260451,3.0,0.9989404214753045,0.9994418919086456,0.006259607046703611,production,xanh
cinc,a08,2,13,52.0,8,8,0,0,100.0,100.0,0.8588274668874505,8.457845453411887,0.7536752791925662,0.545200798601011,0.006203186756182349,1.0,1.0,8.0,0.13081318600798575,3.0,0.9991956651210785,0.9994920790195465,0.0011497688951112698,production,xanh
cinc,a08,2,14,56.0,9,9,0,0,100.0,100.0,0.7767061056331293,8.987729177864914,0.7687396113504236,0.6037685690602503,0.005689787765718071,1.0,0.8888888888888888,9.0,0.17299202611566095,3.0,0.9988690117994944,0.9994992017745972,0.006259607046703611,production,xanh
cinc,a08,3,0,0.0,9,9,0,0,100.0,100.0,0.3960545967368603,6.580436310312891,0.7376111649759381,0.5602625177753536,0.007132526430856464,1.0,0.4444444444444444,9.0,0.07138381367007922,3.0,0.9988659719626108,0.9996174871921539,0.0021358204981930945,production,xanh
cinc,a08,3,1,4.0,8,8,0,0,100.0,100.0,0.44085963457665445,7.322305178652837,0.733308801350382,0.580108710713314,0.006357879692745216,1.0,0.4,8.0,0.05762216701237924,3.0,0.9989018887281418,0.9993738532066345,0.0006350806809082608,production,xanh
cinc,a08,3,2,8.0,9,9,0,0,100.0,100.0,0.4809661496485845,7.416391580979544,0.7719717907737509,0.6710870616068257,0.011922407629160772,1.0,0.625,9.0,0.09671385020891585,3.0,0.997035927242703,0.9994866847991943,0.011251837718695212,production,xanh
cinc,a08,3,3,12.0,8,8,0,0,100.0,100.0,0.5077056950946988,7.110189898113182,0.7209601565645853,0.6345136421157814,0.0038053882793763214,1.0,0.875,8.0,0.08481524422527811,4.0,0.9988477490842342,0.999483585357666,0.0026870250892728886,production,xanh
cinc,a08,3,4,16.0,9,9,0,0,100.0,100.0,0.42766987064621814,6.712236371120552,0.7458192419455366,0.5723638294127179,0.00557000276012426,1.0,0.7777777777777778,9.0,0.17714923045695014,3.0,0.9992977546321021,0.9995747804641724,0.002457657703898191,production,xanh
cinc,a08,3,5,20.0,8,8,0,0,100.0,100.0,0.4277709519610665,7.390003931852231,0.7095168190314498,0.6159860606380253,0.006048658972220883,1.0,0.4,8.0,0.03815223341020468,3.0,0.9991893731057644,0.9995096921920776,0.00277520981887783,production,xanh
cinc,a08,3,6,24.0,8,8,0,0,100.0,100.0,0.48209239755566813,8.037347924010474,0.7566844589182892,0.6978535103277305,0.0044917855783506416,1.0,0.5333333333333333,8.0,0.11771113275977342,3.0,0.9990094862878323,0.9994877278804779,0.002026824280429929,production,xanh
cinc,a08,3,7,28.0,9,9,0,0,100.0,100.0,0.47452692935109064,7.399559538755579,0.7526531397027995,0.6804863739435696,0.004219409282691524,1.0,0.47058823529411764,9.0,0.16646409336351847,3.0,0.9991096092594994,0.999569833278656,0.00204920080099023,production,xanh
cinc,a08,3,8,32.0,8,8,0,0,100.0,100.0,0.4900460159216291,7.28496681168493,0.7492090015047864,0.6347941113850296,0.004209114963706372,1.0,0.625,8.0,0.20885222461030584,3.0,0.9946492053568363,0.9995286464691162,0.05953417478196538,production,vang
cinc,a08,3,9,36.0,9,9,0,0,100.0,100.0,0.44990276500939685,6.5414055358846,0.7406669854111392,0.6208865055318961,0.005641260791170422,1.0,0.7777777777777778,9.0,0.12880147159596514,3.0,0.9992690119478438,0.9995453953742981,0.003336927620342696,production,xanh
cinc,a08,3,10,40.0,8,8,0,0,100.0,100.0,0.4967198378757902,9.224390626067082,0.7491961396932433,0.5972340329166629,0.004529851557828077,1.0,0.625,8.0,0.21931542621200997,3.0,0.9991184435784817,0.9995988011360168,0.0026663830741080288,production,xanh
cinc,a08,3,11,44.0,9,9,0,0,100.0,100.0,0.5171676124576371,7.6017068518558695,0.7627328939032509,0.5951049511007799,0.002823640673488697,1.0,0.7777777777777778,9.0,0.06195828680545716,3.0,0.9993341035313077,0.999525785446167,0.0011786903636292047,production,xanh
cinc,a08,3,12,48.0,9,9,0,0,100.0,100.0,0.48721354156315666,7.194826886138662,0.7479610026941887,0.5932826943182741,0.0059675931005552674,1.0,0.5,9.0,0.09956223019592135,3.0,0.9985393948025174,0.999561607837677,0.00265677045370509,production,xanh
cinc,a08,3,13,52.0,8,8,0,0,100.0,100.0,0.41205249194753313,5.307578814234587,0.7282445618190443,0.5958923990921847,0.006203186756182349,1.0,0.35294117647058826,8.0,0.1060654569041756,3.0,0.9992762356996536,0.9995631873607635,0.0020759721614650303,production,xanh
cinc,a08,3,14,56.0,9,9,0,0,100.0,100.0,0.45631357806139766,6.399412952745532,0.7424274035196848,0.6581739841004918,0.005689787765718071,1.0,0.5882352941176471,9.0,0.07420056660930623,3.0,0.9991490112410651,0.9995362758636475,0.002360421420380779,production,xanh
cinc,a09,0,0,0.0,8,8,0,0,100.0,79.84189723320158,0.5230026415467433,24.077607133345484,0.7701209032035509,0.8069410517175213,0.04474155658847215,1.0,0.16666666666666666,8.0,0.06035685863519677,3.0,0.9123424291610718,0.9968807697296143,0.007118789891414653,production,xanh
cinc,a09,0,1,4.0,9,9,0,0,100.0,79.84189723320158,0.3195413171153021,21.294259694329174,0.7899240184143934,0.8077296107679938,0.04836664235862859,1.0,0.26666666666666666,9.0,0.077002186828914,3.0,0.9849312636587355,0.9959576427936554,0.023975117506213502,production,xanh
cinc,a09,0,2,8.0,9,9,0,0,100.0,79.84189723320158,0.2861841672502284,26.557891184755917,0.7965545180833037,0.8030081322796153,0.04222976645095348,1.0,0.14285714285714285,9.0,0.07367216320936956,3.0,0.9873816867669424,0.9981022477149963,0.0041847365427519,production,xanh
cinc,a09,0,3,12.0,8,8,0,0,100.0,79.84189723320158,0.3456367621178791,29.358259627181354,0.7862712957788097,0.7986262108471338,0.03184735206106239,1.0,0.15384615384615385,8.0,0.060128391315386116,3.0,0.9801112338900566,0.99626225233078,0.003946800278213374,production,xanh
cinc,a09,0,4,16.0,9,8,1,1,88.88888888888889,79.84189723320158,0.28356660019115953,28.731299807447428,0.7570117387515595,0.8093096147790007,0.06493506493492437,1.0,0.15384615384615385,9.0,0.08728639159498247,3.0,0.9613816108968523,0.9972135424613953,0.051186655403713706,production,xanh
cinc,a09,0,5,20.0,9,9,0,0,100.0,79.84189723320158,0.29791003313262526,27.425238165006082,0.7892860962368389,0.8066423418134585,0.04174740589165404,1.0,0.2857142857142857,9.0,0.0814482739010661,3.0,0.9764755235777961,0.9968082308769226,0.006899861987155288,production,xanh
cinc,a09,0,6,24.0,8,7,1,1,87.5,79.84189723320158,0.31187420506321134,26.235181189338437,0.7655768451474796,0.8025364199355589,0.05920811996021291,1.0,0.3333333333333333,8.0,0.05372729869536229,3.0,0.8968473002314568,0.9961083829402924,0.07685096268269434,production,vang
cinc,a09,0,7,28.0,9,9,0,0,100.0,79.84189723320158,0.5865700906761236,16.753077079556046,0.8143659021728945,0.8537774634891881,0.021762935277010224,1.0,0.0,9.0,0.031047640670976588,3.0,0.9082856112056308,0.9951109290122986,0.005059646143289168,production,xanh
cinc,a09,0,8,32.0,9,7,2,2,77.77777777777777,79.84189723320158,0.7003252515279721,11.695109792414902,0.8154627942910041,0.8502886584956192,0.0932248056439567,1.0,0.375,9.0,0.12506503499901198,2.0,0.8608679738309648,0.9943376183509827,0.1954552705330724,production,vang
cinc,a09,0,9,36.0,8,6,0,2,85.71428571428571,79.84189723320158,0.7411722819133326,21.987062954213894,0.7992837495499822,0.8779801861004012,0.049852903515024576,1.0,0.0,6.0,0.13974867333927288,2.0,0.9368059436480204,0.9952198266983032,0.08968141889996374,production,vang
cinc,a09,0,10,40.0,9,8,1,1,88.88888888888889,79.84189723320158,0.6087326920004441,24.695842912988027,0.7830527236576608,0.8612776052546641,0.11595669957807953,1.0,0.16666666666666666,9.0,0.04185923648433775,2.0,0.8474273830652237,0.9976531863212585,0.18282155784415138,production,vang
cinc,a09,0,11,44.0,9,3,5,6,35.294117647058826,79.84189723320158,0.6658362868316539,14.190465908357314,0.7770351176856083,0.8311104022998623,0.1086178865152907,1.0,0.6666666666666666,8.0,0.08297542076889086,3.0,0.8639705292880535,0.9866748452186584,0.5313306352615684,production,vang
cinc,a09,0,12,48.0,9,1,6,8,12.5,79.84189723320158,0.5510375343343811,75.52063837781104,0.7651413874319467,0.8708848440325605,0.06829908422010228,1.0,0.25,7.0,0.03797693715263974,3.0,0.7504250620092664,0.945267379283905,0.5904117580458884,production,do
cinc,a09,0,13,52.0,8,4,3,4,53.333333333333336,79.84189723320158,0.8302734895722265,9.520710412591757,0.7807169788716585,0.8592135309209691,0.18690351950448839,1.0,0.42857142857142855,7.0,0.10619277068854654,3.0,0.8538403809070587,0.9074292182922363,0.9675440451051104,production,do
cinc,a09,0,14,56.0,9,5,3,4,58.8235294117647,79.84189723320158,0.650811309821324,53.31127178959194,0.7837241788799197,0.854431115729375,0.16079131569148966,1.0,0.4,8.0,0.016531144348909114,3.0,0.8662856044247746,0.997999370098114,0.4667389619559054,production,vang
cinc,a09,1,0,0.0,8,1,3,7,16.666666666666668,16.964285714285715,0.5612133755598538,30.309069693310676,0.7848031706218405,0.8158295123309569,0.006507230237859243,0.0,0.5714285714285714,4.0,0.05051906579930364,3.0,0.8245454430580139,0.9426629543304443,0.009664566943181513,production,xanh
cinc,a09,1,1,4.0,9,2,4,7,26.666666666666668,16.964285714285715,0.4636844406273102,32.95791150478922,0.7902862802364236,0.8075714692416257,0.028944908513089722,0.0,0.9090909090909091,6.0,0.07974229395080581,2.0,0.726350466410319,0.8537129759788513,0.044464858554777886,production,xanh
cinc,a09,1,2,8.0,9,1,4,8,14.285714285714286,16.964285714285715,0.38220316112918773,46.495042167490425,0.7965295767521631,0.8113207075097728,0.023124530287717934,0.0,1.0,5.0,0.0866445794773019,2.0,0.7933187842369079,0.8876980543136597,0.030646745923207114,production,xanh
cinc,a09,1,3,12.0,8,0,5,8,0.0,16.964285714285715,0.4126284758155008,36.74195481384392,0.7871044437585137,0.8128240977518314,0.0989545350146919,0.25,0.8,5.0,0.05069554983459374,3.0,0.8233979880809784,0.8799724280834198,0.8351085316975181,production,do
cinc,a09,1,4,16.0,9,2,4,7,26.666666666666668,16.964285714285715,0.42594800713174624,42.2468451187572,0.8006551617939275,0.7953085920333267,0.023998984322510897,0.0,1.0,6.0,0.06595202425166392,2.0,0.7712747404972712,0.8835242986679077,0.029070119799895495,production,xanh
cinc,a09,1,5,20.0,9,2,3,7,28.571428571428573,16.964285714285715,0.3977544585420246,42.02651256869435,0.7998418712060894,0.8191486033045535,0.061025868035726426,0.25,0.8888888888888888,5.0,0.06728779013485002,2.0,0.766385269165039,0.8838025331497192,0.11109538626261499,production,vang
cinc,a09,1,6,24.0,8,2,3,6,30.76923076923077,16.964285714285715,0.3397668261869439,44.627594559488216,0.7950729606991923,0.8100793230934646,0.06259950186918574,0.2,0.8,6.0,0.04690076880177433,3.0,0.7665571471055349,0.8912318646907806,0.5474763813232733,production,do
cinc,a09,1,7,28.0,9,1,6,8,12.5,16.964285714285715,0.747166751826298,30.588698994226604,0.8032333815390785,0.857491388922527,0.11058210865256637,1.0,0.9090909090909091,6.0,0.02873132554677479,2.0,0.6826828966538111,0.8031787872314453,0.8843123835314631,production,do
cinc,a09,1,8,32.0,9,2,5,7,25.0,16.964285714285715,0.8005779133302722,22.258414730406486,0.8122761713381682,0.8191482225740755,0.05971048095083036,1.0,0.9230769230769231,7.0,0.11277332484109563,2.0,0.777065600667681,0.9369512796401978,0.24109461554314063,production,vang
cinc,a09,1,9,36.0,8,1,7,7,12.5,16.964285714285715,0.7301025015060892,58.88342420708945,0.7964386923938813,0.8823461744143296,0.055148622381307216,1.0,0.5454545454545454,8.0,0.08105559283968258,2.0,0.8157915882766247,0.9269169569015503,0.16685402492952736,production,vang
cinc,a09,1,10,40.0,9,1,6,8,12.5,16.964285714285715,0.9337097593433963,24.433812388034813,0.8314084859184009,0.8616474450061273,0.04760040427296958,1.0,0.9230769230769231,7.0,0.059700251059860675,2.0,0.77678353871618,0.848502516746521,0.15619635610920055,production,vang
cinc,a09,1,11,44.0,9,0,7,9,0.0,16.964285714285715,1.0638464695269898,6.074724062750301,0.7995246010011796,0.8027143764475434,0.2053805417598803,1.0,0.46153846153846156,7.0,0.06528638678062326,2.0,0.7476887490068164,0.9538335204124451,0.981058888884495,production,do
cinc,a09,1,12,48.0,9,1,8,8,11.11111111111111,16.964285714285715,0.9239725200612698,15.936786714234156,0.7937870602573319,0.8763551554846031,0.19095679432656995,0.875,0.75,9.0,0.0698878455266758,2.0,0.7865547272894118,0.9413572549819946,0.8196885357678544,production,do
cinc,a09,1,13,52.0,8,0,6,8,0.0,16.964285714285715,1.1548353576386883,5.428824191153064,0.8225075544888093,0.8474266279689467,0.29255398046373127,0.8,0.6153846153846154,6.0,0.05616030414606076,2.0,0.7391350443164507,0.9354145526885986,0.9769668912660852,production,do
cinc,a09,1,14,56.0,9,3,4,6,37.5,16.964285714285715,0.7132147436107545,59.83294110579341,0.8021007091324349,0.8457835738138281,0.24403004533096523,0.8333333333333334,0.2222222222222222,7.0,0.08485873698274712,2.0,0.7937100061348507,0.9845637083053589,0.9643595294454825,production,do
cinc,a09,2,0,0.0,8,1,4,7,15.384615384615385,19.213973799126634,0.4603393369875615,19.66096713815103,0.7937857086205555,0.7975538506034863,0.031181560934959954,0.0,1.0,5.0,0.07702295556740416,2.0,0.8928539514541626,0.9712088704109192,0.017996459364119633,production,xanh
cinc,a09,2,1,4.0,9,2,4,7,26.666666666666668,19.213973799126634,0.510863969039621,27.406741487789542,0.7938319561284247,0.788749427065371,0.015712931083037774,0.0,0.8,6.0,0.07543862660333515,3.0,0.8621468444665273,0.9175591468811035,0.03494467703368626,production,xanh
cinc,a09,2,2,8.0,9,1,4,8,14.285714285714286,19.213973799126634,0.6563988127166384,18.140839027504114,0.7995373810947316,0.7947378972860223,0.02425876010778404,0.0,1.0,5.0,0.0876112118588673,2.0,0.8295150458812713,0.9367938041687012,0.02363617332422885,production,xanh
cinc,a09,2,3,12.0,8,3,3,5,42.857142857142854,19.213973799126634,0.7146806925025694,17.816588787391186,0.7973577066732027,0.7973454798994544,0.22304960683601174,0.6,0.5454545454545454,6.0,0.07351896172457048,2.0,0.8255266845226288,0.9324297308921814,0.9586631671815272,production,do
cinc,a09,2,4,16.0,9,3,3,6,40.0,19.213973799126634,0.648509218896832,17.583878567540978,0.7994264334967582,0.8020692872068074,0.13835543618218507,0.2,0.7272727272727273,6.0,0.11798372450514275,2.0,0.8033894988087317,0.9419050216674805,0.9147833651495754,production,do
cinc,a09,2,5,20.0,9,2,5,7,25.0,19.213973799126634,0.5736056872804037,20.76678190301476,0.7847334066828928,0.7984390840347271,0.29961024944986053,0.3333333333333333,0.8333333333333334,7.0,0.10370758565579433,3.0,0.8819108647959573,0.9791510105133057,0.9036699324214768,production,do
cinc,a09,2,6,24.0,8,1,4,7,15.384615384615385,19.213973799126634,0.5959489582633224,16.975345230667738,0.7978499123227835,0.7965704385946745,0.0757176445657313,0.25,0.8888888888888888,5.0,0.05811747536495123,2.0,0.8589134812355042,0.9453376531600952,0.48089056071642605,production,vang
cinc,a09,2,7,28.0,9,0,7,9,0.0,19.213973799126634,0.6737923211483794,25.629684410330473,0.8218305880992636,0.8459913146303255,0.23539805627440766,0.8333333333333334,0.7692307692307693,7.0,0.0300296931594431,2.0,0.7397813605410712,0.9446852803230286,0.9087208397556623,production,do
cinc,a09,2,8,32.0,9,2,5,7,25.0,19.213973799126634,0.5879814228703135,26.30644515061387,0.8104498109636763,0.8600112582720865,0.06526384468407403,1.0,1.0,7.0,0.11737990213952366,2.0,0.8958084114960262,0.9619027972221375,0.4267841966977413,production,vang
cinc,a09,2,9,36.0,8,1,7,7,12.5,19.213973799126634,0.8964571830472782,18.85992532233223,0.8277239308470513,0.8815326307104291,0.05136229724987747,1.0,0.8,8.0,0.1292264465286752,2.0,0.9034963585436344,0.9725248217582703,0.33160460911269374,production,vang
cinc,a09,2,10,40.0,9,1,6,8,12.5,19.213973799126634,0.7783666232733681,34.11730281581669,0.8294364298900854,0.8741981596142717,0.051279279388511935,1.0,0.9230769230769231,7.0,0.05297246570423966,2.0,0.9494743304593223,0.9701828062534332,0.09735295189698044,production,vang
cinc,a09,2,11,44.0,9,2,6,7,23.529411764705884,19.213973799126634,0.941236458983133,13.66351335917912,0.8125963131720493,0.8635882252506392,0.04147667584694959,1.0,0.9333333333333333,8.0,0.10352855715615623,2.0,0.9108103327453136,0.9691351652145386,0.034707008941670364,production,xanh
cinc,a09,2,12,48.0,9,1,6,8,12.5,19.213973799126634,0.7459698399927877,23.541380300384994,0.8255286014871539,0.8831292927474638,0.0503774632194735,1.0,1.0,7.0,0.06951465607999399,2.0,0.8930091432162693,0.9445821046829224,0.07532811352268595,production,vang
cinc,a09,2,13,52.0,8,0,7,8,0.0,19.213973799126634,0.9003958440243705,15.278915868691108,0.8318878312748881,0.8723670539065447,0.04964237203960654,1.0,1.0,7.0,0.12616096330072818,2.0,0.9271160747323718,0.9737300276756287,0.16584098454044705,production,vang
cinc,a09,2,14,56.0,9,2,6,7,23.529411764705884,19.213973799126634,0.5270151248372453,72.77733284957942,0.8233354039047229,0.8687777525223036,0.03774628698546048,1.0,0.2222222222222222,8.0,0.12486685843935176,3.0,0.8654378429055214,0.9916521906852722,0.04243076617487573,production,xanh
cinc,a09,3,0,0.0,8,0,6,8,0.0,14.782608695652174,0.550105982637594,24.387441625769107,0.7795595858463443,0.8053286598901122,0.22593119208724208,0.6,0.4444444444444444,6.0,0.07256121829523975,3.0,0.845889742175738,0.938896894454956,0.9418454449502675,production,do
cinc,a09,3,1,4.0,9,2,4,7,26.666666666666668,14.782608695652174,0.4519677847572141,23.62041017988633,0.7756351614880169,0.7986139079984671,0.018004593532404085,0.0,0.9090909090909091,6.0,0.10910931530619888,3.0,0.8551265348990759,0.9045780301094055,0.07029712359492243,production,vang
cinc,a09,3,2,8.0,9,1,4,8,14.285714285714286,14.782608695652174,0.4458810054432273,27.00337939654296,0.772163129742543,0.7924739434375291,0.192830502674695,0.5,0.6,5.0,0.08361999764138152,3.0,0.8859999299049377,0.9502894878387451,0.9233916909832109,production,do
cinc,a09,3,3,12.0,8,1,5,7,14.285714285714286,14.782608695652174,0.4187284234082155,27.292287391832073,0.7735215154503794,0.8076500404190768,0.18871071683720128,0.2,0.9090909090909091,6.0,0.08791423035818392,3.0,0.8052074064811071,0.9282360076904297,0.9224846916094748,production,do
cinc,a09,3,4,16.0,9,1,5,8,13.333333333333334,14.782608695652174,0.49604675945006177,24.411791902109844,0.7704737990476848,0.8028519064062851,0.09651892944678364,0.2,0.7272727272727273,6.0,0.08227980567272103,3.0,0.8178634494543076,0.9183797538280487,0.8561500722029366,production,do
cinc,a09,3,5,20.0,9,2,4,7,26.666666666666668,14.782608695652174,0.4228780464300225,32.58165260175256,0.7873394278329798,0.8067555130480855,0.14966320220305618,0.4,0.8,6.0,0.10066125893822218,3.0,0.8268960565328598,0.9872704744338989,0.932089772326659,production,do
cinc,a09,3,6,24.0,8,1,5,7,14.285714285714286,14.782608695652174,0.4417437825183396,31.852774293578854,0.7772929752347226,0.8085232296157433,0.12788609858738317,0.4,0.8,6.0,0.06344724588587583,3.0,0.7532700672745705,0.8966296315193176,0.8522017807490436,production,do
cinc,a09,3,7,28.0,9,0,7,9,0.0,14.782608695652174,0.7240610968555042,23.343957102425808,0.7828844747253101,0.8572215754007688,0.22531232748711136,0.8333333333333334,0.36363636363636365,7.0,0.017018436352992602,2.0,0.7551899084023067,0.9144648313522339,0.9555771921541766,production,do
cinc,a09,3,8,32.0,9,2,5,7,25.0,14.782608695652174,0.8267428963440437,30.716189168831413,0.8085108488489509,0.8611634224839263,0.17736504408680803,0.8333333333333334,0.7272727272727273,7.0,0.11586635884841257,2.0,0.9058077548231397,0.9700409770011902,0.9385862184604861,production,do
cinc,a09,3,9,36.0,8,1,7,7,12.5,14.782608695652174,0.8698018393154695,16.132271922503293,0.8001606663079133,0.8731783441545952,0.1492303209771435,0.8571428571428571,0.8,8.0,0.06600308542341374,2.0,0.8694266825914383,0.9747426509857178,0.7753708871803459,production,do
cinc,a09,3,10,40.0,9,2,5,7,25.0,14.782608695652174,0.8330527949035134,17.50316767761105,0.80031101310399,0.8791979643808413,0.07495460042406638,1.0,0.8571428571428571,7.0,0.05591034175575184,2.0,0.887145242520741,0.9704287052154541,0.46862564262414375,production,vang
cinc,a09,3,11,44.0,9,2,6,7,23.529411764705884,14.782608695652174,0.8199382859153518,20.279825068830327,0.8118678682023248,0.8583404965309067,0.04521679402004935,1.0,0.8571428571428571,8.0,0.1184925665956161,2.0,0.8951557315886021,0.9673512578010559,0.06020810650677631,production,vang
cinc,a09,3,12,48.0,9,0,7,9,0.0,14.782608695652174,0.7523174954283748,21.892899116821475,0.7869149502197639,0.8815756852619998,0.15229541549169742,0.8333333333333334,0.8571428571428571,7.0,0.07396589052617082,2.0,0.8960071206092834,0.964931845664978,0.9258659701697501,production,do
cinc,a09,3,13,52.0,8,0,7,8,0.0,14.782608695652174,0.9130075124149726,32.50119469352632,0.8089382429707898,0.871890317863899,0.04974653183983857,1.0,0.7272727272727273,7.0,0.10412251673375351,2.0,0.9120849967002869,0.947658121585846,0.287978715251182,production,vang
cinc,a09,3,14,56.0,9,2,6,7,23.529411764705884,14.782608695652174,0.5426243006716849,78.40576860919123,0.8130702132492337,0.8674739158167787,0.03623568972821141,1.0,0.2222222222222222,8.0,0.11895177389232449,3.0,0.9031474404036999,0.9934232234954834,0.030546717836168788,production,xanh
cinc,a10,0,0,0.0,10,4,4,6,44.44444444444444,48.97959183673469,0.8120780555960156,2.6017700954090808,0.7523144828211438,0.6104219534292928,0.24855623742269256,0.8571428571428571,0.75,8.0,0.03009929733708063,3.0,0.819305207580328,0.9862440228462219,0.9570105348849933,production,do
cinc,a10,0,1,4.0,11,6,2,5,63.1578947368421,48.97959183673469,0.8736541986161305,2.2763933234049984,0.7827374899860225,0.5987185186952484,0.31548058503408233,0.7142857142857143,0.42105263157894735,8.0,0.11118591856390272,3.0,0.8461436592042446,0.9778579473495483,0.9387850111034153,production,do
cinc,a10,0,2,8.0,11,8,1,3,80.0,48.97959183673469,0.7859289140109115,5.246678437276069,0.7773505011275034,0.6956750268479138,0.19287355328099282,1.0,0.26666666666666666,9.0,0.07444312264680811,3.0,0.8736187782552507,0.9956931471824646,0.9304658298853391,production,do
cinc,a10,0,3,12.0,10,8,1,2,84.21052631578948,48.97959183673469,1.0543945591906232,2.529536509056018,0.7634521978577217,0.567585206130016,0.27978146242863444,0.875,0.6666666666666666,9.0,0.23032463222395536,3.0,0.8464561071660783,0.9950533807277679,0.8759755845972185,production,do
cinc,a10,0,4,16.0,11,7,1,4,73.6842105263158,48.97959183673469,0.8300414633682468,4.6528523702572775,0.7680054501759942,0.6382142783799434,0.29274891601787434,0.7142857142857143,0.3076923076923077,8.0,0.06711280042342611,3.0,0.923350390046835,0.9898577332496643,0.9296049073595561,production,do
cinc,a10,0,5,20.0,11,8,2,3,76.19047619047619,48.97959183673469,0.7816162146331073,6.635045580687695,0.761949444810233,0.6917055653653996,0.31695156008255065,0.6666666666666666,0.26666666666666666,10.0,0.11589405501375699,3.0,0.75236447006464,0.9602721333503723,0.9533417466085377,production,do
cinc,a10,0,6,24.0,10,5,3,5,55.55555555555556,48.97959183673469,0.9421924129650477,4.288465040942176,0.7613035691068646,0.5754456912394361,0.26706254941400104,0.7142857142857143,0.5333333333333333,8.0,0.0634472808278573,3.0,0.8748278710991144,0.981569766998291,0.8617617360612133,production,do
cinc,a10,0,7,28.0,12,2,6,10,20.0,48.97959183673469,0.7969536334042362,3.024559755496056,0.7782334722057039,0.6228404169016089,0.2503849596569341,0.8571428571428571,0.5882352941176471,8.0,0.04179483598745694,3.0,0.7893554791808128,0.9652592539787292,0.9492104795952818,production,do
cinc,a10,0,8,32.0,13,3,3,10,31.57894736842105,48.97959183673469,0.7751679805798251,2.272223755686328,0.7617019148529887,0.7144701075440868,0.3112618614009699,0.8,0.47058823529411764,6.0,0.07183569780407388,3.0,0.8442997212211291,0.9837847948074341,0.9625484398592252,production,do
cinc,a10,0,9,36.0,13,2,5,11,20.0,48.97959183673469,0.8224868893586076,2.388524546713257,0.7444393468978541,0.5843374080274728,0.407380514985794,0.8333333333333334,0.25,7.0,0.04996881185682268,3.0,0.8193114442484719,0.9856603443622589,0.9740687579062145,production,do
cinc,a10,0,10,40.0,12,3,3,9,33.333333333333336,48.97959183673469,0.8073639391921162,6.620809905614694,0.7671637994627721,0.6246953476094402,0.3493489624442529,0.8,0.8333333333333334,6.0,0.06381669779777754,3.0,0.9618499527374903,0.9921557903289795,0.8165138936777158,production,do
cinc,a10,0,11,44.0,13,5,2,8,50.0,48.97959183673469,0.8927386563178521,5.202125547729821,0.7550494386341524,0.685005249168297,0.1768082409698174,1.0,0.46153846153846156,7.0,0.03759134792293625,3.0,0.8320706486701965,0.9813702404499054,0.9699022477454737,production,do
cinc,a10,0,12,48.0,13,5,3,8,47.61904761904762,48.97959183673469,0.8765322397350709,2.4886448827673053,0.7544731873350645,0.553524277218257,0.20705431616005252,1.0,0.5333333333333333,8.0,0.040576550106452704,3.0,0.7938415724784136,0.9637165665626526,0.9282924626905947,production,do
cinc,a10,0,13,52.0,12,2,5,10,21.05263157894737,48.97959183673469,0.8964541096658774,1.8223669699289822,0.7747741925538549,0.6705971780025972,0.2741294419627914,0.8333333333333334,0.5714285714285714,7.0,0.043750033157038334,3.0,0.8193910036768232,0.9812902212142944,0.9698201895025236,production,do
cinc,a10,0,14,56.0,13,4,6,9,34.78260869565217,48.97959183673469,0.9648848435179305,1.8369028574260957,0.7670027935517838,0.6531944293050045,0.2595834568595821,0.7777777777777778,0.4,10.0,0.03193013631580492,3.0,0.8612667948007584,0.9672826528549194,0.9691361423153881,production,do
cinc,a10,1,0,0.0,10,2,6,8,22.22222222222222,21.052631578947366,0.615425923432835,4.179450922957865,0.7574314576093576,0.7048188300563641,0.1602905111808701,0.8571428571428571,0.7142857142857143,8.0,0.04808724770315539,3.0,0.8641907125711441,0.9897777438163757,0.8451504921023705,production,do
cinc,a10,1,1,4.0,11,1,6,10,11.11111111111111,21.052631578947366,0.6112250006607111,6.645546404349222,0.7180604565378585,0.6969386992774583,0.2507930737593869,0.8333333333333334,0.5454545454545454,7.0,0.05858238876083746,3.0,0.9115668918405261,0.987368643283844,0.9216557114269472,production,do
cinc,a10,1,2,8.0,11,1,6,10,11.11111111111111,21.052631578947366,0.5262473996869579,5.173172713055772,0.7354624044669031,0.7164644376052932,0.19410611364935462,0.8333333333333334,0.5333333333333333,7.0,0.05307946370528268,3.0,0.8592272443430764,0.9742637872695923,0.957208869749693,production,do
cinc,a10,1,3,12.0,10,2,6,8,22.22222222222222,21.052631578947366,0.6658622169043078,6.778537201699004,0.7389343553523666,0.7001012497767017,0.1329904660426212,0.8571428571428571,0.42857142857142855,8.0,0.055878916640608546,3.0,0.9632627479732037,0.9951115250587463,0.641586869309643,production,do
cinc,a10,1,4,16.0,11,2,4,9,23.529411764705884,21.052631578947366,0.5457381983780657,4.132956219810093,0.7602011780953869,0.6996522692928873,0.5385314679329929,0.8,0.9090909090909091,6.0,0.06919150495179323,3.0,0.8855572640895844,0.9697965383529663,0.9251054603332092,production,do
cinc,a10,1,5,20.0,11,1,6,10,11.11111111111111,21.052631578947366,0.6204088371086012,3.4084076830105774,0.7276927165070445,0.7084507891303934,0.23471606554216806,0.8333333333333334,0.3333333333333333,7.0,0.030605295211494472,3.0,0.8492922101702008,0.9658228754997253,0.974075558401432,production,do
cinc,a10,1,6,24.0,10,2,5,8,23.529411764705884,21.052631578947366,0.576996816429908,5.931399843260188,0.7399729152759873,0.6750346777546699,0.15642426636935786,0.8571428571428571,0.7142857142857143,8.0,0.024397575486989734,3.0,0.8354908153414726,0.955895185470581,0.890944135583534,production,do
cinc,a10,1,7,28.0,12,5,3,7,50.0,21.052631578947366,0.6367537574061141,2.3107386251949444,0.7464328894030243,0.7090776146205412,0.19246516080433895,0.8333333333333334,0.42857142857142855,7.0,0.016515448486329767,3.0,0.8146594975675855,0.9713191986083984,0.9591819418655395,production,do
cinc,a10,1,8,32.0,13,2,7,11,18.181818181818183,21.052631578947366,0.7119330139717067,1.871237970145132,0.7220188454061272,0.7226227660846336,0.15537942877217312,1.0,0.26666666666666666,9.0,0.062654864937023,3.0,0.8961674504809909,0.9941283464431763,0.9193788849269243,production,do
cinc,a10,1,9,36.0,13,3,4,10,30.0,21.052631578947366,0.6733869252474164,2.9662892910810976,0.7544668339024079,0.6865861018992107,0.18937724472607512,0.6666666666666666,0.5714285714285714,7.0,0.07007192305079041,3.0,0.7978934156043189,0.9385392069816589,0.9347541805992041,production,do
cinc,a10,1,10,40.0,12,2,5,10,21.05263157894737,21.052631578947366,0.5953711555036342,7.483240797941042,0.7353716231072307,0.6991020499996535,0.14883568968014388,1.0,0.9230769230769231,7.0,0.08788527531269405,3.0,0.9376478322914669,0.9892047643661499,0.9427050028223865,production,do
cinc,a10,1,11,44.0,13,1,6,12,10.0,21.052631578947366,0.7119677856730943,13.263627452878769,0.7385493331170281,0.6992951272673692,0.10404455788117131,1.0,0.4,7.0,0.05681047819427643,3.0,0.897130915096828,0.9893374443054199,0.8979073677068018,production,do
cinc,a10,1,12,48.0,13,1,6,12,10.0,21.052631578947366,0.6990186954989009,3.0804046429280687,0.7414541749275932,0.6613626210790902,0.31373490090836903,0.6666666666666666,0.3076923076923077,7.0,0.062274081903077635,3.0,0.844578178865569,0.9830204844474792,0.9773803800526986,production,do
cinc,a10,1,13,52.0,12,2,6,10,20.0,21.052631578947366,0.6586307386029668,4.759131614602202,0.7424789202975629,0.725617868652402,0.2206670481282502,0.8571428571428571,0.3076923076923077,8.0,0.027552203469495717,3.0,0.8770819064229727,0.9844450354576111,0.931132938209858,production,do
cinc,a10,1,14,56.0,13,3,4,10,30.0,21.052631578947366,0.7843045896300814,1.7646754621532912,0.7672474730390467,0.7123859368915139,0.2782528374643822,0.6666666666666666,0.42857142857142855,7.0,0.041986709079198624,3.0,0.8547984446798053,0.9252992868423462,0.962205413052995,production,do
cinc,a10,2,0,0.0,10,2,5,8,23.529411764705884,25.78397212543554,0.707509939418792,9.381682009393138,0.752471536918888,0.7543084848260144,0.04701562114506487,1.0,0.9230769230769231,7.0,0.0577554005237031,3.0,0.9958710585321698,0.9979123473167419,0.08855617486455852,production,vang
cinc,a10,2,1,4.0,11,2,6,9,21.05263157894737,25.78397212543554,0.6664287520719916,12.59388200120443,0.7748764573186739,0.7673177090345605,0.026919393373728118,1.0,0.8571428571428571,8.0,0.09088261878254117,3.0,0.995860006660223,0.9985111355781555,0.004246554509907232,production,xanh
cinc,a10,2,2,8.0,11,3,4,8,33.333333333333336,25.78397212543554,0.7123866288472106,22.9192219335962,0.7758587682592422,0.8027172351932741,0.029542899690886085,1.0,0.6,7.0,0.057019692005988803,3.0,0.9970364698341915,0.9977735877037048,0.018645429877747668,production,xanh
cinc,a10,2,3,12.0,10,1,6,9,11.764705882352942,25.78397212543554,0.585063657630755,55.96990235039074,0.7060025842261962,0.7347903366665128,0.2377025017509019,0.6666666666666666,0.25,7.0,0.047989675650824744,3.0,0.9154140395777566,0.998506486415863,0.8257113281917536,production,do
cinc,a10,2,4,16.0,11,3,6,8,30.0,25.78397212543554,0.8428709244741228,2.954289879636499,0.7561167858033068,0.7855913057856843,0.2603471797661211,0.875,0.8,9.0,0.055210749808988366,3.0,0.845865269502004,0.996005117893219,0.9277520922747008,production,do
cinc,a10,2,5,20.0,11,2,5,9,22.22222222222222,25.78397212543554,0.8159041225488232,6.833096335054577,0.7523825062908928,0.8006763507000592,0.02843512187553572,1.0,0.7272727272727273,7.0,0.05901661934235434,3.0,0.9132762508732932,0.9973500967025757,0.10325806753916417,production,vang
cinc,a10,2,6,24.0,10,2,5,8,23.529411764705884,25.78397212543554,0.6769764929913024,7.409705806704988,0.7487588421898193,0.7380968707188004,0.032478043107059214,1.0,0.8571428571428571,8.0,0.10700120894502603,3.0,0.9549212493002415,0.9977447986602783,0.27915326583614747,production,vang
cinc,a10,2,7,28.0,12,3,5,9,30.0,25.78397212543554,0.5194999325616049,49.08528211193859,0.6958865545550378,0.7713279129526893,0.017288674356607615,1.0,0.25,7.0,0.0689802721670698,3.0,0.9760763049125671,0.997759222984314,0.013149165451633554,production,xanh
cinc,a10,2,8,32.0,13,4,4,9,38.095238095238095,25.78397212543554,0.7912282453439113,1.7741983846423475,0.7491560217832743,0.8169971935617695,0.21133781386343287,0.8571428571428571,0.9411764705882353,8.0,0.11115805568125903,3.0,0.8761546090245247,0.9959450960159302,0.8971139239924562,production,do
cinc,a10,2,9,36.0,13,4,4,9,38.095238095238095,25.78397212543554,0.794586833218792,4.660720180106007,0.7660275573488059,0.7462948341884426,0.108174881763692,1.0,0.7142857142857143,8.0,0.056576295324449966,3.0,0.8962438553571701,0.9926823973655701,0.87248764060005,production,do
cinc,a10,2,10,40.0,12,2,5,10,21.05263157894737,25.78397212543554,0.5316017500007844,53.34124301884623,0.7791677866950597,0.7882579786391353,0.049339351836382474,1.0,0.25,7.0,0.02242265185310695,3.0,0.8911851005894798,0.9974798560142517,0.035560035024498705,production,xanh
cinc,a10,2,11,44.0,13,1,6,12,10.0,25.78397212543554,0.4712429995654224,42.07609101793967,0.704924095825239,0.7916603834303519,0.10136297226241195,1.0,0.25,7.0,0.06533536331034114,3.0,0.94874164887837,0.9978373646736145,0.4746905662900294,production,vang
cinc,a10,2,12,48.0,13,2,6,11,19.047619047619047,25.78397212543554,0.5213935281383513,54.06954838256536,0.7049855635061393,0.7161979352439581,0.07876818573072958,1.0,0.2222222222222222,8.0,0.06730537757412987,3.0,0.957837387919426,0.9963979721069336,0.022751388331047298,production,xanh
cinc,a10,2,13,52.0,12,4,3,8,42.10526315789474,25.78397212543554,0.4332964810670505,64.07403148862424,0.6904891320980452,0.7889325678959529,0.08051285697199076,1.0,0.25,7.0,0.06979935890176905,3.0,0.9895193108490535,0.9981285333633423,0.04506475577654197,production,xanh
cinc,a10,2,14,56.0,13,2,5,11,20.0,25.78397212543554,0.6648631524861995,5.351752971698318,0.7436312492840094,0.7686555057309533,0.07581194717907641,1.0,0.9230769230769231,7.0,0.04708011430950347,3.0,0.9548999283994947,0.9987293779850006,0.1583875490222016,production,vang
cinc,a10,3,0,0.0,10,3,3,7,37.5,35.862068965517246,0.538113884502067,2.652941499010545,0.7328748256864669,0.719898215775772,0.31064763974997783,0.8,0.3076923076923077,6.0,0.08933305649959546,3.0,0.8557298829158148,0.9760337173938751,0.9720361655811516,production,do
cinc,a10,3,1,4.0,11,3,5,8,31.57894736842105,35.862068965517246,0.7209516227795647,11.258161272204397,0.748331838876883,0.7106500284131996,0.0581906141751144,1.0,0.5,8.0,0.09345449908081059,3.0,0.9138520956039429,0.9679424166679382,0.10325569465421972,production,vang
cinc,a10,3,2,8.0,11,3,4,8,33.333333333333336,35.862068965517246,0.5797133710768738,7.047956367036836,0.7345353422255325,0.7291787170157024,0.27200226802962735,0.8333333333333334,0.6153846153846154,7.0,0.047509098167108986,3.0,0.8684473889214652,0.9942328035831451,0.9584195237748869,production,do
cinc,a10,3,3,12.0,10,2,6,8,22.22222222222222,35.862068965517246,0.6486099790992255,3.9402832349336325,0.7467587188446161,0.6761603492821582,0.21706438020998559,0.8571428571428571,0.35294117647058826,8.0,0.12463150378903046,3.0,0.8620871491730213,0.9889912009239197,0.9312357290911163,production,do
cinc,a10,3,4,16.0,11,3,4,8,33.333333333333336,35.862068965517246,0.6135800066820455,3.9269202569153343,0.7274351261818678,0.6918716588984858,0.14354183262596873,1.0,0.2,7.0,0.05381576938532078,3.0,0.9072405312742505,0.976449191570282,0.9651708193946935,production,do
cinc,a10,3,5,20.0,11,1,7,10,10.526315789473685,35.862068965517246,0.6674948375228714,3.121201188120324,0.740605013990362,0.7125972348730156,0.18449819129609143,1.0,0.15384615384615385,8.0,0.012800267851801484,3.0,0.8816402107477188,0.9890697598457336,0.8969997487146394,production,do
cinc,a10,3,6,24.0,10,4,4,6,44.44444444444444,35.862068965517246,0.612399901163604,6.17948481505689,0.7573734897413591,0.6907934719792954,0.22379283778696987,1.0,0.5714285714285714,8.0,0.1286163874867108,3.0,0.7932203095406294,0.9592283964157104,0.9076083299522346,production,do
cinc,a10,3,7,28.0,12,5,3,7,50.0,35.862068965517246,0.7345604470142844,10.218704089487272,0.7571803303189302,0.7072698972652957,0.055561912990950986,1.0,0.6666666666666666,8.0,0.031234658812601176,3.0,0.9458429291844368,0.9806984066963196,0.04232676565284382,production,xanh
cinc,a10,3,8,32.0,13,3,5,10,28.571428571428573,35.862068965517246,0.815114726780368,3.518702217864048,0.7480999450692057,0.7197507162779226,0.17852424527957503,1.0,0.5333333333333333,8.0,0.09467572880478756,3.0,0.8529325388371944,0.9566760063171387,0.9766280223947306,production,do
cinc,a10,3,9,36.0,13,4,4,9,38.095238095238095,35.862068965517246,0.8252401398874397,4.243902303864371,0.7333237404828171,0.6895879815992172,0.08796902048413953,1.0,0.625,8.0,0.08626016887483197,3.0,0.8034761175513268,0.9395400881767273,0.7783943303807807,production,do
cinc,a10,3,10,40.0,12,5,2,7,52.63157894736842,35.862068965517246,0.7850766512017032,5.450299122688817,0.7399368342516234,0.6806501456271056,0.1744054598633359,1.0,0.5,7.0,0.09775725011150382,3.0,0.8657477668353489,0.9930741488933563,0.9798104197411078,production,do
cinc,a10,3,11,44.0,13,3,4,10,30.0,35.862068965517246,0.6907000547101821,2.9579635693685633,0.7390336657095647,0.7181260600277273,0.09767295024870834,1.0,0.16666666666666666,7.0,0.05429056450541609,3.0,0.7359427298818316,0.9053521156311035,0.877702304902218,production,do
cinc,a10,3,12,48.0,13,5,4,8,45.45454545454545,35.862068965517246,0.6758147156564338,2.255927212670221,0.7377762373391297,0.6709413526937557,0.20848162651577504,0.875,0.47058823529411764,9.0,0.09403769993399624,3.0,0.8518169158034854,0.9724027514457703,0.9035601179703268,production,do
cinc,a10,3,13,52.0,12,3,5,9,30.0,35.862068965517246,0.6694188370338142,2.471304317229605,0.7449732130003928,0.7206685669417843,0.12513128546084937,1.0,0.4,8.0,0.027728916950189787,3.0,0.7739031948149204,0.9939132332801819,0.7747523565871227,production,do
cinc,a10,3,14,56.0,13,5,3,8,47.61904761904762,35.862068965517246,0.925945467099986,3.8023544815939587,0.7453000322223589,0.705615688010601,0.35570461013476296,0.8571428571428571,0.5882352941176471,8.0,0.06517004140949065,3.0,0.6983698569238186,0.8685282468795776,0.9743917303315281,production,do
