record,group,seg,t0_s,n_gt,TP,FP,FN,F1,bad,p_bad_oof,sampen,kurtosis,spec_entropy,band_ratio,rr_cv,rr_plaus,bsqi,n_det,psd_fhr,tau_acf,peak_prob_mean,prob_max
r01,PhysioNet,0,0.0,9,9,0,0,100.000000,0,0.001326,0.528199,7.92046,0.729488,0.472434,0.00596759,1,0.777778,9,0.118786,3,0.998546,0.999213
r01,PhysioNet,1,4.0,8,8,0,0,100.000000,0,0.000596,0.497094,8.25974,0.716686,0.488792,0.00298718,1,0.75,8,0.109807,3,0.998286,0.998902
r01,PhysioNet,2,8.0,9,9,0,0,100.000000,0,0.002948,0.59614,10.0568,0.760425,0.521079,0.00609575,1,0.888889,9,0.182751,3,0.99828,0.99893
r01,PhysioNet,3,12.0,9,9,0,0,100.000000,0,0.000434,0.598472,11.0719,0.746299,0.547257,0.00438596,1,0.941176,9,0.167935,3,0.997712,0.998833
r01,PhysioNet,4,16.0,8,8,0,0,100.000000,0,0.001444,0.501851,13.3455,0.71765,0.459692,0.00468879,1,1,8,0.169147,3,0.99836,0.998966
r01,PhysioNet,5,20.0,9,9,0,0,100.000000,0,0.000325,0.606551,10.1961,0.753703,0.526201,0.0103136,1,1,9,0.146376,3,0.998625,0.999133
r01,PhysioNet,6,24.0,9,9,0,0,100.000000,0,0.001378,0.485203,8.32997,0.707307,0.47292,0.00746574,1,0.777778,9,0.127633,4,0.997746,0.998748
r01,PhysioNet,7,28.0,8,8,0,0,100.000000,0,0.000928,0.499905,11.7913,0.728342,0.462741,0.00596709,1,1,8,0.148477,3,0.998198,0.998851
r01,PhysioNet,8,32.0,9,9,0,0,100.000000,0,0.003898,0.567204,8.97458,0.741224,0.523391,0.00374093,1,0.777778,9,0.18669,3,0.997663,0.998924
r01,PhysioNet,9,36.0,8,8,0,0,100.000000,0,0.000671,0.646404,13.9092,0.745805,0.480431,0.00546716,1,1,8,0.154672,3,0.998331,0.998943
r01,PhysioNet,10,40.0,9,9,0,0,100.000000,0,0.000931,0.559794,11.934,0.740623,0.475591,0.00412458,1,1,9,0.142886,3,0.998309,0.998797
r01,PhysioNet,11,44.0,8,8,0,0,100.000000,0,0.002087,0.653151,9.97569,0.744882,0.40623,0.00452985,1,0.875,8,0.16991,3,0.998639,0.998935
r01,PhysioNet,12,48.0,9,9,0,0,100.000000,0,0.000408,0.592924,10.3596,0.750478,0.290592,0.00564126,1,1,9,0.146077,3,0.99822,0.998635
r01,PhysioNet,13,52.0,8,8,0,0,100.000000,0,0.000472,0.53993,8.94417,0.68842,0.113443,0.00776019,1,0.75,8,0.157399,4,0.995912,0.998669
r01,PhysioNet,14,56.0,9,9,0,0,100.000000,0,0.000358,0.583313,11.0787,0.696768,0.101872,0.00716334,1,0.714286,9,0.161972,3,0.997204,0.998774
r01,PhysioNet,15,60.0,9,9,0,0,100.000000,0,0.001306,0.727451,8.66887,0.751282,0.0885162,0.00858369,1,1,9,0.145929,3,0.997981,0.998867
r01,PhysioNet,16,64.0,8,8,0,0,100.000000,0,0.001094,0.726396,10.4477,0.726649,0.0932859,0.00846969,1,0.875,8,0.141833,3,0.997732,0.998789
r01,PhysioNet,17,68.0,9,9,0,0,100.000000,0,0.001310,0.842657,9.09543,0.764169,0.109652,0.00552349,1,1,9,0.155383,3,0.998224,0.998759
r01,PhysioNet,18,72.0,8,8,0,0,100.000000,0,0.000358,0.586252,17.9171,0.696113,0.224864,0.00589528,1,0.933333,8,0.142247,4,0.996253,0.99891
r01,PhysioNet,19,76.0,8,8,0,0,100.000000,0,0.001181,0.703001,10.4548,0.758656,0.246292,0.00750842,1,1,8,0.109325,3,0.998136,0.998749
r01,PhysioNet,20,80.0,9,9,0,0,100.000000,0,0.000380,0.670287,14.9542,0.757708,0.290379,0.00667914,1,0.941176,9,0.141016,3,0.998193,0.998653
r01,PhysioNet,21,84.0,8,8,0,0,100.000000,0,0.000646,0.674347,8.29815,0.756195,0.143064,0.0104781,1,1,8,0.106845,3,0.99761,0.998774
r01,PhysioNet,22,88.0,9,9,0,0,100.000000,0,0.000391,0.578507,19.0081,0.719512,0.352274,0.0057697,1,0.2,9,0.138045,3,0.997277,0.998913
r01,PhysioNet,23,92.0,8,8,0,0,100.000000,0,0.000574,0.687957,11.9487,0.746679,0.279045,0.00863605,1,1,8,0.149574,3,0.998416,0.998679
r01,PhysioNet,24,96.0,8,8,0,0,100.000000,0,0.000408,0.576116,18.6713,0.748775,0.294457,0.0103907,1,1,8,0.160645,3,0.997879,0.998653
r01,PhysioNet,25,100.0,9,9,0,0,100.000000,0,0.000472,0.497448,16.8064,0.715524,0.380506,0.00554665,1,0.941176,9,0.155515,3,0.994541,0.998919
r01,PhysioNet,26,104.0,8,8,0,0,100.000000,0,0.000462,0.521566,11.637,0.738527,0.217935,0.00417362,1,1,8,0.151405,3,0.997999,0.99888
r01,PhysioNet,27,108.0,9,9,0,0,100.000000,0,0.002877,0.638941,10.9353,0.755061,0.399308,0.00596715,1,1,9,0.173123,3,0.998426,0.998838
r01,PhysioNet,28,112.0,8,8,0,0,100.000000,0,0.000462,0.610928,14.5674,0.737809,0.380412,0.00640618,1,1,8,0.142222,3,0.998515,0.99897
r01,PhysioNet,29,116.0,9,9,0,0,100.000000,0,0.001417,0.386296,12.8393,0.722876,0.475851,0.00425532,1,0.875,9,0.160403,4,0.99781,0.998686
r01,PhysioNet,30,120.0,8,8,0,0,100.000000,0,0.004045,0.459456,20.3586,0.716767,0.49405,0.00385174,1,0.769231,8,0.188111,3,0.997662,0.998976
r01,PhysioNet,31,124.0,9,9,0,0,100.000000,0,0.001181,0.515816,10.9319,0.759366,0.494054,0.00512923,1,1,9,0.181989,3,0.998416,0.998775
r01,PhysioNet,32,128.0,8,8,0,0,100.000000,0,0.004946,0.647276,13.3761,0.760419,0.442039,0.00775068,1,1,8,0.161161,3,0.998383,0.99868
r01,PhysioNet,33,132.0,9,9,0,0,100.000000,0,0.001556,0.386685,10.735,0.702089,0.471015,0.00662248,1,0.533333,9,0.139466,4,0.998405,0.998807
r01,PhysioNet,34,136.0,8,8,0,0,100.000000,0,0.000512,0.576855,15.1311,0.750744,0.48102,0.00456857,1,1,8,0.158391,3,0.998425,0.998877
r01,PhysioNet,35,140.0,9,9,0,0,100.000000,0,0.000509,0.445377,10.9218,0.743371,0.529518,0.00606959,1,0.888889,9,0.173269,3,0.998292,0.998904
r01,PhysioNet,36,144.0,9,9,0,0,100.000000,0,0.003781,0.553616,12.0353,0.762409,0.440662,0.0100402,1,1,9,0.134953,3,0.998143,0.998705
r01,PhysioNet,37,148.0,8,8,0,0,100.000000,0,0.000858,0.518179,13.3104,0.720783,0.387475,0.00867109,1,0.8,8,0.113333,3,0.998264,0.998811
r01,PhysioNet,38,152.0,9,9,0,0,100.000000,0,0.000974,0.466261,11.3203,0.750215,0.407475,0.0043081,1,0.888889,9,0.150124,3,0.998368,0.998926
r01,PhysioNet,39,156.0,9,9,0,0,100.000000,0,0.033182,0.543336,14.5536,0.749087,0.281456,0.229398,0.875,1,9,0.125275,3,0.997724,0.99896
r01,PhysioNet,40,160.0,8,8,1,0,94.117647,0,0.030761,0.438921,9.83285,0.731009,0.463559,0.0602235,1,0.705882,9,0.142975,3,0.987382,0.998858
r01,PhysioNet,41,164.0,10,10,0,0,100.000000,0,0.002799,0.518363,8.49471,0.7531,0.497332,0.0264497,1,0.947368,10,0.267941,3,0.997389,0.998906
r01,PhysioNet,42,168.0,8,8,0,0,100.000000,0,0.014302,0.439437,11.6168,0.74293,0.470843,0.0374341,1,0.875,8,0.0839011,3,0.998725,0.999056
r01,PhysioNet,43,172.0,8,8,0,0,100.000000,0,0.052716,0.524595,15.2288,0.752199,0.478818,0.0190224,1,1,8,0.184908,3,0.99885,0.999052
r01,PhysioNet,44,176.0,9,9,0,0,100.000000,0,0.006902,0.411596,12.623,0.750948,0.385903,0.012605,1,1,9,0.142134,3,0.998245,0.998877
r01,PhysioNet,45,180.0,9,9,0,0,100.000000,0,0.005146,0.482187,14.6926,0.72199,0.309203,0.0193742,1,1,9,0.209859,3,0.997322,0.999065
r01,PhysioNet,46,184.0,9,9,0,0,100.000000,0,0.001306,0.508663,8.54739,0.723487,0.148367,0.0119539,1,0.705882,9,0.0579566,3,0.997832,0.998648
r01,PhysioNet,47,188.0,10,10,0,0,100.000000,0,0.002753,0.603048,9.32966,0.752848,0.0895175,0.00965904,1,1,10,0.186737,3,0.998035,0.998647
r01,PhysioNet,48,192.0,10,10,0,0,100.000000,0,0.020500,0.511306,8.9976,0.746099,0.157667,0.0129786,1,0.9,10,0.178201,3,0.996634,0.998488
r01,PhysioNet,49,196.0,9,9,0,0,100.000000,0,0.037907,0.637943,10.4498,0.764494,0.165619,0.0146045,1,1,9,0.197222,3,0.998499,0.999012
r01,PhysioNet,50,200.0,8,8,0,0,100.000000,0,0.000333,0.486816,12.7604,0.730606,0.355321,0.00738095,1,0,8,0.137218,4,0.998404,0.999108
r01,PhysioNet,51,204.0,9,9,0,0,100.000000,0,0.027561,0.637587,8.40158,0.750583,0.23431,0.0108258,1,1,9,0.180172,3,0.997471,0.998669
r01,PhysioNet,52,208.0,10,10,0,0,100.000000,0,0.002389,0.489426,11.4213,0.709673,0.161933,0.0120699,1,0.75,10,0.14008,3,0.997278,0.998766
r01,PhysioNet,53,212.0,9,9,0,0,100.000000,0,0.066145,0.6984,10.7154,0.764973,0.426718,0.0479702,1,1,9,0.173357,3,0.99778,0.998785
r01,PhysioNet,54,216.0,8,8,0,0,100.000000,0,0.001439,0.515057,13.9064,0.731995,0.407249,0.00863605,1,0.875,8,0.165145,4,0.995058,0.998941
r01,PhysioNet,55,220.0,9,9,0,0,100.000000,0,0.018922,0.58228,10.196,0.723109,0.430706,0.00978739,1,1,9,0.185208,3,0.997952,0.998936
r01,PhysioNet,56,224.0,8,8,0,0,100.000000,0,0.013951,0.466368,14.5371,0.685069,0.443521,0.016169,1,0.615385,8,0.0809774,4,0.997926,0.998825
r01,PhysioNet,57,228.0,8,8,0,0,100.000000,0,0.004202,0.631895,9.90805,0.743053,0.497053,0.0126515,1,0.875,8,0.127463,3,0.998504,0.999024
r01,PhysioNet,58,232.0,9,9,0,0,100.000000,0,0.033918,0.516081,11.9637,0.729205,0.433859,0.00786447,1,1,9,0.187014,3,0.998283,0.999177
r01,PhysioNet,59,236.0,8,8,0,0,100.000000,0,0.000414,0.480194,7.61864,0.705586,0.490296,0.00640618,1,0.625,8,0.0657956,3,0.998489,0.999207
r01,PhysioNet,60,240.0,9,9,0,0,100.000000,0,0.000362,0.592702,12.1646,0.752184,0.513822,0.0101847,1,1,9,0.176154,3,0.998392,0.999037
r01,PhysioNet,61,244.0,8,8,0,0,100.000000,0,0.000322,0.496423,12.766,0.686362,0.492011,0.00413871,1,0.875,8,0.0515665,4,0.996155,0.999141
r01,PhysioNet,62,248.0,9,9,0,0,100.000000,0,0.000673,0.49132,10.1954,0.743576,0.566284,0.00561731,1,0.823529,9,0.194678,3,0.998086,0.998603
r01,PhysioNet,63,252.0,8,8,0,0,100.000000,0,0.000536,0.494188,8.74711,0.70777,0.550577,0.00417865,1,0.823529,8,0.164005,4,0.998278,0.999147
r01,PhysioNet,64,256.0,8,8,0,0,100.000000,0,0.001368,0.570879,13.6508,0.715287,0.45544,0.00414366,1,0.875,8,0.139743,3,0.997542,0.998909
r01,PhysioNet,65,260.0,9,9,0,0,100.000000,0,0.003890,0.489694,8.87968,0.72979,0.509139,0.00811946,1,0.888889,9,0.186393,3,0.997967,0.998819
r01,PhysioNet,66,264.0,8,8,0,0,100.000000,0,0.008127,0.46152,7.53068,0.686755,0.441053,0.0107291,1,0.625,8,0.0625538,4,0.998396,0.99887
r01,PhysioNet,67,268.0,8,8,0,0,100.000000,0,0.000483,0.607126,13.2194,0.748422,0.509709,0.00693336,1,1,8,0.209285,3,0.998753,0.999008
r01,PhysioNet,68,272.0,9,9,0,0,100.000000,0,0.000301,0.62209,11.2302,0.74993,0.538374,0.00829876,1,1,9,0.209178,3,0.998573,0.999108
r01,PhysioNet,69,276.0,8,8,0,0,100.000000,0,0.000683,0.638463,10.4757,0.750072,0.527363,0.00699155,1,0.875,8,0.181964,3,0.998083,0.99902
r01,PhysioNet,70,280.0,8,8,0,0,100.000000,0,0.000395,0.622135,12.893,0.751565,0.53773,0.00410439,1,1,8,0.174428,3,0.998664,0.999115
r01,PhysioNet,71,284.0,9,9,0,0,100.000000,0,0.000390,0.522085,9.19083,0.715534,0.495283,0.00504294,1,0.888889,9,0.061689,3,0.998534,0.999079
r01,PhysioNet,72,288.0,8,8,0,0,100.000000,0,0.000612,0.67157,13.6248,0.73919,0.499717,0.00765141,1,1,8,0.165598,3,0.998483,0.999088
r01,PhysioNet,73,292.0,8,8,0,0,100.000000,0,0.003194,0.62245,11.3733,0.748398,0.511357,0.00609931,1,0.941176,8,0.190944,3,0.998453,0.998946
r01,PhysioNet,74,296.0,9,9,0,0,100.000000,0,0.001661,0.608722,12.8911,0.75479,0.517307,0.00584386,1,1,9,0.192888,3,0.998773,0.999137
r04,PhysioNet,0,0.0,9,9,0,0,100.000000,0,0.001409,0.646029,7.37713,0.714919,0.379528,0.00811946,1,1,9,0.170856,3,0.997573,0.998229
r04,PhysioNet,1,4.0,8,8,0,0,100.000000,0,0.004779,0.638142,8.41292,0.725678,0.257891,0.0172297,1,1,8,0.167407,3,0.996799,0.99813
r04,PhysioNet,2,8.0,8,8,0,0,100.000000,0,0.006722,0.602986,8.39708,0.71878,0.399783,0.0136315,1,1,8,0.132013,3,0.995264,0.99819
r04,PhysioNet,3,12.0,8,8,0,0,100.000000,0,0.002369,0.595161,7.84958,0.706342,0.128695,0.00890871,1,0.941176,8,0.176313,3,0.997745,0.998379
r04,PhysioNet,4,16.0,9,9,0,0,100.000000,0,0.001966,0.6753,6.87244,0.720569,0.0218744,0.00907013,1,1,9,0.231893,3,0.997458,0.998205
r04,PhysioNet,5,20.0,8,8,0,0,100.000000,0,0.001316,0.569756,22.3458,0.672394,0.0374337,0.0090834,1,0.222222,8,0.157452,4,0.99417,0.997992
r04,PhysioNet,6,24.0,9,9,0,0,100.000000,0,0.005128,0.678122,6.09352,0.72288,0.226629,0.0110322,1,1,9,0.145504,3,0.996585,0.997336
r04,PhysioNet,7,28.0,8,8,0,0,100.000000,0,0.022935,0.766925,5.93634,0.712664,0.0519622,0.00533032,1,1,8,0.188052,3,0.996739,0.997813
r04,PhysioNet,8,32.0,8,8,0,0,100.000000,0,0.042023,0.737404,5.29195,0.720431,0.0355869,0.0106534,1,1,8,0.176065,3,0.996321,0.998116
r04,PhysioNet,9,36.0,9,9,0,0,100.000000,0,0.009543,0.558368,21.5151,0.65122,0.0402925,0.012148,1,0.2,9,0.135573,4,0.995991,0.998113
r04,PhysioNet,10,40.0,8,8,0,0,100.000000,0,0.000893,0.674575,7.44474,0.70244,0.353723,0.00898357,1,1,8,0.150102,3,0.997358,0.998078
r04,PhysioNet,11,44.0,8,8,0,0,100.000000,0,0.001766,0.647157,8.34271,0.708959,0.25339,0.00758869,1,1,8,0.238612,3,0.997087,0.998136
r04,PhysioNet,12,48.0,9,9,0,0,100.000000,0,0.018040,0.603877,9.88121,0.700686,0.32786,0.00706041,1,0.941176,9,0.205219,3,0.996539,0.998049
r04,PhysioNet,13,52.0,8,8,0,0,100.000000,0,0.003230,0.641622,6.9293,0.719779,0.418291,0.00629941,1,1,8,0.236149,3,0.997602,0.998196
r04,PhysioNet,14,56.0,8,8,0,0,100.000000,0,0.001316,0.509277,27.1291,0.647278,0.00509242,0.00528621,1,0.222222,8,0.109254,4,0.995929,0.997675
r04,PhysioNet,15,60.0,8,8,0,0,100.000000,0,0.008716,0.713108,6.68434,0.716098,0.200705,0.00410925,1,0.933333,8,0.208715,3,0.996156,0.997803
r04,PhysioNet,16,64.0,9,9,0,0,100.000000,0,0.001111,0.62579,6.58728,0.715826,0.474003,0.00798553,1,1,9,0.143093,3,0.997057,0.998154
r04,PhysioNet,17,68.0,8,8,0,0,100.000000,0,0.001542,0.306944,28.21,0.608585,0.329642,0.00946395,1,0.4,8,0.104609,4,0.995118,0.998207
r04,PhysioNet,18,72.0,8,8,0,0,100.000000,0,0.001159,0.456192,12.4515,0.642387,0.181606,0.00609931,1,0.333333,8,0.064313,4,0.988293,0.997546
r04,PhysioNet,19,76.0,9,9,0,0,100.000000,0,0.001365,0.417157,12.2144,0.609782,0.362929,0.0087137,1,0.153846,9,0.0778755,4,0.995874,0.997856
r04,PhysioNet,20,80.0,8,8,0,0,100.000000,0,0.000751,0.567863,18.3991,0.607206,0.302323,0.00570312,1,0,8,0.0445554,4,0.994701,0.997469
r04,PhysioNet,21,84.0,8,8,0,0,100.000000,0,0.009106,0.496222,11.1982,0.602869,0.238417,0.0363752,1,0,8,0.0534648,4,0.98997,0.997142
r04,PhysioNet,22,88.0,7,6,1,1,85.714286,0,0.861477,1.1069,2.8034,0.758522,0.268079,0.138082,0.833333,0.705882,7,0.0244954,3,0.962411,0.990967
r04,PhysioNet,23,92.0,7,7,0,0,100.000000,0,0.169157,0.668399,29.7156,0.762958,0.375337,0.0374989,1,0.25,7,0.0733522,4,0.964128,0.992788
r04,PhysioNet,24,96.0,7,7,0,0,100.000000,0,0.016984,0.512459,28.3057,0.61495,0.363034,0.0170683,1,0.444444,7,0.0687065,4,0.967067,0.993607
r04,PhysioNet,25,100.0,7,7,0,0,100.000000,0,0.015578,0.974528,5.15572,0.746588,0.359305,0.02883,1,1,7,0.107195,3,0.98603,0.996578
r04,PhysioNet,26,104.0,8,8,0,0,100.000000,0,0.005614,0.939645,3.55417,0.7504,0.361133,0.0245006,1,1,8,0.115585,3,0.992368,0.99673
r04,PhysioNet,27,108.0,8,8,0,0,100.000000,0,0.028379,0.795335,5.96994,0.740195,0.408253,0.0165582,1,1,8,0.165087,3,0.995764,0.997602
r04,PhysioNet,28,112.0,8,8,0,0,100.000000,0,0.001406,0.434988,17.9782,0.614616,0.0412095,0.00619614,1,0.363636,8,0.109642,4,0.995073,0.996974
r04,PhysioNet,29,116.0,9,9,0,0,100.000000,0,0.007777,0.46569,22.1191,0.611057,0.309484,0.0122901,1,0.181818,9,0.0598032,4,0.995815,0.998074
r04,PhysioNet,30,120.0,8,8,0,0,100.000000,0,0.048052,0.873278,6.97693,0.739248,0.397444,0.00850517,1,1,8,0.2025,3,0.995362,0.997393
r04,PhysioNet,31,124.0,8,8,0,0,100.000000,0,0.295624,0.869381,6.55994,0.755327,0.160322,0.0149727,1,1,8,0.203448,3,0.996536,0.998168
r04,PhysioNet,32,128.0,8,8,0,0,100.000000,0,0.019345,0.784385,7.28455,0.712396,0.263138,0.0131938,1,1,8,0.149718,3,0.996734,0.997354
r04,PhysioNet,33,132.0,8,8,0,0,100.000000,0,0.001514,0.528415,26.5484,0.714748,0.383355,0.00776019,1,0,8,0.11913,4,0.996327,0.997625
r04,PhysioNet,34,136.0,9,9,0,0,100.000000,0,0.019004,0.696162,5.54075,0.724961,0.505141,0.00578939,1,0.941176,9,0.186523,3,0.996485,0.998044
r04,PhysioNet,35,140.0,9,9,0,0,100.000000,0,0.011307,0.481503,26.9598,0.730873,0.0206381,0.0131761,1,0,9,0.108613,4,0.995755,0.998202
r04,PhysioNet,36,144.0,8,8,0,0,100.000000,0,0.001353,0.396843,24.8314,0.604906,0.217227,0.00860513,1,0.2,8,0.124036,4,0.992738,0.997479
r04,PhysioNet,37,148.0,9,9,0,0,100.000000,0,0.044348,0.704631,5.75248,0.7384,0.228238,0.00963822,1,0.888889,9,0.191558,3,0.996477,0.997423
r04,PhysioNet,38,152.0,8,8,0,0,100.000000,0,0.001225,0.57532,31.2954,0.627939,0.147015,0.00304663,1,0,8,0.140434,4,0.994857,0.997547
r04,PhysioNet,39,156.0,9,9,0,0,100.000000,0,0.001421,0.959108,3.7848,0.745358,0.0169566,0.00870333,1,0.888889,9,0.0801411,3,0.99451,0.997091
r04,PhysioNet,40,160.0,10,10,0,0,100.000000,0,0.051947,1.06687,3.564,0.755867,0.301282,0.0138886,1,1,10,0.179726,3,0.996748,0.99779
r04,PhysioNet,41,164.0,9,9,0,0,100.000000,0,0.014306,0.668983,28.1624,0.739578,0.239097,0.0118333,1,0,9,0.119542,4,0.995528,0.997752
r04,PhysioNet,42,168.0,10,10,0,0,100.000000,0,0.011045,0.568468,17.7679,0.657538,0.395801,0.0159037,1,0,9,0.0414138,4,0.994987,0.997601
r04,PhysioNet,43,172.0,9,9,0,0,100.000000,0,0.003531,0.967238,4.37826,0.740232,0.451974,0.0101931,1,0.777778,10,0.140871,3,0.99451,0.997465
r04,PhysioNet,44,176.0,9,9,0,0,100.000000,0,0.011076,0.648138,23.8399,0.679296,0.487036,0.0241655,1,0.2,9,0.0876872,4,0.993766,0.997518
r04,PhysioNet,45,180.0,9,9,0,0,100.000000,0,0.011810,0.856124,4.26297,0.742347,0.231756,0.0124267,1,0.823529,9,0.148954,3,0.996662,0.997523
r04,PhysioNet,46,184.0,9,9,0,0,100.000000,0,0.015619,0.609847,30.994,0.75585,0.411835,0.0207936,1,0.2,9,0.109805,4,0.994827,0.997764
r04,PhysioNet,47,188.0,9,9,0,0,100.000000,0,0.011919,0.859613,5.47701,0.736844,0.44001,0.0079818,1,1,9,0.177065,3,0.996984,0.998071
r04,PhysioNet,48,192.0,10,10,0,0,100.000000,0,0.003732,0.811222,5.83987,0.751049,0.41586,0.00892248,1,1,10,0.172791,3,0.99611,0.998291
r04,PhysioNet,49,196.0,9,9,0,0,100.000000,0,0.001024,0.579797,38.5865,0.662061,0.139265,0.0062253,1,0.2,9,0.112392,4,0.996262,0.997759
r04,PhysioNet,50,200.0,10,10,0,0,100.000000,0,0.014500,0.846473,4.95654,0.747813,0.297461,0.00645161,1,1,10,0.202278,3,0.996753,0.997554
r04,PhysioNet,51,204.0,9,9,0,0,100.000000,0,0.011645,0.653021,30.0218,0.671796,0.327117,0.0137302,1,0,9,0.0682445,4,0.993944,0.997112
r04,PhysioNet,52,208.0,9,9,0,0,100.000000,0,0.011812,0.680548,32.3434,0.69061,0.336187,0.0190207,1,0,9,0.0981044,4,0.996634,0.997748
r04,PhysioNet,53,212.0,9,8,1,1,88.888889,0,0.981128,0.662179,8.22047,0.742182,0.354455,0.178067,0.875,0.307692,9,0.0188793,3,0.943787,0.99327
r04,PhysioNet,54,216.0,8,8,0,0,100.000000,0,0.000811,0.517338,22.5799,0.654035,0.161144,0.00879777,1,0,8,0.0587931,4,0.9928,0.997421
r04,PhysioNet,55,220.0,7,7,0,0,100.000000,0,0.016931,0.46328,19.9501,0.697033,0.350602,0.0298367,1,0.222222,7,0.116819,4,0.993113,0.996499
r04,PhysioNet,56,224.0,9,9,0,0,100.000000,0,0.030745,0.77971,4.6225,0.737401,0.247191,0.0146165,1,0.888889,9,0.135774,3,0.995053,0.997549
r04,PhysioNet,57,228.0,8,8,0,0,100.000000,0,0.245425,0.749911,6.12337,0.723595,0.0591636,0.0194403,1,1,8,0.187694,4,0.996424,0.997969
r04,PhysioNet,58,232.0,8,8,0,0,100.000000,0,0.218299,0.858299,5.76356,0.726507,0.316698,0.0276017,1,1,8,0.190065,3,0.995417,0.99766
r04,PhysioNet,59,236.0,8,8,0,0,100.000000,0,0.009099,0.776389,4.07656,0.722961,0.281662,0.0164407,1,1,8,0.0965643,3,0.996339,0.997489
r04,PhysioNet,60,240.0,8,8,0,0,100.000000,0,0.013073,0.741097,4.53325,0.725409,0.149152,0.0110026,1,1,8,0.142579,3,0.996211,0.998266
r04,PhysioNet,61,244.0,9,9,0,0,100.000000,0,0.014173,0.710062,3.82271,0.71998,0.270719,0.0187905,1,0.888889,9,0.144384,3,0.996998,0.997922
r04,PhysioNet,62,248.0,8,8,0,0,100.000000,0,0.021663,0.752752,6.03437,0.727377,0.23665,0.0140859,1,1,8,0.0819251,3,0.99668,0.997797
r04,PhysioNet,63,252.0,8,8,0,0,100.000000,0,0.018382,0.446484,45.8069,0.63281,0.406477,0.0173656,1,0.222222,8,0.105287,4,0.995879,0.997521
r04,PhysioNet,64,256.0,9,9,0,0,100.000000,0,0.015918,0.75118,5.51923,0.745428,0.137585,0.00852551,1,1,9,0.190533,3,0.996387,0.997706
r04,PhysioNet,65,260.0,8,8,0,0,100.000000,0,0.011141,0.3332,27.1126,0.631796,0.214077,0.0120544,1,0.2,8,0.103754,4,0.994482,0.997589
r04,PhysioNet,66,264.0,8,8,0,0,100.000000,0,0.030562,0.793935,4.99898,0.730881,0.220741,0.0116671,1,0.941176,8,0.143682,3,0.996414,0.99778
r04,PhysioNet,67,268.0,9,9,0,0,100.000000,0,0.013084,0.759796,4.49728,0.735805,0.07944,0.0155255,1,1,9,0.13116,3,0.99629,0.997364
r04,PhysioNet,68,272.0,8,8,0,0,100.000000,0,0.004613,0.707486,6.19631,0.712426,0.470546,0.00591664,1,0.941176,8,0.148988,3,0.996502,0.99768
r04,PhysioNet,69,276.0,9,9,0,0,100.000000,0,0.012267,0.708567,5.90393,0.741671,0.525114,0.0124267,1,0.888889,9,0.156299,3,0.997031,0.997994
r04,PhysioNet,70,280.0,8,8,0,0,100.000000,0,0.016263,0.744601,6.36217,0.728457,0.104418,0.0164417,1,1,8,0.138794,3,0.996946,0.998146
r04,PhysioNet,71,284.0,9,9,0,0,100.000000,0,0.003729,0.498223,32.9256,0.734857,0.47876,0.00852551,1,0.5,9,0.171836,4,0.996063,0.99803
r04,PhysioNet,72,288.0,8,8,0,0,100.000000,0,0.022630,0.398424,44.1623,0.625528,0.320442,0.0124414,1,0.222222,8,0.170734,4,0.995553,0.997879
r04,PhysioNet,73,292.0,8,8,0,0,100.000000,0,0.016742,0.695257,6.41935,0.718633,0.519972,0.0103047,1,0.941176,8,0.191714,3,0.995815,0.997611
r04,PhysioNet,74,296.0,9,9,0,0,100.000000,0,0.008697,0.688316,7.47454,0.718573,0.266486,0.0177829,1,0.823529,9,0.0911115,3,0.9962,0.996777
r07,PhysioNet,0,0.0,9,9,0,0,100.000000,0,0.006475,0.460036,30.0791,0.649334,0.405717,0.0104781,1,0,8,0.222796,4,0.996325,0.997718
r07,PhysioNet,1,4.0,8,8,0,0,100.000000,0,0.000595,0.589602,7.41426,0.716415,0.189766,0.00508572,1,0.941176,9,0.158832,3,0.996934,0.998335
r07,PhysioNet,2,8.0,8,8,0,0,100.000000,0,0.000451,0.682225,5.20096,0.708633,0.0500541,0.00540766,1,1,8,0.131081,3,0.997096,0.997855
r07,PhysioNet,3,12.0,9,9,0,0,100.000000,0,0.000451,0.661697,5.9595,0.719779,0.169011,0.00604365,1,1,9,0.143748,3,0.996599,0.997759
r07,PhysioNet,4,16.0,9,9,0,0,100.000000,0,0.000879,0.505352,24.6509,0.648525,0.0827499,0.00512923,1,0,9,0.101216,4,0.997307,0.998338
r07,PhysioNet,5,20.0,8,8,0,0,100.000000,0,0.003885,0.688925,7.95124,0.722103,0.356476,0.00898357,1,0.941176,8,0.171557,3,0.996682,0.997869
r07,PhysioNet,6,24.0,8,8,0,0,100.000000,0,0.002703,0.491518,27.8492,0.626355,0.44385,0.00298718,1,0.222222,8,0.112736,4,0.993316,0.997535
r07,PhysioNet,7,28.0,9,9,0,0,100.000000,0,0.012363,0.622958,7.61944,0.720416,0.281294,0.00825796,1,0.941176,9,0.189764,3,0.995474,0.997631
r07,PhysioNet,8,32.0,8,8,0,0,100.000000,0,0.012927,0.568808,7.9642,0.700239,0.470465,0.00706782,1,1,8,0.197285,3,0.997254,0.998004
r07,PhysioNet,9,36.0,9,9,0,0,100.000000,0,0.000699,0.548426,11.2702,0.715382,0.488498,0.010292,1,1,9,0.175389,3,0.992077,0.99784
r07,PhysioNet,10,40.0,8,8,0,0,100.000000,0,0.000989,0.718441,3.83861,0.717319,0.00699788,0.00839782,1,0.875,8,0.112687,4,0.996533,0.998028
r07,PhysioNet,11,44.0,9,9,0,0,100.000000,0,0.000876,0.45578,35.5119,0.720337,0.278514,0.00845288,1,0.2,9,0.159771,4,0.994784,0.997509
r07,PhysioNet,12,48.0,8,8,0,0,100.000000,0,0.003254,0.653563,7.58009,0.716622,0.449071,0.00609931,1,1,8,0.168224,3,0.997098,0.9979
r07,PhysioNet,13,52.0,9,9,0,0,100.000000,0,0.000406,0.426603,25.6199,0.660095,0.36591,0.00277623,1,0,9,0.0489859,4,0.997472,0.998312
r07,PhysioNet,14,56.0,8,8,0,0,100.000000,0,0.000830,0.448959,28.3975,0.630654,0.139746,0.00619565,1,0.222222,8,0.0983055,4,0.996964,0.998353
r07,PhysioNet,15,60.0,9,9,0,0,100.000000,0,0.016084,0.781882,5.71445,0.728894,0.311365,0.0028541,1,1,9,0.200219,3,0.996567,0.997633
r07,PhysioNet,16,64.0,8,8,0,0,100.000000,0,0.011775,0.532134,31.1037,0.633719,0.314205,0.00604812,1,0.222222,8,0.182911,4,0.993661,0.997023
r07,PhysioNet,17,68.0,9,9,0,0,100.000000,0,0.019054,0.449861,20.5003,0.622564,0.398158,0.0133152,1,0.181818,9,0.0938508,4,0.98993,0.997881
r07,PhysioNet,18,72.0,8,8,0,0,100.000000,0,0.001088,0.761737,5.45475,0.723237,0.0817464,0.0104781,1,1,8,0.165035,3,0.996448,0.997394
r07,PhysioNet,19,76.0,9,9,0,0,100.000000,0,0.001233,0.568004,27.0934,0.746851,0.355389,0.0057697,1,0,9,0.177497,4,0.994802,0.997896
r07,PhysioNet,20,80.0,8,8,0,0,100.000000,0,0.007795,0.508168,23.0457,0.637579,0.180247,0.0174704,1,0.2,8,0.095197,4,0.992865,0.99761
r07,PhysioNet,21,84.0,8,8,0,0,100.000000,0,0.012380,0.580817,38.9657,0.662855,0.238838,0.0351108,1,0.222222,8,0.154105,4,0.986548,0.997621
r07,PhysioNet,22,88.0,8,8,0,0,100.000000,0,0.005553,1.00171,5.80486,0.757411,0.194767,0.00877953,1,1,8,0.179857,3,0.995616,0.997862
r07,PhysioNet,23,92.0,9,9,0,0,100.000000,0,0.000579,0.878354,5.73742,0.748413,0.255381,0.00559355,1,1,9,0.133177,3,0.995988,0.997076
r07,PhysioNet,24,96.0,8,8,0,0,100.000000,0,0.000758,0.866213,5.74072,0.749653,0.298138,0.00748108,1,1,8,0.138947,3,0.996204,0.997962
r07,PhysioNet,25,100.0,9,9,0,0,100.000000,0,0.005714,0.443561,20.5049,0.628456,0.32739,0.0164913,1,0.363636,9,0.110756,4,0.987098,0.997079
r07,PhysioNet,26,104.0,8,8,0,0,100.000000,0,0.004141,0.901563,4.28508,0.725215,0.103452,0.0113073,1,1,8,0.117355,3,0.996206,0.99794
r07,PhysioNet,27,108.0,8,8,0,0,100.000000,0,0.005619,0.377728,26.595,0.611578,0.366189,0.0164262,1,0.4,8,0.0846782,4,0.986473,0.997029
r07,PhysioNet,28,112.0,8,8,0,0,100.000000,0,0.007012,0.394274,23.6883,0.599115,0.195632,0.0205503,1,0.2,8,0.102752,4,0.993056,0.997678
r07,PhysioNet,29,116.0,9,9,0,0,100.000000,0,0.000455,0.452236,31.0769,0.639439,0.290926,0.00943489,1,0,9,0.0721086,4,0.99667,0.997647
r07,PhysioNet,30,120.0,8,8,0,0,100.000000,0,0.000478,0.464558,34.2482,0.632313,0.194047,0.00876266,1,0,8,0.0576912,4,0.996318,0.997955
r07,PhysioNet,31,124.0,8,8,0,0,100.000000,0,0.001224,0.761828,6.40531,0.73736,0.237001,0.00615081,1,1,8,0.13937,3,0.996625,0.99738
r07,PhysioNet,32,128.0,9,9,0,0,100.000000,0,0.008022,0.689444,5.84823,0.726164,0.432482,0.00730823,1,1,9,0.165774,3,0.9969,0.997817
r07,PhysioNet,33,132.0,8,8,0,0,100.000000,0,0.001636,0.715782,6.37358,0.719829,0.211478,0.00761995,1,0.875,8,0.163569,3,0.996663,0.997983
r07,PhysioNet,34,136.0,9,9,0,0,100.000000,0,0.093847,0.732632,22.0115,0.655725,0.051802,0.0141736,1,0.2,9,0.169888,4,0.994961,0.997447
r07,PhysioNet,35,140.0,8,8,0,0,100.000000,0,0.003614,0.576987,26.7385,0.634904,0.370203,0.0169239,1,0,8,0.0550797,4,0.992396,0.997981
r07,PhysioNet,36,144.0,9,9,0,0,100.000000,0,0.001090,0.486106,24.5838,0.610428,0.0491677,0.0103354,1,0.181818,9,0.0879246,4,0.993561,0.997894
r07,PhysioNet,37,148.0,8,8,0,0,100.000000,0,0.012979,0.788853,6.55978,0.730889,0.283144,0.0071283,1,1,8,0.182015,3,0.996519,0.997354
r07,PhysioNet,38,152.0,9,9,0,0,100.000000,0,0.001207,0.29707,16.9347,0.603217,0.376928,0.00786447,1,0.166667,9,0.141649,4,0.994906,0.998157
r07,PhysioNet,39,156.0,8,8,0,0,100.000000,0,0.010114,0.816516,7.32347,0.74225,0.362119,0.00744494,1,1,8,0.186997,3,0.995394,0.997458
r07,PhysioNet,40,160.0,8,8,0,0,100.000000,0,0.015917,0.470389,27.8905,0.628682,0.433528,0.0108189,1,0,8,0.127791,4,0.996779,0.997722
r07,PhysioNet,41,164.0,9,9,0,0,100.000000,0,0.021202,0.490055,26.6415,0.735633,0.384433,0.00692406,1,0,9,0.205425,4,0.996379,0.998127
r07,PhysioNet,42,168.0,8,8,0,0,100.000000,0,0.008227,0.735021,7.31725,0.739895,0.442274,0.00839782,1,0.875,8,0.153138,3,0.995867,0.997702
r07,PhysioNet,43,172.0,9,9,0,0,100.000000,0,0.008608,0.740212,6.1072,0.734035,0.445088,0.00507495,1,1,9,0.162165,3,0.997012,0.99827
r07,PhysioNet,44,176.0,8,8,0,0,100.000000,0,0.002506,0.470316,30.3956,0.723331,0.449381,0.00771517,1,0,8,0.155198,4,0.997373,0.998083
r07,PhysioNet,45,180.0,8,8,0,0,100.000000,0,0.000881,0.399768,37.5042,0.623283,0.345743,0.00756526,1,0.222222,8,0.121132,4,0.995103,0.997335
r07,PhysioNet,46,184.0,9,9,0,0,100.000000,0,0.007430,0.758312,7.47368,0.747296,0.433065,0.00557,1,0.941176,9,0.163787,3,0.995298,0.997659
r07,PhysioNet,47,188.0,8,8,0,0,100.000000,0,0.004540,0.759114,8.39563,0.730355,0.474683,0.00536227,1,1,8,0.14031,3,0.997342,0.997989
r07,PhysioNet,48,192.0,9,9,0,0,100.000000,0,0.001080,0.68118,5.80279,0.738696,0.425799,0.00818813,1,1,9,0.146377,3,0.996342,0.997655
r07,PhysioNet,49,196.0,8,8,0,0,100.000000,0,0.001103,0.467668,34.5583,0.635655,0.460032,0.00700836,1,0,8,0.0523198,4,0.996926,0.997749
r07,PhysioNet,50,200.0,8,8,0,0,100.000000,0,0.031429,0.790187,6.75764,0.745679,0.473751,0.00694988,1,1,8,0.181808,3,0.996559,0.997949
r07,PhysioNet,51,204.0,9,9,0,0,100.000000,0,0.001789,0.741935,7.00311,0.750136,0.356541,0.00724707,1,1,9,0.172687,3,0.996126,0.998323
r07,PhysioNet,52,208.0,8,8,0,0,100.000000,0,0.001151,0.578958,31.576,0.651227,0.270693,0.00711092,1,0.222222,8,0.105083,4,0.995103,0.997699
r07,PhysioNet,53,212.0,9,9,0,0,100.000000,0,0.004553,0.384052,11.6085,0.59428,0.190828,0.0139817,1,0,9,0.125922,4,0.991135,0.996473
r07,PhysioNet,54,216.0,8,8,0,0,100.000000,0,0.007721,0.4117,12.4803,0.573862,0.249001,0.012467,1,0.166667,8,0.0994176,5,0.987104,0.997388
r07,PhysioNet,55,220.0,9,9,0,0,100.000000,0,0.002104,0.401442,12.2512,0.594732,0.267252,0.00935593,1,0,9,0.170575,4,0.993155,0.997735
r07,PhysioNet,56,224.0,8,8,0,0,100.000000,0,0.001105,0.581476,13.6407,0.607917,0.289671,0.00898357,1,0,8,0.121262,4,0.995543,0.997329
r07,PhysioNet,57,228.0,8,8,0,0,100.000000,0,0.005855,0.547327,15.153,0.613585,0.270313,0.0200934,1,0,8,0.114341,4,0.988337,0.99671
r07,PhysioNet,58,232.0,8,8,0,0,100.000000,0,0.004561,0.548027,21.8319,0.626098,0.183605,0.0134045,1,0,8,0.0671665,4,0.995237,0.997355
r07,PhysioNet,59,236.0,8,8,0,0,100.000000,0,0.006845,0.508085,28.1416,0.635157,0.289512,0.0357369,1,0.222222,8,0.120188,4,0.990141,0.996686
r07,PhysioNet,60,240.0,8,8,0,0,100.000000,0,0.012369,0.544708,30.9802,0.735115,0.326778,0.0226411,1,0.222222,8,0.231495,4,0.987523,0.997814
r07,PhysioNet,61,244.0,8,8,0,0,100.000000,0,0.016084,0.798655,5.88759,0.729666,0.350515,0.00726126,1,1,8,0.198913,3,0.99644,0.997558
r07,PhysioNet,62,248.0,8,8,0,0,100.000000,0,0.136670,0.757075,5.23135,0.710879,0.270543,0.0116245,1,1,8,0.194669,3,0.995959,0.997528
r07,PhysioNet,63,252.0,8,8,0,0,100.000000,0,0.001099,0.554728,29.6806,0.634973,0.302662,0.00920937,1,0.222222,8,0.137511,4,0.992542,0.997264
r07,PhysioNet,64,256.0,8,8,0,0,100.000000,0,0.004417,0.437267,41.9721,0.61545,0.31793,0.0106534,1,0.222222,8,0.104664,4,0.992544,0.996924
r07,PhysioNet,65,260.0,8,8,0,0,100.000000,0,0.002559,0.766596,5.0493,0.734983,0.141098,0.00945755,1,1,8,0.174681,3,0.996147,0.997524
r07,PhysioNet,66,264.0,9,9,0,0,100.000000,0,0.000980,0.342559,27.6571,0.598611,0.253296,0.00964569,1,0.181818,9,0.101769,4,0.990472,0.99761
r07,PhysioNet,67,268.0,8,8,0,0,100.000000,0,0.005115,0.748974,8.01827,0.732884,0.38625,0.00604866,1,1,8,0.212305,3,0.996213,0.997741
r07,PhysioNet,68,272.0,8,8,0,0,100.000000,0,0.000913,0.397378,44.2668,0.626976,0.282369,0.00749355,1,0.222222,8,0.0956404,4,0.99277,0.997618
r07,PhysioNet,69,276.0,9,9,0,0,100.000000,0,0.024148,0.715774,6.81665,0.729956,0.485197,0.0128234,1,0.941176,9,0.161846,3,0.996096,0.998011
r07,PhysioNet,70,280.0,8,8,0,0,100.000000,0,0.004325,0.691624,7.1907,0.729065,0.206903,0.00883508,1,0.941176,8,0.232627,3,0.996593,0.997503
r07,PhysioNet,71,284.0,8,8,0,0,100.000000,0,0.014129,0.628705,6.63841,0.715647,0.402352,0.00961425,1,1,8,0.183013,3,0.997147,0.998335
r07,PhysioNet,72,288.0,8,8,0,0,100.000000,0,0.000451,0.644269,7.0037,0.720544,0.340342,0.00528621,1,1,8,0.148058,3,0.995601,0.99756
r07,PhysioNet,73,292.0,9,9,0,0,100.000000,0,0.000850,0.67333,8.24956,0.738981,0.280362,0.0071787,1,1,9,0.172583,3,0.997058,0.997744
r07,PhysioNet,74,296.0,8,8,0,0,100.000000,0,0.002293,0.708956,8.91252,0.709802,0.097639,0.00635234,1,1,8,0.173998,3,0.996678,0.997785
r08,PhysioNet,0,0.0,9,9,0,0,100.000000,0,0.003828,0.690241,10.7989,0.753428,0.161738,0.0154647,1,1,9,0.162936,3,0.992873,0.998593
r08,PhysioNet,1,4.0,8,8,0,0,100.000000,0,0.014942,0.737113,8.35986,0.745633,0.14929,0.022872,1,0.714286,8,0.0564167,3,0.987409,0.99879
r08,PhysioNet,2,8.0,9,9,0,0,100.000000,0,0.004157,0.624972,6.3699,0.74532,0.484933,0.00402179,1,0.666667,9,0.177619,3,0.996905,0.998823
r08,PhysioNet,3,12.0,8,8,0,0,100.000000,0,0.000808,0.646606,6.14451,0.715837,0.115596,0.00604866,1,0.625,8,0.116057,4,0.997617,0.998858
r08,PhysioNet,4,16.0,8,8,0,0,100.000000,0,0.001347,0.748863,6.91271,0.746521,0.55877,0.00584604,1,0.75,8,0.134982,3,0.998524,0.999008
r08,PhysioNet,5,20.0,8,8,0,0,100.000000,0,0.001637,0.697911,5.73852,0.718128,0.489163,0.00624735,1,0.625,8,0.103268,3,0.998361,0.999033
r08,PhysioNet,6,24.0,9,9,0,0,100.000000,0,0.006993,0.637922,6.5696,0.724534,0.562741,0.0143151,1,0.666667,9,0.0889112,3,0.997313,0.999171
r08,PhysioNet,7,28.0,9,9,0,0,100.000000,0,0.002244,0.693455,6.91837,0.753342,0.489895,0.00880938,1,0.705882,9,0.0415573,3,0.997362,0.998292
r08,PhysioNet,8,32.0,9,9,0,0,100.000000,0,0.000526,0.544252,7.3109,0.70667,0.237661,0.0054068,1,0.666667,9,0.0823679,4,0.99771,0.998873
r08,PhysioNet,9,36.0,9,9,0,0,100.000000,0,0.002837,0.457812,5.22231,0.730978,0.615069,0.0137253,1,0.352941,9,0.0865138,3,0.997726,0.998858
r08,PhysioNet,10,40.0,8,8,0,0,100.000000,0,0.003702,0.514999,4.43646,0.712667,0.272066,0.0105772,1,0.470588,8,0.0728484,4,0.997855,0.999096
r08,PhysioNet,11,44.0,10,10,0,0,100.000000,0,0.000470,0.575515,8.57905,0.739871,0.190388,0.00864962,1,0.842105,10,0.0563555,3,0.997388,0.999002
r08,PhysioNet,12,48.0,9,9,0,0,100.000000,0,0.003174,0.540573,7.36779,0.731206,0.257621,0.0134963,1,0.705882,9,0.15625,3,0.997891,0.998902
r08,PhysioNet,13,52.0,10,10,0,0,100.000000,0,0.002130,0.515807,8.10075,0.747709,0.290123,0.0135305,1,0.736842,10,0.0505089,3,0.997698,0.999114
r08,PhysioNet,14,56.0,9,9,0,0,100.000000,0,0.008297,0.51249,8.63825,0.712005,0.110493,0.0234104,1,0.625,9,0.0841029,3,0.994162,0.998976
r08,PhysioNet,15,60.0,8,8,0,0,100.000000,0,0.002079,0.58788,6.85374,0.751814,0.114095,0.0107633,1,0.875,8,0.163307,3,0.997703,0.999141
r08,PhysioNet,16,64.0,9,9,0,0,100.000000,0,0.000255,0.600344,9.55549,0.767584,0.053327,0.00554665,1,1,9,0.1558,3,0.998531,0.999049
r08,PhysioNet,17,68.0,8,8,0,0,100.000000,0,0.001358,0.501572,11.3224,0.69335,0.175458,0.00711092,1,0.333333,8,0.0698855,4,0.996035,0.998943
r08,PhysioNet,18,72.0,9,9,0,0,100.000000,0,0.000499,0.522417,11.4006,0.693061,0.32643,0.00812289,1,0.166667,9,0.0892573,4,0.998441,0.998933
r08,PhysioNet,19,76.0,9,9,0,0,100.000000,0,0.005922,0.476948,12.2404,0.736752,0.301351,0.0131177,1,0.666667,9,0.035923,4,0.994367,0.998981
r08,PhysioNet,20,80.0,9,9,0,0,100.000000,0,0.003360,0.647124,8.68593,0.787918,0.292307,0.0104484,1,1,9,0.198749,3,0.997696,0.998973
r08,PhysioNet,21,84.0,8,8,0,0,100.000000,0,0.001557,0.439242,10.8851,0.71281,0.403806,0.00867762,1,0.8,8,0.147269,4,0.998419,0.999122
r08,PhysioNet,22,88.0,8,8,0,0,100.000000,0,0.001193,0.460096,7.24217,0.693104,0.405228,0.00537516,1,0.5,8,0.0466549,4,0.998577,0.998926
r08,PhysioNet,23,92.0,9,9,0,0,100.000000,0,0.001868,0.488558,8.95668,0.765508,0.200694,0.0106718,1,1,9,0.157354,3,0.99873,0.999066
r08,PhysioNet,24,96.0,8,8,0,0,100.000000,0,0.001021,0.497703,9.37089,0.753608,0.408884,0.00892888,1,0.875,8,0.164939,3,0.998766,0.999083
r08,PhysioNet,25,100.0,9,9,0,0,100.000000,0,0.003013,0.55182,9.30563,0.77092,0.43551,0.00865801,1,0.888889,9,0.20669,3,0.998644,0.998919
r08,PhysioNet,26,104.0,9,9,0,0,100.000000,0,0.001657,0.501451,8.91389,0.773097,0.358385,0.00747618,1,1,9,0.180445,3,0.997945,0.999081
r08,PhysioNet,27,108.0,8,8,0,0,100.000000,0,0.000375,0.546479,12.3316,0.76048,0.492596,0.00640618,1,1,8,0.144353,3,0.998806,0.999071
r08,PhysioNet,28,112.0,8,8,0,0,100.000000,0,0.000689,0.496748,9.12651,0.738745,0.566716,0.00726079,1,0.875,8,0.152032,3,0.998185,0.999175
r08,PhysioNet,29,116.0,9,9,0,0,100.000000,0,0.001100,0.591925,13.7401,0.780812,0.283298,0.0202212,1,1,9,0.132784,3,0.996422,0.99878
r08,PhysioNet,30,120.0,9,9,0,0,100.000000,0,0.001737,0.469572,9.86989,0.744254,0.218514,0.0179554,1,0.823529,9,0.147108,3,0.998183,0.998709
r08,PhysioNet,31,124.0,10,10,0,0,100.000000,0,0.001849,0.412857,7.51542,0.717265,0.413439,0.00404504,1,1,10,0.254553,3,0.997124,0.998943
r08,PhysioNet,32,128.0,10,10,0,0,100.000000,0,0.000242,0.609338,9.72332,0.758646,0.382518,0.00992705,1,0.9,10,0.147494,3,0.998358,0.999013
r08,PhysioNet,33,132.0,10,10,0,0,100.000000,0,0.003954,0.565333,5.1068,0.743314,0.601279,0.0377325,1,0.6,10,0.275512,3,0.99829,0.999016
r08,PhysioNet,34,136.0,8,8,0,0,100.000000,0,0.004179,0.505187,7.72556,0.702655,0.531438,0.0283371,1,0.75,8,0.129099,3,0.99723,0.998886
r08,PhysioNet,35,140.0,9,9,0,0,100.000000,0,0.011210,0.490595,7.59071,0.729393,0.477379,0.0285106,1,0.777778,9,0.148378,3,0.996948,0.998969
r08,PhysioNet,36,144.0,8,8,0,0,100.000000,0,0.003356,0.45878,8.25207,0.733646,0.571667,0.0173671,1,0.875,8,0.115872,3,0.998281,0.999006
r08,PhysioNet,37,148.0,9,9,0,0,100.000000,0,0.000354,0.572657,9.78025,0.763192,0.538557,0.00998245,1,1,9,0.156105,3,0.998481,0.998765
r08,PhysioNet,38,152.0,9,9,0,0,100.000000,0,0.003633,0.450349,12.1152,0.732846,0.599001,0.0121885,1,0.888889,9,0.215317,3,0.996633,0.998983
r08,PhysioNet,39,156.0,9,9,0,0,100.000000,0,0.000635,0.533648,8.1024,0.754108,0.591024,0.00609575,1,0.777778,9,0.0429813,3,0.998452,0.998941
r08,PhysioNet,40,160.0,8,8,0,0,100.000000,0,0.000697,0.515497,11.7161,0.739219,0.514511,0.0060184,1,1,8,0.210464,3,0.997624,0.998907
r08,PhysioNet,41,164.0,9,9,0,0,100.000000,0,0.028152,0.504964,12.3809,0.758293,0.451784,0.0140313,1,0.777778,9,0.212423,3,0.997055,0.998843
r08,PhysioNet,42,168.0,9,9,0,0,100.000000,0,0.000277,0.510137,7.97126,0.74967,0.636642,0.00573916,1,0.888889,9,0.175959,3,0.998631,0.999
r08,PhysioNet,43,172.0,9,9,0,0,100.000000,0,0.020254,0.525365,8.24014,0.748956,0.455762,0.00980732,1,0.823529,9,0.205649,3,0.998402,0.99893
r08,PhysioNet,44,176.0,8,8,1,0,94.117647,0,0.037949,0.605806,13.9477,0.767575,0.252058,0.0410138,1,0.941176,9,0.172453,3,0.955373,0.998827
r08,PhysioNet,45,180.0,9,9,0,0,100.000000,0,0.009855,0.537433,7.2189,0.722965,0.21599,0.0162398,1,0.888889,9,0.280694,4,0.995426,0.999038
r08,PhysioNet,46,184.0,9,9,2,0,90.000000,0,0.111103,0.575654,5.9732,0.70011,0.266207,0.107146,0.9,0.5,11,0.263258,4,0.907125,0.998871
r08,PhysioNet,47,188.0,8,8,0,0,100.000000,0,0.003915,0.546461,9.84901,0.765242,0.29599,0.0969341,1,0.875,8,0.168197,3,0.998204,0.998953
r08,PhysioNet,48,192.0,7,7,0,0,100.000000,0,0.006452,0.560637,11.3132,0.75112,0.442514,0.0361325,1,0.857143,7,0.0876143,3,0.998899,0.999225
r08,PhysioNet,49,196.0,9,9,0,0,100.000000,0,0.018974,0.587751,8.59687,0.763083,0.13495,0.0216414,1,1,9,0.187108,3,0.998013,0.998983
r08,PhysioNet,50,200.0,9,9,0,0,100.000000,0,0.001117,0.513771,9.34562,0.737813,0.10491,0.00630551,1,0.888889,9,0.20879,3,0.998432,0.998724
r08,PhysioNet,51,204.0,9,9,0,0,100.000000,0,0.001535,0.588681,10.4608,0.768014,0.216369,0.00794519,1,1,9,0.177992,3,0.998278,0.998753
r08,PhysioNet,52,208.0,9,9,0,0,100.000000,0,0.002918,0.453288,9.27748,0.764279,0.157428,0.0149398,1,0.888889,9,0.150196,3,0.996267,0.999023
r08,PhysioNet,53,212.0,9,9,0,0,100.000000,0,0.000963,0.436874,7.6874,0.731354,0.317632,0.00866439,1,0.777778,9,0.0546969,3,0.995823,0.999166
r08,PhysioNet,54,216.0,8,8,0,0,100.000000,0,0.006112,0.489582,8.30921,0.73815,0.282247,0.0195883,1,0.875,8,0.206905,3,0.998512,0.999117
r08,PhysioNet,55,220.0,9,9,0,0,100.000000,0,0.220252,0.511127,8.09079,0.764638,0.44121,0.012987,1,0.705882,9,0.195241,3,0.995032,0.999016
r08,PhysioNet,56,224.0,9,9,0,0,100.000000,0,0.004453,0.408537,6.37273,0.716079,0.514101,0.0121046,1,0.705882,9,0.0761351,3,0.998346,0.999109
r08,PhysioNet,57,228.0,8,8,0,0,100.000000,0,0.001146,0.397926,10.6647,0.700065,0.485241,0.0061434,1,0.625,8,0.118117,4,0.995376,0.998959
r08,PhysioNet,58,232.0,9,9,0,0,100.000000,0,0.000604,0.400168,5.87532,0.710939,0.489275,0.0083682,1,0.588235,9,0.0939772,4,0.998438,0.998885
r08,PhysioNet,59,236.0,8,8,0,0,100.000000,0,0.000506,0.446889,6.73118,0.700868,0.584913,0.00839782,1,0.625,8,0.0593632,4,0.998471,0.99911
r08,PhysioNet,60,240.0,9,9,0,0,100.000000,0,0.000655,0.394821,6.824,0.724665,0.555734,0.00372484,1,0.555556,9,0.0792473,3,0.998575,0.998924
r08,PhysioNet,61,244.0,8,8,0,0,100.000000,0,0.000613,0.433476,8.18174,0.725208,0.575484,0.00431933,1,0.75,8,0.0586918,3,0.998683,0.999071
r08,PhysioNet,62,248.0,9,9,0,0,100.000000,0,0.001598,0.442644,8.66397,0.737381,0.665323,0.012817,1,0.888889,9,0.155422,3,0.996971,0.999173
r08,PhysioNet,63,252.0,8,8,0,0,100.000000,0,0.000209,0.481774,7.16813,0.726176,0.628182,0.00380539,1,0.875,8,0.122613,3,0.998676,0.999247
r08,PhysioNet,64,256.0,9,9,0,0,100.000000,0,0.000560,0.435085,7.48795,0.742627,0.566524,0.00557,1,0.777778,9,0.152544,3,0.998601,0.999082
r08,PhysioNet,65,260.0,8,8,0,0,100.000000,0,0.000627,0.398825,6.48117,0.6978,0.608918,0.00604866,1,0.5,8,0.0467918,3,0.998551,0.998943
r08,PhysioNet,66,264.0,8,8,0,0,100.000000,0,0.000365,0.486461,8.52715,0.749884,0.689711,0.00537516,1,0.75,8,0.185499,3,0.998795,0.999056
r08,PhysioNet,67,268.0,9,9,0,0,100.000000,0,0.000360,0.442843,6.34347,0.739635,0.672589,0.00421941,1,0.555556,9,0.196362,3,0.998795,0.999139
r08,PhysioNet,68,272.0,8,8,0,0,100.000000,0,0.000598,0.469684,9.73457,0.71786,0.62758,0.0100197,1,0.75,8,0.19855,3,0.995759,0.999061
r08,PhysioNet,69,276.0,9,9,0,0,100.000000,0,0.000647,0.46657,8.19037,0.737869,0.614235,0.00564126,1,0.777778,9,0.193639,3,0.998611,0.999022
r08,PhysioNet,70,280.0,8,8,0,0,100.000000,0,0.000490,0.476926,8.47401,0.739526,0.589594,0.00452985,1,0.625,8,0.25124,3,0.998743,0.999241
r08,PhysioNet,71,284.0,9,9,0,0,100.000000,0,0.000354,0.561367,11.526,0.765625,0.588579,0.0042735,1,1,9,0.133379,3,0.998563,0.998918
r08,PhysioNet,72,288.0,9,9,0,0,100.000000,0,0.000689,0.467087,7.86932,0.737217,0.588126,0.00429185,1,0.705882,9,0.147407,3,0.997887,0.99897
r08,PhysioNet,73,292.0,8,8,0,0,100.000000,0,0.000611,0.403377,5.4526,0.718634,0.589646,0.00620319,1,0.470588,8,0.0959623,3,0.99877,0.999051
r08,PhysioNet,74,296.0,9,9,0,0,100.000000,0,0.000277,0.447044,6.44457,0.73634,0.651345,0.00568979,1,0.705882,9,0.0818331,3,0.998565,0.998967
r10,PhysioNet,0,0.0,8,8,0,0,100.000000,0,0.001256,0.648614,9.00524,0.727394,0.463255,0.0380796,1,1,8,0.126758,3,0.997022,0.998203
r10,PhysioNet,1,4.0,8,8,0,0,100.000000,0,0.001018,0.637497,20.2538,0.69291,0.475079,0.0216615,1,0.222222,8,0.165374,4,0.992829,0.998284
r10,PhysioNet,2,8.0,8,8,0,0,100.000000,0,0.000828,0.828331,5.81818,0.73609,0.486919,0.0342131,1,1,8,0.165542,3,0.997238,0.998938
r10,PhysioNet,3,12.0,9,9,0,0,100.000000,0,0.000277,0.762153,7.48764,0.732604,0.509182,0.017766,1,1,9,0.186686,3,0.995996,0.998553
r10,PhysioNet,4,16.0,9,9,0,0,100.000000,0,0.000227,0.622526,7.54997,0.712209,0.551533,0.0148695,1,1,9,0.240776,3,0.99793,0.998849
r10,PhysioNet,5,20.0,9,9,0,0,100.000000,0,0.000198,0.611374,8.63135,0.723192,0.428113,0.016556,1,1,9,0.227431,3,0.996644,0.998461
r10,PhysioNet,6,24.0,9,9,0,0,100.000000,0,0.000198,0.576612,8.22642,0.723074,0.472062,0.0171601,1,1,9,0.228874,3,0.997672,0.998422
r10,PhysioNet,7,28.0,8,8,0,0,100.000000,0,0.000179,0.577291,10.9693,0.727298,0.496509,0.0145045,1,1,8,0.195661,3,0.997529,0.998372
r10,PhysioNet,8,32.0,8,8,0,0,100.000000,0,0.000626,0.611489,5.12538,0.697044,0.536156,0.0253396,1,0.666667,8,0.0942864,3,0.9927,0.997701
r10,PhysioNet,9,36.0,9,9,0,0,100.000000,0,0.000251,0.685284,6.02366,0.740646,0.47706,0.0107225,1,1,9,0.205199,3,0.997928,0.998484
r10,PhysioNet,10,40.0,9,9,0,0,100.000000,0,0.000179,0.573693,8.28547,0.726466,0.523874,0.0123976,1,1,9,0.211443,3,0.99758,0.998358
r10,PhysioNet,11,44.0,8,8,0,0,100.000000,0,0.000244,0.626254,9.04951,0.721539,0.5389,0.012022,1,1,8,0.208283,3,0.996288,0.997926
r10,PhysioNet,12,48.0,9,9,0,0,100.000000,0,0.000244,0.659814,8.4514,0.725994,0.515868,0.0106522,1,1,9,0.231557,3,0.997825,0.998752
r10,PhysioNet,13,52.0,8,8,0,0,100.000000,0,0.000198,0.607896,8.5886,0.718219,0.471861,0.0125456,1,1,8,0.174065,3,0.998059,0.9984
r10,PhysioNet,14,56.0,9,9,0,0,100.000000,0,0.000167,0.573939,7.74145,0.710054,0.486107,0.00735394,1,1,9,0.242588,3,0.997899,0.998892
r10,PhysioNet,15,60.0,9,9,0,0,100.000000,0,0.000244,0.655988,9.23778,0.725658,0.544995,0.01065,1,1,9,0.201291,3,0.99738,0.998562
r10,PhysioNet,16,64.0,9,9,0,0,100.000000,0,0.000179,0.585212,8.28593,0.716599,0.486531,0.00614875,1,0.941176,9,0.22583,3,0.997212,0.998677
r10,PhysioNet,17,68.0,8,8,0,0,100.000000,0,0.000175,0.517812,13.5272,0.680587,0.457697,0.00723443,1,1,8,0.275076,4,0.996557,0.998635
r10,PhysioNet,18,72.0,9,9,0,0,100.000000,0,0.000306,0.740134,6.13124,0.750062,0.476739,0.0130406,1,1,9,0.228709,3,0.994966,0.998403
r10,PhysioNet,19,76.0,9,9,0,0,100.000000,0,0.000251,0.653549,6.37432,0.729314,0.468089,0.00742758,1,1,9,0.181942,3,0.997767,0.998655
r10,PhysioNet,20,80.0,9,9,0,0,100.000000,0,0.000244,0.619153,9.30351,0.72536,0.490084,0.0112142,1,0.941176,9,0.219011,3,0.997096,0.998471
r10,PhysioNet,21,84.0,8,8,0,0,100.000000,0,0.000269,0.694901,8.28275,0.729585,0.469087,0.00917443,1,1,8,0.243783,3,0.998027,0.998764
r10,PhysioNet,22,88.0,9,9,0,0,100.000000,0,0.000244,0.672098,8.18517,0.725663,0.488469,0.0108385,1,1,9,0.255537,3,0.997128,0.998505
r10,PhysioNet,23,92.0,9,9,0,0,100.000000,0,0.000316,0.771996,4.25522,0.745049,0.476412,0.0215832,1,1,9,0.195064,3,0.994164,0.9981
r10,PhysioNet,24,96.0,8,8,0,0,100.000000,0,0.000278,0.881732,4.76029,0.764932,0.503627,0.0108547,1,0.933333,8,0.143358,3,0.996566,0.998338
r10,PhysioNet,25,100.0,9,9,0,0,100.000000,0,0.000251,0.650543,6.43717,0.728793,0.470211,0.0114893,1,1,9,0.230744,3,0.99746,0.998727
r10,PhysioNet,26,104.0,9,9,0,0,100.000000,0,0.000227,0.651099,7.38944,0.7309,0.486426,0.00985052,1,1,9,0.209119,3,0.997959,0.998566
r10,PhysioNet,27,108.0,9,9,0,0,100.000000,0,0.000277,0.878375,4.58653,0.76891,0.514598,0.0164831,1,1,9,0.15635,3,0.996087,0.998276
r10,PhysioNet,28,112.0,8,8,0,0,100.000000,0,0.000240,0.689056,8.4586,0.72539,0.46212,0.0125746,1,1,8,0.145699,3,0.997778,0.998309
r10,PhysioNet,29,116.0,9,9,0,0,100.000000,0,0.000227,0.644021,7.13495,0.716359,0.502668,0.00805233,1,1,9,0.197705,3,0.997849,0.998754
r10,PhysioNet,30,120.0,9,9,0,0,100.000000,0,0.000239,0.718244,7.39079,0.740494,0.519975,0.010629,1,1,9,0.153017,3,0.997453,0.998262
r10,PhysioNet,31,124.0,9,9,0,0,100.000000,0,0.000220,1.07339,2.66189,0.772815,0.474939,0.0143489,1,0.941176,9,0.13876,3,0.98998,0.998103
r10,PhysioNet,32,128.0,8,8,0,0,100.000000,0,0.001018,0.661542,25.8489,0.708521,0.490267,0.0221991,1,0.222222,8,0.128897,4,0.995052,0.998135
r10,PhysioNet,33,132.0,9,9,0,0,100.000000,0,0.000239,0.711947,6.67678,0.73119,0.509583,0.0148336,1,0.941176,9,0.148117,3,0.995821,0.998239
r10,PhysioNet,34,136.0,8,8,0,0,100.000000,0,0.000265,0.862127,7.34981,0.742431,0.490235,0.0122573,1,1,8,0.192295,3,0.997076,0.998407
r10,PhysioNet,35,140.0,9,9,0,0,100.000000,0,0.000288,0.827619,4.46777,0.751221,0.47994,0.0174454,1,1,9,0.117636,3,0.996401,0.998464
r10,PhysioNet,36,144.0,8,8,0,0,100.000000,0,0.000273,0.780216,6.75738,0.741879,0.459691,0.00769411,1,1,8,0.160693,3,0.99689,0.998196
r10,PhysioNet,37,148.0,9,9,0,0,100.000000,0,0.000251,0.632986,6.82031,0.716521,0.458368,0.00869565,1,1,9,0.234171,3,0.996372,0.998039
r10,PhysioNet,38,152.0,8,8,0,0,100.000000,0,0.001172,0.688255,8.57946,0.743395,0.402222,0.0338244,1,1,8,0.207095,3,0.997204,0.998469
r10,PhysioNet,39,156.0,7,7,0,0,100.000000,0,0.000253,0.768584,10.078,0.734314,0.380955,0.0128116,1,1,7,0.158835,3,0.99748,0.998394
r10,PhysioNet,40,160.0,8,8,0,0,100.000000,0,0.000282,0.805905,8.88407,0.732083,0.314167,0.0175353,1,1,8,0.191316,3,0.996246,0.998127
r10,PhysioNet,41,164.0,8,8,0,0,100.000000,0,0.000269,0.70737,9.6534,0.721754,0.437545,0.00886713,1,1,8,0.17105,3,0.995553,0.998393
r10,PhysioNet,42,168.0,8,8,0,0,100.000000,0,0.000244,0.702107,8.05116,0.70357,0.532565,0.0109843,1,1,8,0.178664,3,0.997093,0.998535
r10,PhysioNet,43,172.0,8,8,0,0,100.000000,0,0.000213,0.804371,7.61558,0.728781,0.317095,0.0162577,1,0.933333,8,0.146838,3,0.996819,0.998428
r10,PhysioNet,44,176.0,7,7,0,0,100.000000,0,0.000756,0.94232,4.59714,0.74695,0.227453,0.0282462,1,1,7,0.084514,3,0.991401,0.997877
r10,PhysioNet,45,180.0,9,9,0,0,100.000000,0,0.240502,0.737016,8.44946,0.747412,0.440018,0.0284182,1,0.333333,9,0.089052,3,0.988206,0.997088
r10,PhysioNet,46,184.0,7,6,3,1,75.000000,1,0.000251,0.68989,6.47683,0.724281,0.4534,0.0144201,1,1,9,0.182283,3,0.997646,0.998431
r10,PhysioNet,47,188.0,3,3,5,0,54.545455,1,0.000298,0.726015,9.48546,0.727603,0.480252,0.0122573,1,0.933333,8,0.198953,3,0.994981,0.998365
r10,PhysioNet,48,192.0,9,9,0,0,100.000000,0,0.000227,0.677316,6.66665,0.719271,0.524198,0.00989118,1,1,9,0.197664,3,0.997126,0.99868
r10,PhysioNet,49,196.0,8,8,0,0,100.000000,0,0.000277,0.799149,6.65157,0.714988,0.488634,0.0131466,1,1,8,0.174166,3,0.997598,0.998116
r10,PhysioNet,50,200.0,8,6,3,2,70.588235,1,0.000292,0.899212,5.73032,0.741349,0.44877,0.0150811,1,1,9,0.202102,3,0.99733,0.998887
r10,PhysioNet,51,204.0,1,0,10,1,0.000000,1,0.000267,0.792513,6.86998,0.741238,0.524483,0.0128158,1,0.888889,10,0.205735,3,0.996086,0.99854
r10,PhysioNet,52,208.0,3,3,6,0,50.000000,1,0.000306,0.816029,7.47434,0.735009,0.446007,0.0105542,1,0.941176,9,0.188396,3,0.996093,0.99795
r10,PhysioNet,53,212.0,10,10,0,0,100.000000,0,0.000233,0.701705,7.24479,0.728449,0.538922,0.00623688,1,1,10,0.237899,3,0.99682,0.998189
r10,PhysioNet,54,216.0,10,10,0,0,100.000000,0,0.000258,0.676236,6.80625,0.730905,0.468285,0.0100709,1,1,10,0.180648,3,0.996566,0.997869
r10,PhysioNet,55,220.0,9,9,0,0,100.000000,0,0.000251,0.662213,5.58015,0.713653,0.478705,0.0108023,1,1,9,0.216291,3,0.996568,0.998139
r10,PhysioNet,56,224.0,10,10,0,0,100.000000,0,0.000253,0.724053,6.87422,0.743176,0.330472,0.0130454,1,1,10,0.240895,3,0.994849,0.997716
r10,PhysioNet,57,228.0,11,11,0,0,100.000000,0,0.000145,0.701327,6.13372,0.722022,0.325428,0.0089139,1,0.952381,11,0.260896,3,0.996768,0.998069
r10,PhysioNet,58,232.0,10,10,0,0,100.000000,0,0.000233,0.698809,7.00884,0.719047,0.490621,0.00578776,1,1,10,0.271523,3,0.995384,0.998079
r10,PhysioNet,59,236.0,9,9,0,0,100.000000,0,0.001348,0.775761,6.38218,0.731846,0.48313,0.0431708,1,1,9,0.192821,3,0.996582,0.997892
r10,PhysioNet,60,240.0,10,10,0,0,100.000000,0,0.000268,0.874668,7.4203,0.753393,0.480039,0.0195076,1,0.947368,10,0.1255,3,0.994464,0.997684
r10,PhysioNet,61,244.0,10,10,0,0,100.000000,0,0.000294,0.76689,6.63092,0.72923,0.475034,0.0113564,1,1,10,0.221071,3,0.996742,0.99808
r10,PhysioNet,62,248.0,9,9,0,0,100.000000,0,0.000306,0.817076,7.37051,0.731878,0.425472,0.00942332,1,1,9,0.194312,3,0.997151,0.998225
r10,PhysioNet,63,252.0,10,10,0,0,100.000000,0,0.000294,0.742241,7.2576,0.731804,0.476954,0.0141208,1,1,10,0.209721,3,0.997585,0.998466
r10,PhysioNet,64,256.0,8,8,0,0,100.000000,0,0.000777,0.873381,5.90715,0.73843,0.450758,0.0348908,1,1,8,0.168034,3,0.996051,0.997851
r10,PhysioNet,65,260.0,9,9,0,0,100.000000,0,0.000265,0.875485,6.10021,0.731333,0.492422,0.0109352,1,1,9,0.234461,3,0.997972,0.99895
r10,PhysioNet,66,264.0,10,10,0,0,100.000000,0,0.000277,0.634102,29.22,0.718966,0.47415,0.00801834,1,1,10,0.247524,3,0.995694,0.998472
r10,PhysioNet,67,268.0,9,9,0,0,100.000000,0,0.000196,0.734353,15.5161,0.727184,0.514189,0.00554431,1,0.947368,9,0.200612,3,0.997516,0.99834
r10,PhysioNet,68,272.0,9,9,0,0,100.000000,0,0.000292,0.839835,7.26156,0.745085,0.460733,0.0101579,1,1,9,0.216767,3,0.99787,0.998549
r10,PhysioNet,69,276.0,9,9,0,0,100.000000,0,0.000292,0.877129,6.29336,0.73449,0.470061,0.00539464,1,1,9,0.24571,3,0.99777,0.998617
r10,PhysioNet,70,280.0,9,9,0,0,100.000000,0,0.000265,0.832578,6.66061,0.729778,0.488586,0.0076771,1,1,9,0.228517,3,0.992552,0.998212
r10,PhysioNet,71,284.0,9,9,0,0,100.000000,0,0.000265,0.837959,6.94304,0.737384,0.516141,0.0171072,1,1,9,0.206328,3,0.994661,0.998823
r10,PhysioNet,72,288.0,9,9,0,0,100.000000,0,0.000292,0.891264,5.73785,0.732609,0.449093,0.00440529,1,1,9,0.213193,3,0.997329,0.998399
r10,PhysioNet,73,292.0,8,8,0,0,100.000000,0,0.000306,0.812468,7.97204,0.737762,0.426126,0.0163862,1,0.933333,8,0.186867,3,0.995906,0.998314
r10,PhysioNet,74,296.0,10,10,0,0,100.000000,0,0.000232,0.810837,3.07668,0.733746,0.433311,0.0193967,1,0.947368,10,0.175709,3,0.989816,0.998589
B2_03,B2,0,0.0,11,11,0,0,100.000000,0,0.006901,1.01383,7.01089,0.761034,0.337644,0.0215236,1,0.533333,11,0.251011,3,0.983316,0.997201
B2_03,B2,1,4.0,11,11,0,0,100.000000,0,0.001646,1.03613,4.06756,0.767051,0.370446,0.0137382,1,1,11,0.174605,3,0.993547,0.996679
B2_03,B2,2,8.0,11,11,0,0,100.000000,0,0.001165,1.00425,8.967,0.77453,0.385468,0.00710198,1,0.153846,11,0.142695,3,0.990589,0.997011
B2_03,B2,3,12.0,10,10,0,0,100.000000,0,0.010951,0.993532,10.5599,0.768798,0.344115,0.0215525,1,0.571429,10,0.169558,3,0.987278,0.997202
B2_03,B2,4,16.0,11,11,0,0,100.000000,0,0.006210,0.767434,13.0118,0.715261,0.37467,0.0263511,1,0.428571,11,0.163024,4,0.966627,0.997121
B2_03,B2,5,20.0,11,11,0,0,100.000000,0,0.014577,0.949081,10.0542,0.756292,0.328503,0.0546994,1,0.533333,11,0.213368,3,0.977021,0.996806
B2_03,B2,6,24.0,11,11,0,0,100.000000,0,0.006494,0.848623,9.44318,0.748158,0.343091,0.0155284,1,0.4,11,0.105614,3,0.978218,0.996674
B2_03,B2,7,28.0,11,11,0,0,100.000000,0,0.011221,1.06313,7.47833,0.753001,0.389082,0.0130024,1,0.5,11,0.219634,3,0.968206,0.996736
B2_03,B2,8,32.0,11,10,1,1,90.909091,0,0.403663,0.952363,7.8608,0.757748,0.352988,0.110055,0.9,0.428571,11,0.112763,3,0.953067,0.995882
B2_03,B2,9,36.0,11,11,0,0,100.000000,0,0.009035,1.01861,5.08139,0.755756,0.411744,0.0179161,1,0.705882,11,0.153418,3,0.968535,0.997296
B2_03,B2,10,40.0,11,8,2,3,76.190476,1,0.821972,0.971135,7.4583,0.749864,0.433277,0.125925,1,0.266667,10,0.026963,3,0.957284,0.997198
B2_03,B2,11,44.0,11,9,2,2,81.818182,0,0.971775,0.861995,1.49648,0.7448,0.641434,0.158902,0.8,0.444444,11,0.020871,3,0.89281,0.984953
B2_03,B2,12,48.0,11,4,6,7,38.095238,1,0.982449,1.29764,1.70388,0.79094,0.557741,0.210609,0.888889,0.761905,10,0.0531332,2,0.906328,0.997821
B2_03,B2,13,52.0,10,4,5,6,42.105263,1,0.993685,1.21428,3.08765,0.756556,0.478428,0.129183,1,0.285714,9,0.0488012,3,0.894492,0.986488
B2_03,B2,14,56.0,11,4,5,7,40.000000,1,0.996692,1.23912,0.979744,0.77767,0.476763,0.319051,0.75,0.222222,9,0.0786003,3,0.858138,0.978317
B2_03,B2,15,60.0,11,4,6,7,38.095238,1,0.908727,1.21387,2.6959,0.790712,0.515887,0.157107,0.888889,0.142857,10,0.0249133,3,0.884879,0.994192
B2_03,B2,16,64.0,10,3,5,7,33.333333,1,0.966355,1.24514,3.30003,0.781782,0.587782,0.0976916,1,0.333333,8,0.0566362,3,0.902742,0.990826
B2_03,B2,17,68.0,11,8,2,3,76.190476,1,0.993374,1.15157,3.69814,0.765786,0.487929,0.203732,0.888889,0.4,10,0.0681011,3,0.890938,0.981143
B2_03,B2,18,72.0,10,4,6,6,40.000000,1,0.995329,1.2203,3.3621,0.764221,0.520882,0.253659,0.777778,0.307692,10,0.144811,3,0.882846,0.994853
B2_03,B2,19,76.0,10,6,4,4,60.000000,1,0.989671,1.24685,2.03755,0.781655,0.559504,0.178419,0.888889,0.266667,10,0.0560709,3,0.904685,0.993108
B2_03,B2,20,80.0,10,6,3,4,63.157895,1,0.976351,1.27679,1.24788,0.7865,0.4915,0.163564,1,0.533333,9,0.0441662,3,0.93456,0.994159
B2_03,B2,21,84.0,10,6,4,4,60.000000,1,0.991632,1.32383,0.70987,0.790548,0.589985,0.209845,0.777778,0.1,10,0.0405882,3,0.898705,0.979964
B2_03,B2,22,88.0,11,4,7,7,36.363636,1,0.997570,1.29577,2.42183,0.788103,0.589949,0.207564,0.7,0.266667,11,0.027552,3,0.917488,0.98185
B2_03,B2,23,92.0,11,10,1,1,90.909091,0,0.975515,0.9142,5.18866,0.692869,0.486115,0.150797,0.9,0.25,11,0.130058,4,0.925148,0.995068
B2_03,B2,24,96.0,10,10,0,0,100.000000,0,0.006137,0.959814,4.55319,0.742819,0.422969,0.013986,1,0.285714,10,0.0406514,3,0.989944,0.997365
B2_03,B2,25,100.0,11,11,0,0,100.000000,0,0.020171,0.926068,7.28654,0.715961,0.455679,0.0256859,1,0.142857,11,0.0312944,3,0.979271,0.995901
B2_03,B2,26,104.0,11,11,0,0,100.000000,0,0.000493,0.937411,6.11547,0.755904,0.362295,0.00856531,1,0.588235,11,0.107086,3,0.994204,0.996763
B2_03,B2,27,108.0,10,10,0,0,100.000000,0,0.004518,0.960749,6.29343,0.757634,0.423488,0.0192877,1,0.533333,10,0.0436316,3,0.994601,0.997491
B2_03,B2,28,112.0,11,11,0,0,100.000000,0,0.002632,0.936131,7.60799,0.759599,0.386698,0.0151307,1,0.4,11,0.112758,3,0.992544,0.997172
B2_03,B2,29,116.0,11,11,0,0,100.000000,0,0.041691,0.764265,11.6134,0.725037,0.433075,0.0184747,1,0.307692,10,0.135223,3,0.975252,0.995836
B2_03,B2,30,120.0,11,9,1,2,85.714286,0,0.989960,1.13031,1.82237,0.770733,0.419207,0.187821,1,0.7,11,0.0431213,3,0.927339,0.989028
B2_03,B2,31,124.0,10,10,0,0,100.000000,0,0.118808,1.084,9.20876,0.757768,0.458539,0.0285989,1,0.166667,10,0.140118,3,0.950832,0.996785
B2_03,B2,32,128.0,11,8,2,3,76.190476,1,0.852501,1.23068,2.80619,0.779491,0.429719,0.176639,1,0.705882,10,0.109722,3,0.956969,0.994202
B2_03,B2,33,132.0,10,9,1,1,90.000000,0,0.965333,1.13322,4.29811,0.777365,0.45033,0.137533,0.888889,0.333333,10,0.0911711,3,0.928279,0.995575
B2_03,B2,34,136.0,11,10,1,1,90.909091,0,0.504060,1.24233,3.18104,0.778676,0.501739,0.111463,0.9,0.705882,11,0.0789851,3,0.939505,0.994169
B2_03,B2,35,140.0,10,4,5,6,42.105263,1,0.996252,1.31743,0.400622,0.779179,0.475398,0.229683,0.875,0.631579,9,0.0622004,3,0.905684,0.996667
B2_03,B2,36,144.0,11,7,3,4,66.666667,1,0.941070,1.29793,0.89658,0.780805,0.488426,0.136992,0.888889,0.7,10,0.0853048,3,0.914753,0.993899
B2_03,B2,37,148.0,11,9,2,2,81.818182,0,0.818295,1.32829,0.14724,0.788633,0.38889,0.123629,0.9,0.8,11,0.0535898,3,0.917547,0.988491
B2_03,B2,38,152.0,11,5,5,6,47.619048,1,0.998125,1.16042,6.28713,0.766663,0.481377,0.21198,0.888889,0.307692,10,0.0474017,3,0.849123,0.981929
B2_03,B2,39,156.0,10,9,1,1,90.000000,0,0.935775,1.34882,0.327154,0.782684,0.528987,0.13425,0.888889,0.571429,10,0.0324791,3,0.929732,0.988995
B2_03,B2,40,160.0,11,6,5,5,54.545455,1,0.990877,1.1863,2.73877,0.767823,0.51594,0.170823,0.9,0.666667,11,0.0462856,3,0.926608,0.994701
B2_03,B2,41,164.0,10,10,0,0,100.000000,0,0.502021,1.29139,0.922614,0.780404,0.538672,0.055657,1,0.5,10,0.0390926,3,0.963562,0.995849
B2_03,B2,42,168.0,10,7,3,3,70.000000,1,0.963096,0.961582,5.12026,0.751725,0.485425,0.14139,0.888889,0.142857,10,0.0824795,3,0.953554,0.99578
B2_03,B2,43,172.0,9,9,0,0,100.000000,0,0.060564,0.707249,11.227,0.684143,0.458588,0.0167102,1,0,9,0.0502533,4,0.98158,0.998064
B2_03,B2,44,176.0,10,6,4,4,60.000000,1,0.991568,0.861443,7.9247,0.723801,0.424914,0.268356,0.777778,0.307692,10,0.0571613,3,0.898465,0.997515
B2_03,B2,45,180.0,5,3,7,2,40.000000,1,0.985998,0.768943,3.39994,0.734354,0.425779,0.218017,0.777778,0.285714,10,0.0176449,3,0.895587,0.997534
B2_03,B2,46,184.0,1,0,9,1,0.000000,1,0.985129,0.785239,4.70822,0.73816,0.511783,0.180967,0.875,0.333333,9,0.083425,3,0.964335,0.997942
B2_03,B2,47,188.0,6,4,5,2,53.333333,1,0.016548,0.722087,8.04762,0.687947,0.399966,0.0266626,1,0.266667,9,0.177913,4,0.988821,0.997141
B2_03,B2,48,192.0,10,10,0,0,100.000000,0,0.023597,0.821118,10.4745,0.724864,0.392213,0.0193242,1,0,10,0.106757,4,0.99399,0.997291
B2_03,B2,49,196.0,9,9,0,0,100.000000,0,0.419860,0.827679,13.8971,0.724385,0.450645,0.0599516,1,0.307692,9,0.159073,4,0.984113,0.998669
B2_03,B2,50,200.0,10,9,2,1,85.714286,0,0.359173,0.96164,11.965,0.750997,0.46184,0.122368,0.9,0,11,0.0854023,3,0.980512,0.997912
B2_03,B2,51,204.0,11,8,1,3,80.000000,0,0.988891,0.875143,6.76495,0.73858,0.427556,0.187702,1,0.307692,9,0.116884,3,0.955928,0.99687
B2_03,B2,52,208.0,7,4,6,3,47.058824,1,0.973854,0.860924,12.1959,0.708447,0.468111,0.194909,1,0,10,0.113182,4,0.974375,0.996212
B2_03,B2,53,212.0,8,7,1,1,87.500000,0,0.420942,0.987873,9.91161,0.776545,0.432175,0.0645058,1,0.666667,8,0.136846,3,0.977622,0.99292
B2_03,B2,54,216.0,8,6,2,2,75.000000,1,0.103406,0.962873,9.35217,0.72613,0.432443,0.0430002,1,0.545455,8,0.169283,3,0.973463,0.988261
B2_03,B2,55,220.0,7,4,4,3,53.333333,1,0.981360,0.94732,8.83694,0.736413,0.480663,0.185907,0.857143,0.363636,8,0.0972877,3,0.967516,0.994994
B2_03,B2,56,224.0,8,6,4,2,66.666667,1,0.997101,0.901928,6.28664,0.719886,0.446565,0.200038,0.888889,0.266667,10,0.0616857,3,0.856177,0.998684
B2_03,B2,57,228.0,8,7,1,1,87.500000,0,0.121642,0.925398,12.3677,0.716355,0.395843,0.0643096,1,0.2,8,0.116791,3,0.98115,0.99605
B2_03,B2,58,232.0,8,8,0,0,100.000000,0,0.122727,0.967501,7.41115,0.747095,0.466797,0.0318088,1,0.181818,8,0.089483,3,0.989418,0.99893
B2_03,B2,59,236.0,9,9,0,0,100.000000,0,0.033099,0.770281,10.5333,0.717381,0.489823,0.0244041,1,0.333333,9,0.116209,4,0.988738,0.998597
B2_03,B2,60,240.0,8,8,0,0,100.000000,0,0.323829,0.868412,29.3107,0.716521,0.484625,0.0370236,1,0.222222,8,0.154802,4,0.980774,0.994568
B2_03,B2,61,244.0,7,7,0,0,100.000000,0,0.001523,1.21948,1.51274,0.783114,0.457272,0.00821967,1,0.933333,7,0.179538,3,0.990567,0.995141
B2_03,B2,62,248.0,8,8,0,0,100.000000,0,0.006631,0.804427,11.8053,0.694989,0.439382,0.0125279,1,0.181818,8,0.0604933,4,0.985805,0.995631
B2_03,B2,63,252.0,8,8,0,0,100.000000,0,0.005218,1.12985,3.27069,0.769515,0.414433,0.0197778,1,0.705882,8,0.109124,3,0.994094,0.996546
B2_03,B2,64,256.0,8,8,0,0,100.000000,0,0.016215,1.02798,4.6129,0.768909,0.430335,0.0274299,1,1,8,0.148024,3,0.994888,0.997218
B2_03,B2,65,260.0,8,8,0,0,100.000000,0,0.000409,1.03554,3.26129,0.780126,0.411022,0.00835191,1,0.941176,8,0.0328262,3,0.994854,0.997572
B2_03,B2,66,264.0,8,8,0,0,100.000000,0,0.024835,0.847613,12.1945,0.756724,0.386886,0.010118,1,0.363636,8,0.19294,3,0.99204,0.996341
B2_03,B2,67,268.0,8,7,1,1,87.500000,0,0.600696,0.881936,11.6895,0.767452,0.404765,0.0721832,1,0.2,8,0.107043,3,0.972976,0.997033
B2_03,B2,68,272.0,7,7,0,0,100.000000,0,0.021841,0.817194,12.11,0.772372,0.360683,0.0245511,1,0.6,7,0.110963,3,0.988959,0.997492
B2_03,B2,69,276.0,8,6,3,2,70.588235,1,0.893786,0.851183,5.63538,0.721125,0.326554,0.177113,0.875,0.153846,9,0.0266156,4,0.921131,0.997233
B2_03,B2,70,280.0,10,9,1,1,90.000000,0,0.626855,0.984397,3.87463,0.732816,0.43077,0.10302,1,0.181818,9,0.110438,3,0.969578,0.995943
B2_03,B2,71,284.0,9,7,4,2,70.000000,1,0.986466,0.854498,2.64841,0.717679,0.382652,0.214636,0.727273,0.7,12,0.060294,3,0.814757,0.997483
B2_03,B2,72,288.0,8,6,2,2,75.000000,1,0.929529,0.9421,6.37256,0.716748,0.420498,0.171282,1,0.2,8,0.056533,4,0.946034,0.992171
B2_03,B2,73,292.0,9,8,1,1,88.888889,0,0.016992,0.976311,2.34218,0.713437,0.32031,0.0542933,1,0.266667,9,0.0667262,4,0.974967,0.997034
B2_03,B2,74,296.0,10,5,4,5,52.631579,1,0.992807,0.977111,2.60202,0.719738,0.351549,0.184387,0.875,0.307692,9,0.0411075,4,0.924652,0.995135
B2_04,B2,0,0.0,10,10,0,0,100.000000,0,0.005637,0.907896,3.67413,0.742672,0.587699,0.0143087,1,0.947368,10,0.190415,3,0.990564,0.996695
B2_04,B2,1,4.0,9,9,0,0,100.000000,0,0.000727,0.919367,4.42225,0.742507,0.557968,0.00686511,1,1,9,0.123964,3,0.995157,0.996872
B2_04,B2,2,8.0,9,9,0,0,100.000000,0,0.002379,0.989356,3.39541,0.760864,0.612335,0.0349556,1,1,9,0.176197,3,0.991812,0.996633
B2_04,B2,3,12.0,8,8,0,0,100.000000,0,0.013089,0.841593,5.21748,0.741192,0.595857,0.034281,1,1,8,0.186508,3,0.993344,0.997165
B2_04,B2,4,16.0,9,9,0,0,100.000000,0,0.003203,0.787064,5.8623,0.746275,0.591306,0.025308,1,1,9,0.240613,3,0.995752,0.997859
B2_04,B2,5,20.0,9,9,0,0,100.000000,0,0.001286,1.09375,2.47041,0.764355,0.584075,0.0186191,1,1,9,0.206604,3,0.991881,0.998382
B2_04,B2,6,24.0,9,9,0,0,100.000000,0,0.003589,0.839145,5.49182,0.744799,0.585608,0.0194864,1,1,9,0.120323,3,0.996237,0.99754
B2_04,B2,7,28.0,9,9,0,0,100.000000,0,0.008018,0.832924,6.57787,0.736499,0.589654,0.0178264,1,0.941176,9,0.135459,3,0.992181,0.998042
B2_04,B2,8,32.0,8,8,0,0,100.000000,0,0.005788,0.823203,15.089,0.725894,0.605009,0.0265441,1,0,8,0.0592888,3,0.988609,0.996659
B2_04,B2,9,36.0,9,4,5,5,44.444444,1,0.990178,1.42968,0.169693,0.793506,0.648479,0.32738,0.75,0.555556,9,0.0475987,2,0.926548,0.994465
B2_04,B2,10,40.0,9,9,0,0,100.000000,0,0.117184,1.21865,0.865315,0.775369,0.623293,0.0553167,1,0.823529,9,0.0802057,3,0.963952,0.996199
B2_04,B2,11,44.0,9,9,0,0,100.000000,0,0.001486,1.1326,2.24038,0.758079,0.576739,0.0148728,1,1,9,0.167085,3,0.99203,0.99576
B2_04,B2,12,48.0,9,9,0,0,100.000000,0,0.002459,1.02037,1.74158,0.755763,0.582547,0.0165309,1,0.888889,9,0.0848028,3,0.99129,0.997146
B2_04,B2,13,52.0,10,10,0,0,100.000000,0,0.003241,0.926413,3.99683,0.750867,0.565292,0.0136528,1,1,10,0.16319,3,0.994764,0.997599
B2_04,B2,14,56.0,10,10,0,0,100.000000,0,0.000503,0.978808,3.97898,0.750857,0.561413,0.00973261,1,0.947368,10,0.165928,3,0.993552,0.997679
B2_04,B2,15,60.0,9,9,0,0,100.000000,0,0.021306,0.869966,5.02003,0.738792,0.533835,0.0213672,1,1,9,0.181316,3,0.994304,0.996809
B2_04,B2,16,64.0,9,9,0,0,100.000000,0,0.006138,0.91851,4.87711,0.736268,0.536087,0.0193742,1,1,9,0.136236,3,0.992662,0.997227
B2_04,B2,17,68.0,9,9,0,0,100.000000,0,0.003666,0.964332,4.31334,0.74296,0.533535,0.0196146,1,1,9,0.172332,3,0.995429,0.997453
B2_04,B2,18,72.0,9,9,0,0,100.000000,0,0.006138,0.831699,5.52133,0.732643,0.554493,0.0176493,1,1,9,0.150451,3,0.994513,0.997757
B2_04,B2,19,76.0,10,10,0,0,100.000000,0,0.015373,0.896104,4.73214,0.742263,0.550762,0.0130719,1,1,10,0.181038,3,0.993153,0.997223
B2_04,B2,20,80.0,10,10,0,0,100.000000,0,0.000743,0.897464,3.82715,0.741917,0.522908,0.00664452,1,1,10,0.248601,3,0.994841,0.997664
B2_04,B2,21,84.0,10,10,0,0,100.000000,0,0.000924,0.880284,4.69056,0.723333,0.54561,0.0104711,1,1,10,0.167118,3,0.995017,0.99762
B2_04,B2,22,88.0,10,10,0,0,100.000000,0,0.003945,0.816727,5.84047,0.740172,0.599328,0.0173787,1,1,10,0.168117,3,0.993661,0.997292
B2_04,B2,23,92.0,9,9,0,0,100.000000,0,0.002034,0.869035,5.17527,0.735817,0.573604,0.00992915,1,1,9,0.19746,3,0.995535,0.997134
B2_04,B2,24,96.0,9,9,0,0,100.000000,0,0.004346,0.944462,4.45853,0.768551,0.550745,0.0182954,1,1,9,0.154538,3,0.99228,0.997176
B2_04,B2,25,100.0,10,10,0,0,100.000000,0,0.000425,0.901992,3.69645,0.744144,0.539891,0.00924323,1,1,10,0.206318,3,0.994227,0.997097
B2_04,B2,26,104.0,10,10,0,0,100.000000,0,0.000739,0.914068,5.13602,0.741936,0.563418,0.00674444,1,1,10,0.257954,3,0.994668,0.997244
B2_04,B2,27,108.0,10,10,0,0,100.000000,0,0.001103,0.891337,4.7658,0.746743,0.509117,0.00909174,1,1,10,0.14514,3,0.99366,0.997577
B2_04,B2,28,112.0,10,10,0,0,100.000000,0,0.000425,0.827789,3.82033,0.717558,0.536501,0.00420884,1,1,10,0.265326,3,0.994485,0.996777
B2_04,B2,29,116.0,10,10,0,0,100.000000,0,0.003660,0.877687,4.37957,0.742545,0.567669,0.0265561,1,1,10,0.206296,3,0.995336,0.997233
B2_04,B2,30,120.0,4,4,4,0,66.666667,1,0.005418,0.81844,17.2699,0.740549,0.601,0.0378383,1,0.222222,8,0.0759522,3,0.984881,0.996836
B2_04,B2,31,124.0,9,9,0,0,100.000000,0,0.006300,0.64315,17.784,0.707964,0.587201,0.0298652,1,0,9,0.134315,3,0.993964,0.99751
B2_04,B2,32,128.0,10,10,0,0,100.000000,0,0.000789,0.785284,4.85259,0.737088,0.576578,0.0103681,1,1,10,0.138197,3,0.995664,0.997403
B2_04,B2,33,132.0,10,10,0,0,100.000000,0,0.003241,0.872479,3.6216,0.743422,0.562187,0.0221216,1,1,10,0.134739,3,0.991136,0.993957
B2_04,B2,34,136.0,9,9,0,0,100.000000,0,0.027126,1.02213,4.48655,0.763159,0.583289,0.0191917,1,0.941176,9,0.179768,3,0.992959,0.996415
B2_04,B2,35,140.0,9,9,0,0,100.000000,0,0.007959,0.954224,3.42447,0.752445,0.544484,0.0179972,1,1,9,0.189794,3,0.993179,0.996842
B2_04,B2,36,144.0,10,10,0,0,100.000000,0,0.000823,0.925076,4.12547,0.764317,0.56586,0.0104868,1,0.9,10,0.157082,3,0.991966,0.997057
B2_04,B2,37,148.0,9,9,0,0,100.000000,0,0.008681,0.773506,5.09657,0.737918,0.556446,0.0112243,1,0.888889,9,0.160156,3,0.996411,0.997609
B2_04,B2,38,152.0,9,9,0,0,100.000000,0,0.007678,0.766282,4.00596,0.713512,0.579799,0.0250489,1,0.888889,9,0.174535,3,0.994804,0.997482
B2_04,B2,39,156.0,9,9,0,0,100.000000,0,0.000945,0.727478,5.83165,0.727686,0.566566,0.01038,1,1,9,0.156846,3,0.99564,0.997745
B2_04,B2,40,160.0,9,9,0,0,100.000000,0,0.013576,0.634305,8.69271,0.735698,0.572998,0.0212205,1,0.941176,9,0.194333,3,0.996544,0.997809
B2_04,B2,41,164.0,9,9,0,0,100.000000,0,0.000916,0.577875,7.90507,0.722322,0.539002,0.008056,1,1,9,0.187056,3,0.996613,0.997978
B2_04,B2,42,168.0,9,9,0,0,100.000000,0,0.000786,0.615142,8.37082,0.715758,0.577669,0.0101606,1,1,9,0.18932,3,0.996715,0.997957
B2_04,B2,43,172.0,9,9,0,0,100.000000,0,0.000326,0.606174,6.51597,0.711854,0.57426,0.00651711,1,1,9,0.206504,3,0.996891,0.997556
B2_04,B2,44,176.0,9,9,0,0,100.000000,0,0.002976,0.635929,7.60053,0.724241,0.557087,0.0117589,1,1,9,0.206448,3,0.996994,0.997742
B2_04,B2,45,180.0,9,9,0,0,100.000000,0,0.001413,0.56959,9.04777,0.710174,0.565764,0.00890825,1,0.941176,9,0.200988,3,0.995652,0.997723
B2_04,B2,46,184.0,8,8,1,0,94.117647,0,0.000449,0.56821,6.81636,0.71249,0.566908,0.00760894,1,1,9,0.146799,3,0.996522,0.997571
B2_04,B2,47,188.0,9,9,0,0,100.000000,0,0.001457,0.626643,6.24894,0.709252,0.552521,0.00597235,1,1,9,0.179175,3,0.996587,0.997803
B2_04,B2,48,192.0,9,9,0,0,100.000000,0,0.000451,0.606133,7.40583,0.703235,0.550602,0.00300312,1,1,9,0.173232,3,0.996761,0.99774
B2_04,B2,49,196.0,10,10,0,0,100.000000,0,0.000513,0.655876,7.98642,0.719474,0.547324,0.00766733,1,0.947368,10,0.215395,3,0.997303,0.998035
B2_04,B2,50,200.0,9,9,0,0,100.000000,0,0.000758,0.577038,7.08626,0.716851,0.558408,0.00303064,1,0.941176,9,0.151416,3,0.995825,0.997871
B2_04,B2,51,204.0,9,9,0,0,100.000000,0,0.000334,0.590494,7.72333,0.715499,0.539619,0.00651711,1,1,9,0.215314,3,0.996469,0.998083
B2_04,B2,52,208.0,9,9,0,0,100.000000,0,0.000449,0.535932,7.23239,0.709081,0.529607,0.00549351,1,1,9,0.174711,3,0.995908,0.998095
B2_04,B2,53,212.0,9,9,0,0,100.000000,0,0.000632,0.576578,7.69564,0.716196,0.517406,0.0100659,1,1,9,0.240045,3,0.99702,0.997655
B2_04,B2,54,216.0,9,9,0,0,100.000000,0,0.001723,0.711226,6.90784,0.725174,0.510524,0.00390982,1,1,9,0.229429,3,0.996794,0.997996
B2_04,B2,55,220.0,9,9,0,0,100.000000,0,0.019393,0.638113,7.95652,0.727561,0.53126,0.0173676,1,0.941176,9,0.192898,3,0.991289,0.997901
B2_04,B2,56,224.0,9,9,0,0,100.000000,0,0.001209,0.629095,7.22545,0.70622,0.5735,0.010492,1,0.941176,9,0.161563,3,0.992609,0.997739
B2_04,B2,57,228.0,9,9,0,0,100.000000,0,0.002494,0.753118,6.3309,0.724269,0.546202,0.00634176,1,1,9,0.195423,3,0.996457,0.997695
B2_04,B2,58,232.0,9,9,0,0,100.000000,0,0.002034,0.714959,5.40331,0.715118,0.546146,0.00589254,1,1,9,0.195505,3,0.996905,0.997712
B2_04,B2,59,236.0,9,9,0,0,100.000000,0,0.002711,0.782492,6.74306,0.743419,0.524169,0.00690055,1,1,9,0.247321,3,0.996243,0.99726
B2_04,B2,60,240.0,9,9,0,0,100.000000,0,0.000912,0.710653,7.45591,0.73225,0.567587,0.00819469,1,1,9,0.220864,3,0.994372,0.997358
B2_04,B2,61,244.0,8,8,0,0,100.000000,0,0.002577,0.686229,7.68182,0.720199,0.593503,0.0135109,1,1,8,0.165865,3,0.996485,0.997843
B2_04,B2,62,248.0,9,9,0,0,100.000000,0,0.007660,0.760573,6.08715,0.727791,0.567904,0.00625758,1,0.941176,9,0.181713,3,0.995878,0.997115
B2_04,B2,63,252.0,9,9,0,0,100.000000,0,0.038694,0.691963,8.65151,0.725319,0.559628,0.0161476,1,0.941176,9,0.177942,3,0.990737,0.997065
B2_04,B2,64,256.0,9,9,0,0,100.000000,0,0.006038,0.70546,7.30245,0.737438,0.557306,0.0144067,1,1,9,0.234851,3,0.996899,0.997863
B2_04,B2,65,260.0,9,9,0,0,100.000000,0,0.000912,0.689177,7.83224,0.72665,0.540679,0.00440529,1,1,9,0.235536,3,0.996414,0.997781
B2_04,B2,66,264.0,9,9,0,0,100.000000,0,0.006038,0.743167,7.00141,0.739551,0.552106,0.0117193,1,1,9,0.207187,3,0.995502,0.997799
B2_04,B2,67,268.0,9,9,0,0,100.000000,0,0.000807,0.791591,5.67912,0.734813,0.585533,0.00752069,1,1,9,0.165933,3,0.996971,0.997796
B2_04,B2,68,272.0,9,9,0,0,100.000000,0,0.000911,0.707042,6.33698,0.732653,0.55172,0.00702474,1,1,9,0.255435,3,0.996832,0.998074
B2_04,B2,69,276.0,9,9,0,0,100.000000,0,0.001161,0.696958,6.92017,0.722217,0.573597,0.0043081,1,1,9,0.15332,3,0.996818,0.997745
B2_04,B2,70,280.0,9,9,0,0,100.000000,0,0.000743,0.722219,5.94014,0.721352,0.552183,0.00704058,1,1,9,0.224411,3,0.996773,0.997509
B2_04,B2,71,284.0,9,9,0,0,100.000000,0,0.027998,0.690374,7.53872,0.729809,0.556,0.0108418,1,1,9,0.188787,3,0.996113,0.997297
B2_04,B2,72,288.0,8,8,0,0,100.000000,0,0.027998,0.727722,7.67406,0.720072,0.559607,0.0113853,1,1,8,0.186962,3,0.996306,0.997573
B2_04,B2,73,292.0,9,9,0,0,100.000000,0,0.022455,0.729333,6.59341,0.718011,0.560861,0.0114705,1,0.941176,9,0.21218,3,0.995401,0.997289
B2_04,B2,74,296.0,9,9,0,0,100.000000,0,0.005863,0.761495,6.71438,0.719056,0.565702,0.0118905,1,1,9,0.211296,3,0.996531,0.997512
B2_05,B2,0,0.0,9,9,0,0,100.000000,0,0.003066,0.602192,7.47446,0.754525,0.582047,0.0127983,1,0.777778,9,0.220863,3,0.997806,0.998402
B2_05,B2,1,4.0,9,9,0,0,100.000000,0,0.005055,0.679793,7.81585,0.762245,0.550969,0.0107475,1,0.888889,9,0.179412,3,0.997887,0.999023
B2_05,B2,2,8.0,10,10,0,0,100.000000,0,0.260691,0.648972,9.39896,0.743957,0.557799,0.228841,0.888889,0.705882,10,0.0767462,3,0.996337,0.99839
B2_05,B2,3,12.0,9,9,0,0,100.000000,0,0.019667,0.632948,10.2781,0.728374,0.506565,0.0549715,1,0.823529,9,0.0969169,3,0.997625,0.998571
B2_05,B2,4,16.0,8,8,0,0,100.000000,0,0.000647,0.683521,9.36056,0.747173,0.544246,0.00740656,1,0.875,8,0.152913,3,0.99773,0.998787
B2_05,B2,5,20.0,8,8,0,0,100.000000,0,0.006339,0.465306,13.1443,0.673876,0.492713,0.0106315,1,0.545455,8,0.132164,4,0.998459,0.99877
B2_05,B2,6,24.0,9,9,0,0,100.000000,0,0.000715,0.483722,10.915,0.7036,0.602893,0.00917663,1,0,9,0.0888374,4,0.998279,0.998911
B2_05,B2,7,28.0,8,8,0,0,100.000000,0,0.006252,0.478018,12.3136,0.695915,0.512254,0.0148634,1,0.2,8,0.0981462,4,0.998592,0.999304
B2_05,B2,8,32.0,8,8,0,0,100.000000,0,0.000482,0.668793,13.3462,0.761204,0.564966,0.00689238,1,1,8,0.178424,3,0.998195,0.999025
B2_05,B2,9,36.0,9,9,0,0,100.000000,0,0.000669,0.461617,10.5691,0.728102,0.597392,0.00737043,1,0.75,9,0.17461,4,0.994264,0.99884
B2_05,B2,10,40.0,8,8,0,0,100.000000,0,0.000334,0.513939,9.86865,0.750017,0.604131,0.00625647,1,1,8,0.225488,3,0.998261,0.99897
B2_05,B2,11,44.0,9,9,0,0,100.000000,0,0.001423,0.523939,13.6216,0.725694,0.615534,0.0128331,1,0.666667,9,0.11631,3,0.998406,0.999152
B2_05,B2,12,48.0,9,9,0,0,100.000000,0,0.000342,0.537361,16.7377,0.735743,0.612978,0.00822289,1,0.875,9,0.135838,3,0.998288,0.999095
B2_05,B2,13,52.0,8,8,0,0,100.000000,0,0.001822,0.554893,13.8527,0.74785,0.559706,0.0221028,1,1,8,0.171198,3,0.998472,0.998768
B2_05,B2,14,56.0,8,8,0,0,100.000000,0,0.000516,0.33651,11.5362,0.684934,0.570525,0.00590164,1,0.714286,8,0.0742012,4,0.998056,0.998915
B2_05,B2,15,60.0,8,8,0,0,100.000000,0,0.000220,0.471448,9.05027,0.724024,0.623091,0.00923096,1,0.875,8,0.21803,3,0.998023,0.998526
B2_05,B2,16,64.0,9,9,0,0,100.000000,0,0.000197,0.517123,9.98059,0.755471,0.628709,0.00554665,1,0.888889,9,0.117323,3,0.998254,0.999023
B2_05,B2,17,68.0,8,8,0,0,100.000000,0,0.000401,0.489817,11.4341,0.734333,0.594608,0.00545382,1,1,8,0.174703,3,0.998025,0.998959
B2_05,B2,18,72.0,9,9,0,0,100.000000,0,0.000197,0.507166,10.3431,0.757631,0.63039,0.00420168,1,0.888889,9,0.146141,3,0.998117,0.998877
B2_05,B2,19,76.0,8,8,0,0,100.000000,0,0.005234,0.420958,22.3008,0.71388,0.595089,0.0122573,1,0.222222,8,0.171151,3,0.996226,0.99885
B2_05,B2,20,80.0,8,8,0,0,100.000000,0,0.002158,0.546059,14.2645,0.741465,0.605149,0.0118307,1,1,8,0.154057,3,0.998114,0.998965
B2_05,B2,21,84.0,8,8,0,0,100.000000,0,0.000508,0.494147,14.7733,0.743216,0.581298,0.00699155,1,1,8,0.189487,3,0.998265,0.999003
B2_05,B2,22,88.0,9,9,0,0,100.000000,0,0.000636,0.406476,8.86883,0.748513,0.555337,0.00589256,1,0.625,9,0.162797,3,0.997568,0.998964
B2_05,B2,23,92.0,8,8,0,0,100.000000,0,0.001839,0.702095,8.01243,0.730479,0.597379,0.00417865,1,0.714286,8,0.03897,3,0.997759,0.998844
B2_05,B2,24,96.0,9,9,0,0,100.000000,0,0.004085,0.44961,6.21561,0.736773,0.620433,0.014807,1,0.888889,9,0.146534,3,0.983456,0.998827
B2_05,B2,25,100.0,9,9,0,0,100.000000,0,0.000602,0.400478,9.2696,0.694191,0.577325,0.00900901,1,0.888889,9,0.213451,4,0.99593,0.998552
B2_05,B2,26,104.0,9,9,0,0,100.000000,0,0.002896,0.500891,10.9918,0.761898,0.594665,0.0273551,1,0.823529,9,0.2058,3,0.997346,0.998715
B2_05,B2,27,108.0,11,11,0,0,100.000000,0,0.010651,0.582278,8.33267,0.754412,0.592827,0.0668978,1,0.857143,11,0.181029,3,0.976556,0.998547
B2_05,B2,28,112.0,10,10,0,0,100.000000,0,0.007060,0.521508,12.6264,0.74124,0.524133,0.0150756,1,0.947368,10,0.246785,3,0.997555,0.998337
B2_05,B2,29,116.0,9,9,0,0,100.000000,0,0.004185,0.521496,9.24709,0.751967,0.462404,0.0247456,1,1,9,0.146743,3,0.99801,0.999016
B2_05,B2,30,120.0,9,9,0,0,100.000000,0,0.007781,0.412465,16.5103,0.702388,0.549694,0.0191799,1,0.363636,9,0.151696,4,0.988203,0.998853
B2_05,B2,31,124.0,8,8,0,0,100.000000,0,0.002042,0.626971,12.2727,0.748391,0.592682,0.0331896,1,1,8,0.21679,3,0.997832,0.998675
B2_05,B2,32,128.0,10,10,0,0,100.000000,0,0.003365,0.40048,12.0363,0.734745,0.559621,0.0242763,1,0.428571,10,0.215327,3,0.997972,0.998839
B2_05,B2,33,132.0,8,8,0,0,100.000000,0,0.004912,0.528985,10.2975,0.757079,0.561041,0.0199393,1,0.875,8,0.194238,3,0.997994,0.998682
B2_05,B2,34,136.0,8,8,0,0,100.000000,0,0.007889,0.439508,15.2967,0.715091,0.572662,0.0117851,1,1,8,0.187437,3,0.997434,0.998876
B2_05,B2,35,140.0,9,9,0,0,100.000000,0,0.000342,0.426261,15.7411,0.738975,0.617526,0.00893547,1,1,9,0.159643,3,0.998467,0.999158
B2_05,B2,36,144.0,8,8,0,0,100.000000,0,0.000929,0.404447,12.6192,0.711572,0.636713,0.017477,1,0.875,8,0.072762,3,0.996424,0.999146
B2_05,B2,37,148.0,8,8,0,0,100.000000,0,0.000381,0.456413,15.9699,0.74522,0.614565,0.00857464,1,1,8,0.17876,3,0.998158,0.998893
B2_05,B2,38,152.0,8,8,0,0,100.000000,0,0.001603,0.385792,13.0451,0.706537,0.617044,0.0107633,1,0.875,8,0.0871345,3,0.998362,0.998651
B2_05,B2,39,156.0,9,9,0,0,100.000000,0,0.001160,0.403571,7.07913,0.7365,0.653812,0.0233865,1,0.588235,9,0.0607929,3,0.99796,0.998948
B2_05,B2,40,160.0,8,8,0,0,100.000000,0,0.001535,0.49843,11.2307,0.752835,0.627123,0.0129035,1,0.875,8,0.192252,3,0.998121,0.998843
B2_05,B2,41,164.0,8,8,0,0,100.000000,0,0.000368,0.361663,13.4035,0.725053,0.613663,0.00839782,1,0.875,8,0.146516,3,0.998191,0.998898
B2_05,B2,42,168.0,9,9,0,0,100.000000,0,0.001388,0.427911,9.89685,0.732711,0.62208,0.0127119,1,0.888889,9,0.0560852,3,0.998263,0.999037
B2_05,B2,43,172.0,8,8,0,0,100.000000,0,0.000241,0.447413,9.41538,0.722701,0.647146,0.00718983,1,1,8,0.166764,3,0.998284,0.999201
B2_05,B2,44,176.0,9,9,0,0,100.000000,0,0.000663,0.349004,9.48253,0.699649,0.591707,0.00929403,1,0.888889,9,0.143513,3,0.996417,0.998965
B2_05,B2,45,180.0,8,8,0,0,100.000000,0,0.000697,0.417043,24.417,0.728875,0.569468,0.00870906,1,0.4,8,0.168047,3,0.994418,0.998784
B2_05,B2,46,184.0,9,9,0,0,100.000000,0,0.001285,0.388147,9.02618,0.729305,0.642294,0.0128205,1,0.888889,9,0.0768635,4,0.996831,0.999024
B2_05,B2,47,188.0,8,8,0,0,100.000000,0,0.000198,0.422921,11.0883,0.703596,0.628802,0.00852178,1,0.875,8,0.0646442,3,0.998093,0.99892
B2_05,B2,48,192.0,9,9,0,0,100.000000,0,0.000570,0.478664,9.9971,0.747279,0.603814,0.00568979,1,0.888889,9,0.134581,3,0.997975,0.998838
B2_05,B2,49,196.0,9,9,0,0,100.000000,0,0.000247,0.374191,12.0244,0.701493,0.629302,0.00730102,1,0.823529,9,0.162153,3,0.996629,0.998827
B2_05,B2,50,200.0,8,8,0,0,100.000000,0,0.001213,0.401894,13.8511,0.738538,0.60341,0.00545382,1,0.875,8,0.188951,3,0.996554,0.999053
B2_05,B2,51,204.0,9,9,0,0,100.000000,0,0.000303,0.422951,10.8869,0.747369,0.619775,0.00598041,1,0.888889,9,0.0635737,3,0.99863,0.999078
B2_05,B2,52,208.0,8,8,0,0,100.000000,0,0.000359,0.574957,12.7321,0.754746,0.588432,0.00994374,1,1,8,0.171509,3,0.998354,0.998875
B2_05,B2,53,212.0,9,9,0,0,100.000000,0,0.001606,0.421171,13.4339,0.753329,0.690525,0.0194726,1,1,9,0.190186,3,0.997892,0.998869
B2_05,B2,54,216.0,8,8,0,0,100.000000,0,0.000613,0.422488,10.8568,0.714998,0.588335,0.00993519,1,0.875,8,0.149926,3,0.997936,0.998975
B2_05,B2,55,220.0,9,9,0,0,100.000000,0,0.002568,0.448239,12.1382,0.727793,0.65063,0.0110322,1,0.823529,9,0.185802,3,0.998573,0.999056
B2_05,B2,56,224.0,8,8,0,0,100.000000,0,0.000898,0.39792,8.78817,0.719999,0.657534,0.0156656,1,0.875,8,0.122167,3,0.998482,0.999339
B2_05,B2,57,228.0,10,10,0,0,100.000000,0,0.000327,0.425744,10.2297,0.746117,0.67845,0.00758356,1,0.9,10,0.198062,3,0.998003,0.998961
B2_05,B2,58,232.0,9,9,0,0,100.000000,0,0.000321,0.436822,7.46818,0.713914,0.618907,0.00442627,1,0.777778,9,0.133914,3,0.998251,0.998605
B2_05,B2,59,236.0,8,8,0,0,100.000000,0,0.001900,0.430485,7.46466,0.740663,0.67678,0.0285307,1,0.705882,8,0.194776,3,0.998146,0.998632
B2_05,B2,60,240.0,9,9,0,0,100.000000,0,0.002757,0.715572,5.31598,0.7567,0.682875,0.0143513,1,0.666667,9,0.085787,3,0.996601,0.998848
B2_05,B2,61,244.0,8,8,0,0,100.000000,0,0.000299,0.546517,9.35513,0.720645,0.621031,0.0029619,1,0.75,8,0.121027,3,0.998106,0.999085
B2_05,B2,62,248.0,9,9,0,0,100.000000,0,0.001251,0.59107,9.92573,0.75665,0.599551,0.00673678,1,0.888889,9,0.205471,3,0.998178,0.998785
B2_05,B2,63,252.0,9,9,0,0,100.000000,0,0.055491,0.765206,7.38646,0.748938,0.611864,0.0128891,1,0.823529,9,0.19536,3,0.996968,0.998268
B2_05,B2,64,256.0,9,9,0,0,100.000000,0,0.001155,0.742414,6.90034,0.750302,0.592155,0.0077465,1,0.823529,9,0.137447,3,0.997996,0.998901
B2_05,B2,65,260.0,9,9,0,0,100.000000,0,0.010633,0.634348,9.33316,0.756997,0.524843,0.0131006,1,1,9,0.197795,3,0.996743,0.998664
B2_05,B2,66,264.0,9,9,0,0,100.000000,0,0.145345,0.608993,6.12825,0.718401,0.5784,0.250718,0.875,0.777778,9,0.061395,3,0.99695,0.999142
B2_05,B2,67,268.0,10,10,0,0,100.000000,0,0.010108,0.680058,8.24434,0.756864,0.571235,0.0109044,1,0.9,10,0.196194,3,0.995713,0.997856
B2_05,B2,68,272.0,11,11,0,0,100.000000,0,0.008117,0.758015,9.32244,0.758772,0.598448,0.0125786,1,1,11,0.19277,3,0.996831,0.998321
B2_05,B2,69,276.0,10,10,0,0,100.000000,0,0.006570,0.662623,15.0523,0.725251,0.594431,0.0147314,1,0.571429,10,0.169914,3,0.995121,0.998203
B2_05,B2,70,280.0,10,10,0,0,100.000000,0,0.001343,0.497051,17.5362,0.737214,0.527091,0.00668592,1,0.666667,10,0.183728,3,0.996289,0.998297
B2_05,B2,71,284.0,10,10,0,0,100.000000,0,0.005537,0.41597,13.6454,0.697256,0.606208,0.0186695,1,0.307692,10,0.0552423,4,0.995947,0.998663
B2_05,B2,72,288.0,10,10,0,0,100.000000,0,0.002719,0.687591,9.4727,0.768689,0.611181,0.0185018,1,1,10,0.211283,3,0.995491,0.998336
B2_05,B2,73,292.0,11,11,0,0,100.000000,0,0.003621,0.498827,16.3965,0.737253,0.576147,0.0138867,1,0.166667,11,0.185098,3,0.99151,0.997666
B2_05,B2,74,296.0,9,9,0,0,100.000000,0,0.004577,0.66622,8.2158,0.748183,0.559432,0.0634738,1,1,9,0.191978,3,0.997968,0.998869
B2_06,B2,0,0.0,9,9,0,0,100.000000,0,0.001232,0.653723,6.82005,0.706955,0.612572,0.00783733,1,1,9,0.196989,3,0.995567,0.997869
B2_06,B2,1,4.0,9,9,0,0,100.000000,0,0.001362,0.712127,7.64268,0.711114,0.541263,0.00630551,1,1,9,0.220317,3,0.99675,0.997583
B2_06,B2,2,8.0,9,9,0,0,100.000000,0,0.000736,0.643819,7.72785,0.720464,0.554648,0.00441617,1,1,9,0.234507,3,0.996118,0.997712
B2_06,B2,3,12.0,9,9,0,0,100.000000,0,0.000979,0.674604,6.07039,0.708812,0.546768,0.00441617,1,1,9,0.180772,3,0.996603,0.997387
B2_06,B2,4,16.0,9,9,0,0,100.000000,0,0.001362,0.718072,7.65126,0.719352,0.550827,0.0045045,1,1,9,0.240402,3,0.996382,0.997311
B2_06,B2,5,20.0,9,9,0,0,100.000000,0,0.013809,0.750626,5.9673,0.722757,0.525143,0.00437625,1,1,9,0.201195,3,0.996942,0.997602
B2_06,B2,6,24.0,10,10,0,0,100.000000,0,0.001317,0.759916,6.693,0.715257,0.559391,0.00431163,1,0.947368,10,0.23983,3,0.993324,0.997473
B2_06,B2,7,28.0,9,9,0,0,100.000000,0,0.002923,0.726333,7.47137,0.721525,0.540312,0.00715349,1,1,9,0.205115,3,0.99688,0.997681
B2_06,B2,8,32.0,9,9,0,0,100.000000,0,0.001362,0.707241,7.47826,0.722278,0.54839,0.00442627,1,1,9,0.213758,3,0.997058,0.99796
B2_06,B2,9,36.0,9,9,0,0,100.000000,0,0.001977,0.695455,9.2906,0.723566,0.565418,0.00630551,1,0.941176,9,0.219834,3,0.994465,0.997684
B2_06,B2,10,40.0,9,9,0,0,100.000000,0,0.000736,0.687177,7.17577,0.722239,0.55696,0.00602677,1,1,9,0.218239,3,0.99678,0.997548
B2_06,B2,11,44.0,9,9,0,0,100.000000,0,0.001532,0.773816,7.15942,0.731632,0.560985,0.00441617,1,1,9,0.230616,3,0.997151,0.997659
B2_06,B2,12,48.0,9,9,0,0,100.000000,0,0.002773,0.723594,7.95911,0.719949,0.52168,0.00544362,1,1,9,0.236541,3,0.996408,0.997621
B2_06,B2,13,52.0,9,9,0,0,100.000000,0,0.003225,0.708279,7.06291,0.720882,0.524363,0.00708853,1,1,9,0.243448,3,0.996837,0.997542
B2_06,B2,14,56.0,9,9,0,0,100.000000,0,0.001589,0.783052,6.49769,0.714062,0.574409,0.00544362,1,1,9,0.127049,3,0.99665,0.997609
B2_06,B2,15,60.0,10,10,0,0,100.000000,0,0.002402,0.690411,5.9873,0.716309,0.546676,0,1,1,9,0.197696,3,0.996785,0.99799
B2_06,B2,16,64.0,9,9,0,0,100.000000,0,0.001187,0.71762,5.94678,0.714191,0.537803,0.00377183,1,0.947368,10,0.227183,3,0.996774,0.997474
B2_06,B2,17,68.0,9,9,0,0,100.000000,0,0.009469,0.718478,7.06647,0.725598,0.523432,0.00545601,1,1,9,0.205153,3,0.996518,0.997725
B2_06,B2,18,72.0,9,9,0,0,100.000000,0,0.001481,0.738024,6.2606,0.726794,0.585637,0.0044843,1,1,9,0.215662,3,0.995947,0.997736
B2_06,B2,19,76.0,9,9,0,0,100.000000,0,0.009089,0.722213,8.63383,0.710638,0.567819,0.00637033,1,0.941176,9,0.197789,3,0.995691,0.997583
B2_06,B2,20,80.0,9,9,0,0,100.000000,0,0.001532,0.762106,6.31642,0.723219,0.538438,0.00452489,1,1,9,0.23713,3,0.997029,0.997738
B2_06,B2,21,84.0,9,9,0,0,100.000000,0,0.005885,0.667816,7.60445,0.714587,0.524753,0.00639916,1,1,9,0.202756,3,0.996622,0.997507
B2_06,B2,22,88.0,9,9,0,0,100.000000,0,0.001511,0.759291,6.88805,0.716835,0.561473,0.00630551,1,1,9,0.222968,3,0.996179,0.997504
B2_06,B2,23,92.0,9,9,0,0,100.000000,0,0.001589,0.768337,5.29837,0.707449,0.554192,0.00639916,1,1,9,0.165164,3,0.996388,0.997486
B2_06,B2,24,96.0,9,9,0,0,100.000000,0,0.001253,0.828239,6.18296,0.725569,0.542259,0.00629126,1,1,9,0.230418,3,0.996073,0.997269
B2_06,B2,25,100.0,9,9,0,0,100.000000,0,0.001253,0.823494,5.55389,0.734277,0.5508,0.00702474,1,1,9,0.230306,3,0.996111,0.997321
B2_06,B2,26,104.0,9,9,0,0,100.000000,0,0.007136,0.798887,7.92446,0.743778,0.59241,0.011393,1,1,9,0.210711,3,0.99522,0.997713
B2_06,B2,27,108.0,10,10,0,0,100.000000,0,0.005720,0.578182,25.2961,0.672294,0.581752,0.0144729,1,0.181818,10,0.123986,4,0.994868,0.997147
B2_06,B2,28,112.0,10,10,0,0,100.000000,0,0.000642,0.66742,7.79735,0.718339,0.56326,0.00629939,1,1,10,0.239218,3,0.995022,0.997311
B2_06,B2,29,116.0,10,10,0,0,100.000000,0,0.007615,0.691578,6.93976,0.714692,0.590864,0.0248832,1,1,10,0.265247,3,0.992655,0.997028
B2_06,B2,30,120.0,9,9,0,0,100.000000,0,0.008569,0.738039,6.40927,0.729866,0.576331,0.0297605,1,1,9,0.220081,3,0.996356,0.997691
B2_06,B2,31,124.0,8,8,0,0,100.000000,0,0.052155,0.778243,5.12265,0.744896,0.571213,0.016662,1,0.714286,8,0.183375,3,0.980669,0.997196
B2_06,B2,32,128.0,8,8,0,0,100.000000,0,0.026455,0.761855,3.274,0.737269,0.580852,0.0169515,1,0.625,8,0.0806674,3,0.976618,0.996437
B2_06,B2,33,132.0,8,8,0,0,100.000000,0,0.006878,0.883045,4.76321,0.757331,0.636171,0.0179178,1,1,8,0.199124,3,0.991501,0.997568
B2_06,B2,34,136.0,8,8,0,0,100.000000,0,0.001633,0.681491,18.2984,0.696049,0.577699,0.00849364,1,0.222222,8,0.147695,4,0.995079,0.998055
B2_06,B2,35,140.0,9,9,0,0,100.000000,0,0.008981,0.752436,6.64924,0.722717,0.566895,0.016205,1,1,9,0.163766,3,0.995946,0.997127
B2_06,B2,36,144.0,8,8,0,0,100.000000,0,0.001589,0.800587,7.6962,0.721177,0.595484,0.00791299,1,1,8,0.158508,3,0.995953,0.99739
B2_06,B2,37,148.0,9,9,0,0,100.000000,0,0.002243,0.878457,5.46299,0.737755,0.571001,0.00945531,1,1,9,0.185075,3,0.99598,0.996943
B2_06,B2,38,152.0,9,9,0,0,100.000000,0,0.007871,0.953584,4.19211,0.754105,0.560723,0.0108866,1,1,9,0.197597,3,0.994795,0.995916
B2_06,B2,39,156.0,9,9,0,0,100.000000,0,0.000840,0.991205,4.29898,0.745268,0.601467,0.00900901,1,1,9,0.193863,3,0.995385,0.997589
B2_06,B2,40,160.0,9,9,0,0,100.000000,0,0.001532,0.788817,5.23403,0.729892,0.568243,0.00708853,1,1,9,0.221078,3,0.99549,0.99688
B2_06,B2,41,164.0,9,9,0,0,100.000000,0,0.002562,0.773588,6.25629,0.725795,0.602615,0.00634865,1,1,9,0.195889,3,0.996202,0.997395
B2_06,B2,42,168.0,9,9,0,0,100.000000,0,0.001481,0.721074,7.6716,0.723841,0.596988,0.00752069,1,1,9,0.234071,3,0.996083,0.997028
B2_06,B2,43,172.0,9,9,0,0,100.000000,0,0.001532,0.762265,7.29161,0.724348,0.552475,0.00642824,1,1,9,0.245809,3,0.996552,0.997926
B2_06,B2,44,176.0,9,9,0,0,100.000000,0,0.010040,0.804481,6.35833,0.715381,0.592467,0.00550612,1,0.941176,9,0.198673,3,0.995582,0.99703
B2_06,B2,45,180.0,10,10,0,0,100.000000,0,0.001273,0.74184,5.82271,0.718896,0.562426,0.00607903,1,0.947368,10,0.222904,3,0.995399,0.997268
B2_06,B2,46,184.0,9,9,0,0,100.000000,0,0.007989,0.755361,7.27819,0.734801,0.555631,0.00629126,1,0.941176,9,0.2276,3,0.996078,0.997497
B2_06,B2,47,188.0,9,9,0,0,100.000000,0,0.002652,0.726216,7.55139,0.722619,0.54226,0.00390982,1,1,9,0.196904,3,0.996831,0.997746
B2_06,B2,48,192.0,9,9,0,0,100.000000,0,0.000792,0.59728,15.9377,0.685273,0.526779,0.00715349,1,0.714286,9,0.16968,4,0.99474,0.997842
B2_06,B2,49,196.0,9,9,0,0,100.000000,0,0.001461,0.733971,7.12087,0.715884,0.581209,0.0030376,1,1,9,0.215837,3,0.995578,0.997351
B2_06,B2,50,200.0,9,9,0,0,100.000000,0,0.002705,0.769088,6.6707,0.71414,0.572806,0.00465116,1,1,9,0.194415,3,0.996197,0.997567
B2_06,B2,51,204.0,10,10,0,0,100.000000,0,0.001405,0.753639,6.67553,0.731887,0.540824,0.0088113,1,1,10,0.165917,3,0.992967,0.997183
B2_06,B2,52,208.0,9,9,0,0,100.000000,0,0.002705,0.798898,6.60683,0.718481,0.567346,0.00550612,1,1,9,0.193529,3,0.995843,0.996917
B2_06,B2,53,212.0,9,9,0,0,100.000000,0,0.001532,0.761267,7.14517,0.723892,0.566893,0.00857364,1,1,9,0.213494,3,0.995535,0.997784
B2_06,B2,54,216.0,9,9,0,0,100.000000,0,0.001318,0.824704,6.64896,0.732827,0.57507,0.00646663,1,1,9,0.150943,3,0.996596,0.998073
B2_06,B2,55,220.0,10,10,0,0,100.000000,0,0.001845,0.644222,14.5689,0.684267,0.526844,0.00528944,1,0.461538,10,0.19896,4,0.996005,0.997302
B2_06,B2,56,224.0,9,9,0,0,100.000000,0,0.002652,0.741356,6.45851,0.724722,0.566633,0.00471698,1,1,9,0.190872,3,0.996907,0.997803
B2_06,B2,57,228.0,10,10,0,0,100.000000,0,0.002280,0.727022,6.0406,0.718154,0.564096,0.00694581,1,0.947368,10,0.188985,3,0.995707,0.997086
B2_06,B2,58,232.0,9,9,0,0,100.000000,0,0.002243,0.841453,5.82616,0.726323,0.560388,0.00559607,1,1,9,0.193424,3,0.996071,0.997218
B2_06,B2,59,236.0,9,9,0,0,100.000000,0,0.001111,0.592838,29.5392,0.668406,0.551749,0.00613863,1,0.2,9,0.108686,4,0.993781,0.997146
B2_06,B2,60,240.0,9,9,0,0,100.000000,0,0.007869,0.855764,5.88422,0.737997,0.5948,0.0127409,1,1,9,0.213725,3,0.995351,0.997556
B2_06,B2,61,244.0,10,10,0,0,100.000000,0,0.002358,0.776956,5.72083,0.720558,0.550216,0.00586203,1,0.947368,10,0.184069,3,0.996472,0.997642
B2_06,B2,62,248.0,9,9,0,0,100.000000,0,0.001612,0.778428,6.25812,0.730133,0.558574,0.00943396,1,1,9,0.143273,3,0.995433,0.997537
B2_06,B2,63,252.0,9,9,0,0,100.000000,0,0.001665,0.837547,7.01881,0.732796,0.527922,0.00405633,1,1,9,0.177594,3,0.996211,0.996959
B2_06,B2,64,256.0,10,10,0,0,100.000000,0,0.001317,0.756139,5.72151,0.718759,0.587156,0.00580786,1,1,10,0.219188,3,0.996,0.997501
B2_06,B2,65,260.0,9,9,0,0,100.000000,0,0.001253,0.838805,6.07177,0.727699,0.540641,0.00445683,1,1,9,0.230229,3,0.996155,0.997204
B2_06,B2,66,264.0,9,9,0,0,100.000000,0,0.002702,0.784049,6.43835,0.719947,0.586566,0.0064576,1,0.941176,9,0.126183,3,0.993543,0.996989
B2_06,B2,67,268.0,9,9,0,0,100.000000,0,0.000886,0.861031,5.98117,0.729924,0.614598,0.00458716,1,1,9,0.228271,3,0.995448,0.997059
B2_06,B2,68,272.0,9,9,0,0,100.000000,0,0.003024,0.784421,6.22658,0.718929,0.553069,0.00305867,1,1,9,0.199374,3,0.995938,0.996716
B2_06,B2,69,276.0,10,10,0,0,100.000000,0,0.001317,0.76123,6.06296,0.706,0.570086,0.0029129,1,1,10,0.227125,3,0.996209,0.997283
B2_06,B2,70,280.0,9,9,0,0,100.000000,0,0.002438,0.70605,6.37332,0.714038,0.569088,0.00657774,1,1,9,0.182851,3,0.996204,0.997983
B2_06,B2,71,284.0,9,9,0,0,100.000000,0,0.005061,0.782656,7.47008,0.725128,0.612612,0.00460829,1,0.875,9,0.217525,3,0.993476,0.99692
B2_06,B2,72,288.0,9,9,0,0,100.000000,0,0.001431,0.818226,6.34256,0.727745,0.607456,0.00555716,1,1,9,0.219656,3,0.995408,0.996527
B2_06,B2,73,292.0,10,10,0,0,100.000000,0,0.017207,0.779519,7.71252,0.721375,0.587605,0.0156719,1,0.888889,10,0.164141,3,0.991258,0.997768
B2_06,B2,74,296.0,10,10,0,0,100.000000,0,0.000685,0.641282,7.95508,0.725943,0.599497,0.0102339,1,1,10,0.175581,3,0.99663,0.997452
B2_08,B2,0,0.0,8,8,0,0,100.000000,0,0.000278,0.493435,10.5818,0.723522,0.617378,0.0104781,1,0.666667,8,0.107851,3,0.998011,0.999012
B2_08,B2,1,4.0,9,9,0,0,100.000000,0,0.002266,0.451799,7.19771,0.713872,0.615047,0.0108479,1,0.588235,9,0.0824541,4,0.998563,0.998965
B2_08,B2,2,8.0,9,9,0,0,100.000000,0,0.000474,0.612786,12.8372,0.757327,0.570829,0.0101495,1,0.941176,9,0.165935,3,0.998309,0.999016
B2_08,B2,3,12.0,8,8,0,0,100.000000,0,0.000851,0.538272,10.7932,0.761025,0.623995,0.0135805,1,0.941176,8,0.177123,3,0.998271,0.999001
B2_08,B2,4,16.0,8,8,0,0,100.000000,0,0.002599,0.537817,19.2691,0.725546,0.571508,0.0153323,1,0.857143,8,0.166309,3,0.996711,0.999008
B2_08,B2,5,20.0,9,9,0,0,100.000000,0,0.001546,0.589278,10.0677,0.745771,0.489372,0.0151927,1,1,9,0.140617,3,0.997811,0.998697
B2_08,B2,6,24.0,9,9,0,0,100.000000,0,0.002599,0.502372,10.0457,0.729321,0.530919,0.0171371,1,0.823529,9,0.144473,4,0.99722,0.998684
B2_08,B2,7,28.0,8,8,0,0,100.000000,0,0.000630,0.482987,11.8877,0.703785,0.511917,0.00738253,1,0.615385,8,0.0975536,4,0.997939,0.998735
B2_08,B2,8,32.0,9,9,0,0,100.000000,0,0.003199,0.501936,11.9392,0.724789,0.531344,0.0176061,1,0.461538,9,0.0320151,4,0.997058,0.9987
B2_08,B2,9,36.0,8,8,0,0,100.000000,0,0.002160,0.62638,12.7569,0.768396,0.573149,0.0119452,1,1,8,0.115202,3,0.997821,0.99907
B2_08,B2,10,40.0,8,8,0,0,100.000000,0,0.000754,0.403061,9.93208,0.651168,0.564465,0.00863605,1,0.333333,8,0.10083,4,0.996733,0.99886
B2_08,B2,11,44.0,9,9,0,0,100.000000,0,0.000586,0.462962,23.0508,0.715563,0.606929,0.0094656,1,0.2,9,0.117387,3,0.996343,0.998875
B2_08,B2,12,48.0,8,8,0,0,100.000000,0,0.000536,0.402353,12.2229,0.724623,0.567389,0.00846969,1,0.941176,8,0.151234,4,0.998308,0.999068
B2_08,B2,13,52.0,9,9,0,0,100.000000,0,0.003845,0.523828,13.5958,0.722498,0.576689,0.0114799,1,0.461538,9,0.109897,3,0.997899,0.998842
B2_08,B2,14,56.0,8,8,0,0,100.000000,0,0.000574,0.520964,8.93975,0.730298,0.590123,0.00762914,1,0.75,8,0.158905,3,0.998121,0.998977
B2_08,B2,15,60.0,9,9,0,0,100.000000,0,0.000257,0.440782,7.35735,0.69734,0.621158,0.00924934,1,0.588235,9,0.101578,4,0.998514,0.999053
B2_08,B2,16,64.0,8,8,0,0,100.000000,0,0.002508,0.383743,10.499,0.708185,0.594454,0.0122279,1,0.75,8,0.0648959,4,0.997953,0.998957
B2_08,B2,17,68.0,9,9,0,0,100.000000,0,0.000228,0.372591,9.0411,0.730557,0.644275,0.00951518,1,0.888889,9,0.132283,3,0.998468,0.999023
B2_08,B2,18,72.0,8,8,0,0,100.000000,0,0.000636,0.455593,8.09511,0.709618,0.591607,0.00994718,1,0.75,8,0.0954356,3,0.998226,0.998952
B2_08,B2,19,76.0,9,9,0,0,100.000000,0,0.000301,0.507399,12.2508,0.757326,0.636069,0.00736375,1,1,9,0.191707,3,0.997937,0.998778
B2_08,B2,20,80.0,8,8,0,0,100.000000,0,0.000636,0.457237,10.5792,0.716128,0.595522,0.00718983,1,0.875,8,0.0807553,3,0.998546,0.999014
B2_08,B2,21,84.0,9,9,0,0,100.000000,0,0.000222,0.459872,7.57798,0.715445,0.65505,0.00858082,1,0.777778,9,0.121364,3,0.997796,0.999024
B2_08,B2,22,88.0,9,9,0,0,100.000000,0,0.000345,0.455011,9.52447,0.726418,0.657962,0.00768476,1,0.333333,8,0.0805144,3,0.995732,0.998888
B2_08,B2,23,92.0,8,8,0,0,100.000000,0,0.000450,0.609342,9.92732,0.720372,0.564649,0.00666489,1,0.625,9,0.0683907,3,0.997021,0.998839
B2_08,B2,24,96.0,9,9,0,0,100.000000,0,0.000254,0.382688,7.3103,0.691808,0.652336,0.0100619,1,0.705882,9,0.0884693,4,0.997014,0.999323
B2_08,B2,25,100.0,8,8,0,0,100.000000,0,0.000490,0.492953,10.405,0.748301,0.580894,0.00909464,1,0.875,8,0.179185,3,0.998501,0.998933
B2_08,B2,26,104.0,9,9,0,0,100.000000,0,0.000421,0.393188,9.81825,0.737571,0.665059,0.00598041,1,0.888889,9,0.202184,3,0.997481,0.99907
B2_08,B2,27,108.0,9,9,0,0,100.000000,0,0.000435,0.519303,16.2489,0.732829,0.645242,0.0060192,1,0.941176,9,0.188949,3,0.994886,0.999051
B2_08,B2,28,112.0,8,8,0,0,100.000000,0,0.000233,0.476008,9.63478,0.741778,0.675004,0.00776019,1,0.875,8,0.178141,3,0.998575,0.998786
B2_08,B2,29,116.0,9,9,0,0,100.000000,0,0.000229,0.522255,13.6232,0.750924,0.643172,0.00418701,1,1,9,0.178621,3,0.997735,0.998808
B2_08,B2,30,120.0,9,9,0,0,100.000000,0,0.000645,0.463696,10.2804,0.743378,0.58738,0.00438596,1,0.823529,9,0.189703,3,0.998272,0.99883
B2_08,B2,31,124.0,8,8,0,0,100.000000,0,0.000329,0.526053,9.5697,0.725965,0.635109,0.00642194,1,0.307692,8,0.10441,4,0.997963,0.999023
B2_08,B2,32,128.0,9,9,0,0,100.000000,0,0.000551,0.373168,7.34718,0.717442,0.604781,0.0104467,1,0.588235,9,0.154229,4,0.998248,0.999086
B2_08,B2,33,132.0,9,9,0,0,100.000000,0,0.000235,0.420866,12.5095,0.72195,0.676674,0.00374093,1,0.888889,9,0.165387,3,0.997509,0.998981
B2_08,B2,34,136.0,8,8,0,0,100.000000,0,0.000198,0.461924,10.0556,0.732323,0.659377,0.00391856,1,0.875,8,0.228417,3,0.998414,0.999021
B2_08,B2,35,140.0,9,9,0,0,100.000000,0,0.008466,0.469923,9.84049,0.758535,0.607833,0.0107225,1,0.888889,9,0.205272,3,0.99796,0.999065
B2_08,B2,36,144.0,9,9,0,0,100.000000,0,0.000437,0.442039,10.4672,0.731675,0.650264,0.00922908,1,1,9,0.202433,3,0.998303,0.999029
B2_08,B2,37,148.0,9,9,0,0,100.000000,0,0.000228,0.466739,10.8478,0.735267,0.646383,0.00578939,1,0.888889,9,0.162365,3,0.99797,0.998975
B2_08,B2,38,152.0,8,8,0,0,100.000000,0,0.001234,0.458329,9.62976,0.694723,0.634725,0.0115693,1,0.875,8,0.0853782,3,0.99788,0.998927
B2_08,B2,39,156.0,9,9,0,0,100.000000,0,0.000274,0.467097,6.98643,0.7353,0.699861,0.00507495,1,0.666667,9,0.0808053,3,0.998591,0.999166
B2_08,B2,40,160.0,8,8,0,0,100.000000,0,0.000228,0.486266,8.65767,0.725766,0.635504,0.00546716,1,0.75,8,0.133985,3,0.998579,0.999113
B2_08,B2,41,164.0,9,9,0,0,100.000000,0,0.000241,0.52817,6.42585,0.73673,0.700087,0.00431034,1,0.666667,9,0.149262,3,0.998069,0.999084
B2_08,B2,42,168.0,8,8,0,0,100.000000,0,0.000235,0.476899,9.7197,0.710915,0.709466,0.00460795,1,0.75,8,0.159755,3,0.998741,0.999079
B2_08,B2,43,172.0,9,9,0,0,100.000000,0,0.000498,0.438205,8.85372,0.706953,0.554016,0.00434783,1,0.823529,9,0.176906,3,0.997265,0.998913
B2_08,B2,44,176.0,9,9,0,0,100.000000,0,0.000222,0.402726,6.45149,0.710136,0.658377,0.00423277,1,0.777778,9,0.121804,4,0.998223,0.999044
B2_08,B2,45,180.0,9,9,0,0,100.000000,0,0.000253,0.47597,8.13167,0.710803,0.657684,0.00859941,1,0.705882,9,0.0931185,3,0.998446,0.999093
B2_08,B2,46,184.0,8,8,0,0,100.000000,0,0.000222,0.491436,6.90468,0.715138,0.65054,0.00750842,1,0.705882,8,0.124306,4,0.998522,0.99908
B2_08,B2,47,188.0,9,9,0,0,100.000000,0,0.000977,0.46129,7.14579,0.751145,0.710592,0.0108934,1,0.705882,9,0.163225,3,0.998651,0.998906
B2_08,B2,48,192.0,8,8,0,0,100.000000,0,0.000294,0.523564,7.62384,0.729874,0.701844,0.00741807,1,0.75,8,0.178845,3,0.998244,0.998849
B2_08,B2,49,196.0,8,8,0,0,100.000000,0,0.000582,0.781534,5.46273,0.738625,0.731957,0.00818937,1,0.625,8,0.0653526,3,0.99766,0.998838
B2_08,B2,50,200.0,9,9,0,0,100.000000,0,0.008774,0.870274,4.70159,0.762639,0.724306,0.0134301,1,0.777778,9,0.044772,3,0.997458,0.999293
B2_08,B2,51,204.0,8,8,0,0,100.000000,0,0.000575,0.811375,4.87781,0.752695,0.677308,0.00706782,1,0.8,8,0.111363,3,0.997754,0.998959
B2_08,B2,52,208.0,9,9,0,0,100.000000,0,0.000807,0.711814,7.41089,0.736365,0.66151,0.00604365,1,0.75,9,0.0438623,3,0.99748,0.998953
B2_08,B2,53,212.0,8,8,0,0,100.000000,0,0.001206,0.885198,5.08805,0.760643,0.674411,0.00791299,1,0.875,8,0.118566,3,0.998426,0.999163
B2_08,B2,54,216.0,9,9,0,0,100.000000,0,0.000775,0.602675,6.29552,0.728411,0.626437,0.013847,1,0.666667,9,0.0662298,3,0.998123,0.999121
B2_08,B2,55,220.0,10,10,0,0,100.000000,0,0.002426,0.645854,10.2764,0.753705,0.616781,0.0128158,1,1,10,0.1852,3,0.997968,0.999521
B2_08,B2,56,224.0,9,9,0,0,100.000000,0,0.002160,0.685637,10.6095,0.749524,0.566026,0.0131006,1,1,9,0.160413,3,0.99837,0.99917
B2_08,B2,57,228.0,9,9,0,0,100.000000,0,0.003557,0.644182,9.69673,0.764868,0.557161,0.017366,1,1,9,0.184797,3,0.99804,0.998785
B2_08,B2,58,232.0,8,8,0,0,100.000000,0,0.001093,0.71742,7.64913,0.750237,0.59591,0.00892888,1,0.875,8,0.158119,3,0.998238,0.998996
B2_08,B2,59,236.0,9,9,0,0,100.000000,0,0.000279,0.626308,11.8531,0.744529,0.629059,0.0103136,1,0.666667,9,0.144771,3,0.996887,0.999168
B2_08,B2,60,240.0,9,9,0,0,100.000000,0,0.000328,0.606804,8.35875,0.732157,0.654351,0.00604365,1,0.705882,9,0.0552225,4,0.997405,0.999202
B2_08,B2,61,244.0,8,8,0,0,100.000000,0,0.000248,0.658802,12.0475,0.720329,0.621808,0.00781774,1,0.8,8,0.206777,3,0.996503,0.998963
B2_08,B2,62,248.0,9,9,0,0,100.000000,0,0.005108,0.613332,9.10924,0.705654,0.611879,0.0108544,1,0.823529,9,0.0832496,3,0.98895,0.999308
B2_08,B2,63,252.0,8,8,0,0,100.000000,0,0.001093,0.689475,9.66146,0.753063,0.594038,0.00420911,1,0.875,8,0.144519,3,0.998404,0.998988
B2_08,B2,64,256.0,9,9,0,0,100.000000,0,0.000228,0.589117,7.90992,0.731771,0.644947,0.0100965,1,0.823529,9,0.16166,3,0.997314,0.999294
B2_08,B2,65,260.0,8,8,0,0,100.000000,0,0.000366,0.634275,11.981,0.753452,0.648094,0.0062488,1,1,8,0.183498,3,0.998544,0.999031
B2_08,B2,66,264.0,9,9,0,0,100.000000,0,0.000266,0.591763,10.2635,0.731151,0.630376,0.00416003,1,0.888889,9,0.0801489,3,0.997313,0.999216
B2_08,B2,67,268.0,9,9,0,0,100.000000,0,0.000252,0.597633,9.84093,0.708336,0.650181,0.00749806,1,0.533333,9,0.170201,3,0.994357,0.998925
B2_08,B2,68,272.0,8,8,0,0,100.000000,0,0.000886,0.741659,9.45109,0.762445,0.660832,0.00464802,1,0.941176,8,0.21551,3,0.998431,0.999032
B2_08,B2,69,276.0,9,9,0,0,100.000000,0,0.000279,0.654711,8.39774,0.721974,0.650993,0.00438596,1,0.888889,9,0.157732,3,0.998237,0.999027
B2_08,B2,70,280.0,9,9,0,0,100.000000,0,0.001017,0.673587,6.94081,0.729972,0.691085,0.014593,1,0.777778,9,0.241349,3,0.998418,0.999147
B2_08,B2,71,284.0,8,8,0,0,100.000000,0,0.003220,0.604602,8.75098,0.702492,0.611632,0.010988,1,0.75,8,0.219503,3,0.986162,0.998888
B2_08,B2,72,288.0,9,9,0,0,100.000000,0,0.001390,0.698568,8.38441,0.750157,0.608119,0.00431034,1,0.888889,9,0.183085,3,0.997832,0.999066
B2_08,B2,73,292.0,9,9,0,0,100.000000,0,0.000409,0.716517,7.09992,0.751534,0.64871,0.0060192,1,0.941176,9,0.169201,3,0.997723,0.998687
B2_08,B2,74,296.0,8,8,0,0,100.000000,0,0.000432,0.616272,9.55949,0.741276,0.624122,0.00299449,1,0.875,8,0.202759,3,0.997356,0.999225
B2_09,B2,0,0.0,8,8,0,0,100.000000,0,0.001490,0.575795,8.93579,0.716421,0.550437,0.0165028,1,1,8,0.211062,3,0.996554,0.997205
B2_09,B2,1,4.0,8,8,0,0,100.000000,0,0.003064,0.662595,9.20494,0.719774,0.576899,0.024339,1,1,8,0.175544,3,0.99643,0.997172
B2_09,B2,2,8.0,9,9,0,0,100.000000,0,0.001316,0.662633,7.9494,0.720166,0.576448,0.00929403,1,1,9,0.194271,3,0.9968,0.997668
B2_09,B2,3,12.0,9,9,0,0,100.000000,0,0.001316,0.682826,7.50356,0.726445,0.557874,0.00806986,1,1,9,0.19036,3,0.996938,0.997952
B2_09,B2,4,16.0,8,8,0,0,100.000000,0,0.001223,0.700593,8.04423,0.710319,0.584657,0.00867109,1,1,8,0.213095,3,0.99423,0.997882
B2_09,B2,5,20.0,9,9,0,0,100.000000,0,0.009854,0.714663,7.75276,0.712878,0.573084,0.0135466,1,1,9,0.163152,3,0.995739,0.997209
B2_09,B2,6,24.0,9,9,0,0,100.000000,0,0.003050,0.704001,8.26805,0.714484,0.588437,0.00882898,1,0.941176,9,0.179569,3,0.993289,0.997462
B2_09,B2,7,28.0,9,9,0,0,100.000000,0,0.011461,0.492337,2.64293,0.728044,0.659578,0.0370378,1,0.888889,9,0.048038,3,0.984751,0.997253
B2_09,B2,8,32.0,9,9,0,0,100.000000,0,0.000581,0.988084,3.87903,0.758685,0.551387,0.00798097,1,1,9,0.090877,3,0.994401,0.997697
B2_09,B2,9,36.0,10,10,0,0,100.000000,0,0.011201,0.977469,4.1006,0.752266,0.567014,0.0147814,1,1,10,0.201133,3,0.993364,0.997447
B2_09,B2,10,40.0,9,9,0,0,100.000000,0,0.003700,0.775072,13.181,0.706864,0.612551,0.00986481,1,0.166667,9,0.0996888,4,0.991785,0.997904
B2_09,B2,11,44.0,8,8,0,0,100.000000,0,0.001204,0.966355,4.72346,0.728199,0.582536,0.0100562,1,1,8,0.139674,3,0.995239,0.997159
B2_09,B2,12,48.0,9,9,0,0,100.000000,0,0.042052,0.929367,2.97993,0.759903,0.606268,0.0379301,1,0.941176,9,0.133367,3,0.979612,0.996358
B2_09,B2,13,52.0,8,8,0,0,100.000000,0,0.005352,0.9508,3.89077,0.76434,0.595703,0.0275436,1,0.933333,8,0.0799512,3,0.990917,0.99702
B2_09,B2,14,56.0,9,9,0,0,100.000000,0,0.009073,0.913668,5.19394,0.722691,0.550187,0.0111267,1,1,9,0.147287,3,0.992795,0.997327
B2_09,B2,15,60.0,8,8,0,0,100.000000,0,0.001329,0.759154,6.32462,0.708426,0.56562,0.0101291,1,1,8,0.163654,3,0.99504,0.998184
B2_09,B2,16,64.0,9,9,0,0,100.000000,0,0.003577,0.90112,16.2337,0.707176,0.562697,0.00825796,1,0.2,9,0.128293,3,0.9949,0.997203
B2_09,B2,17,68.0,9,9,0,0,100.000000,0,0.000912,0.955655,4.01545,0.739644,0.584565,0.00434783,1,0.941176,9,0.148459,3,0.996352,0.997186
B2_09,B2,18,72.0,8,8,0,0,100.000000,0,0.001145,0.816331,5.92548,0.746475,0.566452,0.00909345,1,1,8,0.174388,3,0.994562,0.99789
B2_09,B2,19,76.0,9,9,0,0,100.000000,0,0.010960,0.747558,7.16851,0.733532,0.56164,0.0108385,1,1,9,0.170717,3,0.995423,0.997402
B2_09,B2,20,80.0,9,9,0,0,100.000000,0,0.001223,0.74258,6.69757,0.727118,0.574696,0.0077465,1,1,9,0.238156,3,0.995084,0.997455
B2_09,B2,21,84.0,9,9,0,0,100.000000,0,0.001223,0.716714,6.83117,0.721884,0.560624,0.0029761,1,1,9,0.212157,3,0.996106,0.997603
B2_09,B2,22,88.0,9,9,0,0,100.000000,0,0.030424,0.732284,7.77196,0.726351,0.567738,0.0110837,1,0.941176,9,0.211446,3,0.993242,0.998214
B2_09,B2,23,92.0,9,9,0,0,100.000000,0,0.001223,0.723338,6.29876,0.71059,0.585583,0.00634865,1,1,9,0.206619,3,0.996101,0.997695
B2_09,B2,24,96.0,10,10,0,0,100.000000,0,0.002248,0.74368,5.48535,0.723394,0.563506,0.00910822,1,1,10,0.198534,3,0.995169,0.997124
B2_09,B2,25,100.0,9,9,0,0,100.000000,0,0.001223,0.741511,6.31334,0.714007,0.546455,0.00442627,1,1,9,0.211149,3,0.99726,0.99771
B2_09,B2,26,104.0,9,9,0,0,100.000000,0,0.001125,0.829654,6.67824,0.730228,0.536638,0.00642824,1,1,9,0.220767,3,0.996839,0.998353
B2_09,B2,27,108.0,9,9,0,0,100.000000,0,0.002446,0.752156,6.58536,0.718743,0.516808,0.00697765,1,1,9,0.215355,3,0.996284,0.997738
B2_09,B2,28,112.0,9,9,0,0,100.000000,0,0.001241,0.778414,6.48376,0.731663,0.561218,0.00624889,1,1,9,0.22972,3,0.996698,0.997452
B2_09,B2,29,116.0,9,9,0,0,100.000000,0,0.001241,0.768925,5.98463,0.716065,0.552571,0.00967411,1,1,9,0.235906,3,0.996841,0.997626
B2_09,B2,30,120.0,9,9,0,0,100.000000,0,0.001309,0.739491,7.01419,0.722083,0.560673,0.00765964,1,1,9,0.165374,3,0.996221,0.997487
B2_09,B2,31,124.0,9,9,0,0,100.000000,0,0.001699,0.679994,6.70125,0.716025,0.552753,0.00765964,1,0.941176,9,0.160989,3,0.99603,0.997442
B2_09,B2,32,128.0,10,10,0,0,100.000000,0,0.001164,0.685346,6.26226,0.705056,0.565651,0.00462475,1,1,10,0.198368,3,0.997063,0.997797
B2_09,B2,33,132.0,9,9,0,0,100.000000,0,0.001872,0.686443,5.78086,0.718922,0.549749,0.00723638,1,0.888889,9,0.187349,3,0.996298,0.997551
B2_09,B2,34,136.0,9,9,0,0,100.000000,0,0.002540,0.718575,7.3788,0.712381,0.546301,0.00549351,1,1,9,0.196283,3,0.996627,0.997858
B2_09,B2,35,140.0,9,9,0,0,100.000000,0,0.001653,0.776092,4.09354,0.731246,0.592771,0.0079818,1,0.888889,9,0.164698,3,0.995834,0.996973
B2_09,B2,36,144.0,10,10,0,0,100.000000,0,0.001139,0.794061,5.7049,0.721943,0.582681,0.00583181,1,1,10,0.158041,3,0.996267,0.997721
B2_09,B2,37,148.0,9,9,0,0,100.000000,0,0.001223,0.716556,6.90434,0.716426,0.559721,0.00458716,1,1,9,0.227101,3,0.996742,0.997453
B2_09,B2,38,152.0,9,9,0,0,100.000000,0,0.002837,0.727371,7.11789,0.707598,0.575527,0.00636316,1,1,9,0.205294,3,0.996605,0.997992
B2_09,B2,39,156.0,9,9,0,0,100.000000,0,0.001223,0.707821,6.1711,0.714356,0.5749,0.0064576,1,1,9,0.257128,3,0.996689,0.997287
B2_09,B2,40,160.0,9,9,0,0,100.000000,0,0.002540,0.699137,7.08955,0.717279,0.572683,0.00769519,1,1,9,0.197429,3,0.996841,0.997832
B2_09,B2,41,164.0,10,10,0,0,100.000000,0,0.000618,0.653536,6.55955,0.712619,0.546511,0.0046682,1,1,10,0.168774,3,0.997025,0.997964
B2_09,B2,42,168.0,9,9,0,0,100.000000,0,0.001316,0.67768,7.46269,0.707656,0.568872,0.00308722,1,1,9,0.191168,3,0.996549,0.997469
B2_09,B2,43,172.0,9,9,0,0,100.000000,0,0.002412,0.837292,5.25678,0.736619,0.55686,0.00559607,1,0.947368,9,0.202506,3,0.992588,0.997668
B2_09,B2,44,176.0,10,10,0,0,100.000000,0,0.002210,0.795903,4.88088,0.73428,0.567071,0.00970024,1,1,10,0.194499,3,0.995917,0.997565
B2_09,B2,45,180.0,9,9,0,0,100.000000,0,0.003667,0.851854,5.32305,0.722538,0.528343,0.00545601,1,0.941176,9,0.228692,3,0.990891,0.996922
B2_09,B2,46,184.0,9,9,0,0,100.000000,0,0.000855,0.937578,5.15682,0.74506,0.551902,0.0093937,1,1,9,0.228042,3,0.995105,0.9969
B2_09,B2,47,188.0,9,9,0,0,100.000000,0,0.070881,0.862156,5.99775,0.731724,0.567486,0.0140262,1,0.941176,9,0.190499,3,0.99356,0.99613
B2_09,B2,48,192.0,8,8,0,0,100.000000,0,0.033902,0.67682,2.68847,0.723694,0.595872,0.0464446,1,0.875,8,0.0587305,3,0.968903,0.997097
B2_09,B2,49,196.0,9,9,0,0,100.000000,0,0.002540,0.740973,6.02124,0.719385,0.594029,0.0103136,1,1,9,0.185843,3,0.995141,0.997426
B2_09,B2,50,200.0,8,8,0,0,100.000000,0,0.001916,1.05642,3.19098,0.755749,0.579373,0.0201619,1,1,8,0.0725763,3,0.991293,0.99713
B2_09,B2,51,204.0,9,9,0,0,100.000000,0,0.001306,0.822114,4.39912,0.75053,0.597588,0.00525283,1,0.941176,9,0.15164,3,0.99414,0.997223
B2_09,B2,52,208.0,9,9,0,0,100.000000,0,0.000397,0.603129,6.66604,0.709742,0.59504,0.00993808,1,1,9,0.216389,3,0.996573,0.997519
B2_09,B2,53,212.0,9,9,0,0,100.000000,0,0.001011,0.662736,7.24362,0.700431,0.571012,0.00710466,1,0.941176,9,0.231122,3,0.995779,0.997615
B2_09,B2,54,216.0,9,9,0,0,100.000000,0,0.001204,0.829698,4.7204,0.721707,0.557078,0.00851458,1,1,9,0.119104,3,0.995927,0.997712
B2_09,B2,55,220.0,9,9,0,0,100.000000,0,0.001117,0.875968,5.41394,0.734025,0.585917,0.0095643,1,1,9,0.233304,3,0.99501,0.997055
B2_09,B2,56,224.0,10,8,2,2,80.000000,0,0.970880,1.05289,1.46858,0.774506,0.696347,0.14429,0.888889,0.555556,10,0.0424039,2,0.935818,0.992775
B2_09,B2,57,228.0,9,9,0,0,100.000000,0,0.003037,1.07549,2.67679,0.761829,0.584778,0.0191771,1,0.947368,9,0.155357,3,0.988168,0.996858
B2_09,B2,58,232.0,9,9,0,0,100.000000,0,0.000893,1.0344,3.44383,0.747412,0.531996,0.00859351,1,1,9,0.183337,3,0.989503,0.996145
B2_09,B2,59,236.0,9,9,0,0,100.000000,0,0.004040,1.03024,4.15809,0.75157,0.598439,0.0131555,1,1,9,0.157883,3,0.99301,0.997009
B2_09,B2,60,240.0,9,9,0,0,100.000000,0,0.008157,0.973005,5.46642,0.741283,0.587505,0.0116253,1,1,9,0.222804,3,0.994651,0.997259
B2_09,B2,61,244.0,9,9,0,0,100.000000,0,0.001117,0.925494,5.05485,0.737431,0.578062,0.00958606,1,1,9,0.208657,3,0.991714,0.997346
B2_09,B2,62,248.0,10,10,0,0,100.000000,0,0.044639,0.98144,4.93673,0.74611,0.554526,0.0118121,1,0.888889,10,0.193839,3,0.992612,0.997512
B2_09,B2,63,252.0,9,9,0,0,100.000000,0,0.000806,0.955576,4.4927,0.738784,0.564055,0.00458716,1,1,9,0.209145,3,0.995811,0.997485
B2_09,B2,64,256.0,9,9,0,0,100.000000,0,0.008157,0.89976,5.03941,0.739654,0.591672,0.0136986,1,1,9,0.232939,3,0.994757,0.99725
B2_09,B2,65,260.0,9,9,0,0,100.000000,0,0.007596,0.954616,4.9926,0.73122,0.573725,0.00702474,1,0.941176,9,0.187946,3,0.993775,0.997019
B2_09,B2,66,264.0,9,9,0,0,100.000000,0,0.000703,0.951174,4.28701,0.730384,0.609915,0.0100659,1,1,9,0.250991,3,0.99547,0.996845
B2_09,B2,67,268.0,9,9,0,0,100.000000,0,0.000758,0.953263,4.18468,0.738402,0.583545,0.00544362,1,1,9,0.162862,3,0.995294,0.997288
B2_09,B2,68,272.0,9,9,0,0,100.000000,0,0.000372,1.09694,3.6724,0.754066,0.549556,0.00776405,1,1,9,0.123597,3,0.993891,0.997142
B2_09,B2,69,276.0,9,9,0,0,100.000000,0,0.001921,1.12976,2.26154,0.742749,0.548114,0.0131761,1,1,9,0.242523,3,0.987782,0.996558
B2_09,B2,70,280.0,9,9,0,0,100.000000,0,0.028853,0.908318,12.1877,0.7582,0.59437,0.0108385,1,0.2,9,0.132273,3,0.990468,0.996074
B2_09,B2,71,284.0,9,9,0,0,100.000000,0,0.025114,0.774165,4.97315,0.715073,0.582093,0.0125355,1,1,9,0.183919,3,0.993395,0.99793
B2_09,B2,72,288.0,9,9,0,0,100.000000,0,0.001125,0.846528,4.96328,0.72079,0.534747,0.00866439,1,1,9,0.227459,3,0.994621,0.997102
B2_09,B2,73,292.0,9,9,0,0,100.000000,0,0.001472,0.883069,4.26633,0.737403,0.559775,0.00776704,1,1,9,0.192833,3,0.993389,0.997234
B2_09,B2,74,296.0,9,5,4,4,55.555556,1,0.948638,0.939068,6.65087,0.764125,0.613493,0.15237,1,0.363636,9,0.0710473,3,0.955687,0.997442
B2_12,B2,0,0.0,9,9,0,0,100.000000,0,0.000293,0.656633,6.08154,0.742705,0.691256,0.00441617,1,0.777778,9,0.114155,3,0.998309,0.999076
B2_12,B2,1,4.0,9,9,0,0,100.000000,0,0.000236,0.653627,6.7095,0.737851,0.686443,0.00617954,1,0.705882,9,0.0747274,3,0.998379,0.999106
B2_12,B2,2,8.0,8,8,0,0,100.000000,0,0.000631,0.815638,5.77271,0.736588,0.738636,0.00641386,1,0.875,8,0.132061,3,0.99762,0.999058
B2_12,B2,3,12.0,9,9,0,0,100.000000,0,0.003113,0.744109,4.95559,0.746785,0.698529,0.0176991,1,0.666667,9,0.0894243,3,0.99619,0.999148
B2_12,B2,4,16.0,9,9,0,0,100.000000,0,0.001027,0.66928,6.11274,0.747055,0.732293,0.0172138,1,0.888889,9,0.113391,3,0.998613,0.999064
B2_12,B2,5,20.0,9,9,0,0,100.000000,0,0.000572,0.752994,6.03303,0.768412,0.763402,0.00859941,1,0.941176,9,0.150153,3,0.998513,0.999203
B2_12,B2,6,24.0,9,9,0,0,100.000000,0,0.000519,0.724321,7.92964,0.760718,0.713687,0.00617954,1,1,9,0.123298,3,0.998401,0.998808
B2_12,B2,7,28.0,9,9,0,0,100.000000,0,0.001456,0.752481,6.69744,0.771319,0.776802,0.0045045,1,0.842105,9,0.194454,3,0.996909,0.999234
B2_12,B2,8,32.0,9,9,0,0,100.000000,0,0.005728,0.72461,4.2448,0.743278,0.582127,0.0124957,1,0.666667,9,0.136912,4,0.99409,0.999119
B2_12,B2,9,36.0,9,9,0,0,100.000000,0,0.000353,0.681758,5.37857,0.747796,0.668405,0.00452489,1,0.555556,9,0.0843228,3,0.998669,0.999311
B2_12,B2,10,40.0,9,9,0,0,100.000000,0,0.001112,0.597806,5.89182,0.747613,0.645518,0.0193643,1,0.444444,9,0.11332,3,0.997999,0.99908
B2_12,B2,11,44.0,8,8,0,0,100.000000,0,0.000893,0.706348,5.13888,0.762485,0.631736,0.00738253,1,0.705882,8,0.0779378,4,0.995799,0.999032
B2_12,B2,12,48.0,8,8,0,0,100.000000,0,0.001442,0.647337,7.83989,0.720861,0.593902,0.00778,1,0.5,8,0.056562,4,0.994362,0.999232
B2_12,B2,13,52.0,9,9,0,0,100.000000,0,0.000144,0.585296,5.67149,0.727046,0.628713,0.00947486,1,0.555556,9,0.0684987,4,0.998268,0.999093
B2_12,B2,14,56.0,9,9,0,0,100.000000,0,0.000201,0.532251,4.59157,0.738287,0.6236,0.00812289,1,0.555556,9,0.111446,4,0.998778,0.999175
B2_12,B2,15,60.0,8,8,0,0,100.000000,0,0.000261,0.591031,5.34338,0.743053,0.661995,0.00566093,1,0.588235,8,0.0899318,4,0.998402,0.99927
B2_12,B2,16,64.0,9,9,0,0,100.000000,0,0.000195,0.533523,6.41957,0.732043,0.622692,0.00754197,1,0.888889,9,0.128058,3,0.997664,0.999107
B2_12,B2,17,68.0,9,9,0,0,100.000000,0,0.000264,0.580258,6.72407,0.780301,0.719915,0.0102694,1,0.777778,9,0.0789754,4,0.996618,0.999282
B2_12,B2,18,72.0,8,8,0,0,100.000000,0,0.000276,0.621928,8.68526,0.786229,0.678055,0.00762914,1,1,8,0.0944966,3,0.997025,0.999271
B2_12,B2,19,76.0,9,9,0,0,100.000000,0,0.000072,0.594803,5.86149,0.763467,0.693496,0.00701189,1,0.705882,9,0.167675,3,0.998651,0.999231
B2_12,B2,20,80.0,8,8,0,0,100.000000,0,0.000376,0.589518,6.61014,0.738462,0.635937,0.00556236,1,0.705882,8,0.201551,3,0.997513,0.999345
B2_12,B2,21,84.0,9,9,0,0,100.000000,0,0.000558,0.690893,7.16089,0.788988,0.675638,0.00851205,1,0.888889,9,0.161274,3,0.996888,0.999093
B2_12,B2,22,88.0,9,9,0,0,100.000000,0,0.000703,0.963057,4.06375,0.757139,0.701844,0.00746574,1,0.666667,9,0.0924532,3,0.997175,0.998618
B2_12,B2,23,92.0,8,8,0,0,100.000000,0,0.003882,0.94572,2.81998,0.761969,0.753165,0.0147298,1,0.823529,8,0.0817203,3,0.997504,0.998813
B2_12,B2,24,96.0,9,9,0,0,100.000000,0,0.000275,0.756803,3.09269,0.791483,0.743358,0.00925456,1,0.888889,9,0.0616987,3,0.994723,0.998835
B2_12,B2,25,100.0,8,8,0,0,100.000000,0,0.000319,0.656819,5.10837,0.728283,0.666905,0.00619565,1,0.625,8,0.0832841,3,0.99848,0.999043
B2_12,B2,26,104.0,9,9,0,0,100.000000,0,0.003648,0.703288,6.19942,0.767738,0.693268,0.0123213,1,0.666667,9,0.0810539,3,0.996265,0.999163
B2_12,B2,27,108.0,8,8,0,0,100.000000,0,0.001456,0.752044,5.22968,0.759187,0.705914,0.00619565,1,0.705882,8,0.193419,3,0.998525,0.9994
B2_12,B2,28,112.0,9,9,0,0,100.000000,0,0.002900,0.773896,4.44336,0.764954,0.432904,0.00869565,1,0.555556,9,0.0541914,3,0.997773,0.999053
B2_12,B2,29,116.0,9,9,0,0,100.000000,0,0.003268,0.74636,7.73073,0.73927,0.639765,0.00754197,1,0.823529,9,0.202485,3,0.995613,0.999159
B2_12,B2,30,120.0,8,8,0,0,100.000000,0,0.001033,0.865394,4.341,0.763418,0.553978,0.00987956,1,0.625,8,0.056358,3,0.996973,0.999236
B2_12,B2,31,124.0,9,9,0,0,100.000000,0,0.000349,0.828033,4.45159,0.774212,0.620523,0.00444444,1,0.666667,9,0.0844268,3,0.997936,0.998902
B2_12,B2,32,128.0,9,9,0,0,100.000000,0,0.009614,0.750443,6.26116,0.683699,0.619364,0.0119737,1,0.25,9,0.0987763,4,0.994742,0.998976
B2_12,B2,33,132.0,8,8,0,0,100.000000,0,0.000859,0.719667,3.97224,0.689174,0.585555,0.00550078,1,0.375,8,0.122195,4,0.99747,0.99886
B2_12,B2,34,136.0,9,9,0,0,100.000000,0,0.002788,0.705752,5.98848,0.756889,0.587624,0.00521853,1,0.352941,9,0.0441672,4,0.996103,0.999017
B2_12,B2,35,140.0,9,9,0,0,100.000000,0,0.001693,0.694394,5.68757,0.754268,0.600963,0.00529926,1,0.555556,9,0.0936515,4,0.996772,0.999363
B2_12,B2,36,144.0,9,9,0,0,100.000000,0,0.000208,0.605266,4.84115,0.710854,0.628721,0.00382351,1,0.352941,9,0.0973845,4,0.997903,0.999331
B2_12,B2,37,148.0,9,9,0,0,100.000000,0,0.000217,0.578857,4.88263,0.735384,0.642737,0.00873185,1,0.235294,9,0.0350237,4,0.998295,0.999218
B2_12,B2,38,152.0,8,8,0,0,100.000000,0,0.000311,0.588997,5.88629,0.723579,0.691368,0.00604812,1,0.470588,8,0.046032,4,0.998341,0.998772
B2_12,B2,39,156.0,9,9,0,0,100.000000,0,0.000252,0.565824,5.61261,0.754077,0.68584,0.00425532,1,0.555556,9,0.0941344,4,0.996965,0.99945
B2_12,B2,40,160.0,8,8,0,0,100.000000,0,0.000649,0.711128,4.58433,0.737035,0.649912,0.00854279,1,0.352941,8,0.0926428,4,0.998431,0.999004
B2_12,B2,41,164.0,9,9,0,0,100.000000,0,0.000409,0.80668,4.15355,0.769075,0.676538,0.00862069,1,0.470588,9,0.0878809,3,0.998121,0.998939
B2_12,B2,42,168.0,9,9,0,0,100.000000,0,0.000335,0.6813,4.98364,0.757621,0.683392,0.0060192,1,0.777778,9,0.0822163,3,0.998591,0.99898
B2_12,B2,43,172.0,8,8,0,0,100.000000,0,0.000578,0.725627,5.66023,0.781671,0.701808,0.0101931,1,0.75,8,0.124548,3,0.998185,0.999138
B2_12,B2,44,176.0,9,9,0,0,100.000000,0,0.000522,0.727054,6.16652,0.760508,0.747369,0.00279974,1,0.888889,9,0.0339265,3,0.998687,0.999301
B2_12,B2,45,180.0,8,8,0,0,100.000000,0,0.007645,0.815529,3.35917,0.769848,0.690696,0.012853,1,0.666667,8,0.120349,3,0.981902,0.998383
B2_12,B2,46,184.0,9,9,0,0,100.000000,0,0.000455,0.714547,2.86029,0.764305,0.69584,0.00697765,1,0.588235,9,0.133791,3,0.995835,0.998565
B2_12,B2,47,188.0,9,9,0,0,100.000000,0,0.001519,0.639032,4.41565,0.714729,0.657171,0.0123976,1,0.555556,9,0.116384,3,0.998428,0.999008
B2_12,B2,48,192.0,9,9,0,0,100.000000,0,0.000095,0.637206,5.30624,0.734948,0.727388,0.00672228,1,0.705882,9,0.167594,3,0.998423,0.999215
B2_12,B2,49,196.0,8,8,0,0,100.000000,0,0.000631,0.732017,6.34811,0.731337,0.66906,0.00718983,1,0.75,8,0.160204,3,0.998663,0.998982
B2_12,B2,50,200.0,9,9,0,0,100.000000,0,0.000477,0.748877,5.99059,0.800205,0.678949,0.00854963,1,1,9,0.257943,3,0.996883,0.999238
B2_12,B2,51,204.0,9,9,0,0,100.000000,0,0.000260,0.6325,7.00254,0.724955,0.738877,0.0062349,1,1,9,0.265516,3,0.998607,0.999005
B2_12,B2,52,208.0,9,9,0,0,100.000000,0,0.000313,0.640346,5.20603,0.762627,0.665805,0.00446429,1,0.666667,9,0.196421,3,0.998486,0.998974
B2_12,B2,53,212.0,9,9,0,0,100.000000,0,0.003859,0.703938,5.33077,0.768387,0.679428,0.0109392,1,0.705882,9,0.142187,3,0.99426,0.999033
B2_12,B2,54,216.0,9,9,0,0,100.000000,0,0.000335,0.675346,6.45698,0.766568,0.727984,0.00429854,1,0.705882,9,0.105935,3,0.998735,0.999218
B2_12,B2,55,220.0,9,9,0,0,100.000000,0,0.000409,0.646835,6.33054,0.757023,0.684885,0.0042701,1,1,9,0.0915873,3,0.998589,0.998828
B2_12,B2,56,224.0,9,9,0,0,100.000000,0,0.000275,0.651785,4.7674,0.70902,0.726881,0.00578939,1,0.470588,9,0.139875,3,0.998615,0.999082
B2_12,B2,57,228.0,8,8,0,0,100.000000,0,0.000260,0.652758,9.6977,0.728481,0.676635,0.00738095,1,1,8,0.23414,3,0.997745,0.999097
B2_12,B2,58,232.0,9,9,0,0,100.000000,0,0.000522,0.77319,5.77566,0.76431,0.664376,0.0029761,1,0.705882,9,0.0307774,3,0.998586,0.999056
B2_12,B2,59,236.0,10,10,0,0,100.000000,0,0.000491,0.676557,5.53875,0.770717,0.638975,0.00712809,1,0.526316,10,0.0843019,3,0.996049,0.999157
B2_12,B2,60,240.0,9,9,0,0,100.000000,0,0.000411,0.690146,4.13964,0.740084,0.705449,0.00629126,1,0.470588,9,0.124321,4,0.998258,0.998779
B2_12,B2,61,244.0,8,8,0,0,100.000000,0,0.000250,0.666862,5.72685,0.724968,0.688803,0.00802609,1,0.75,8,0.224442,4,0.997423,0.998932
B2_12,B2,62,248.0,9,9,0,0,100.000000,0,0.000710,0.716509,4.9302,0.749088,0.68278,0.00290423,1,0.666667,9,0.198248,3,0.998708,0.999012
B2_12,B2,63,252.0,9,9,0,0,100.000000,0,0.000497,0.70015,4.95919,0.729591,0.699479,0.00881057,1,0.555556,9,0.0676752,3,0.997742,0.998924
B2_12,B2,64,256.0,9,9,0,0,100.000000,0,0.000476,0.695014,5.67585,0.766078,0.679562,0.00634176,1,0.888889,9,0.214523,3,0.998007,0.999239
B2_12,B2,65,260.0,9,9,0,0,100.000000,0,0.000685,0.737981,5.64429,0.762571,0.684815,0.00599944,1,0.777778,9,0.0827404,3,0.998003,0.999139
B2_12,B2,66,264.0,9,9,0,0,100.000000,0,0.000578,0.749484,5.79373,0.758524,0.691516,0.00997553,1,0.888889,9,0.117087,3,0.998432,0.998757
B2_12,B2,67,268.0,9,9,0,0,100.000000,0,0.004091,0.688332,5.66314,0.784711,0.697949,0.0127261,1,1,9,0.149587,3,0.997385,0.998714
B2_12,B2,68,272.0,9,9,0,0,100.000000,0,0.000853,0.732912,5.13339,0.724133,0.681611,0.00617561,1,0.666667,9,0.174167,3,0.998588,0.999002
B2_12,B2,69,276.0,8,8,0,0,100.000000,0,0.000623,0.73815,6.29199,0.715346,0.638761,0.00767673,1,0.666667,8,0.112224,4,0.997923,0.999379
B2_12,B2,70,280.0,9,9,0,0,100.000000,0,0.016359,0.8151,4.93376,0.745166,0.57308,0.0170448,1,0.777778,9,0.241292,3,0.992076,0.998768
B2_12,B2,71,284.0,9,9,0,0,100.000000,0,0.002385,0.726031,4.17577,0.693672,0.47884,0.0042701,1,0.555556,9,0.136278,4,0.996899,0.998722
B2_12,B2,72,288.0,9,9,0,0,100.000000,0,0.002533,0.805603,5.12942,0.751496,0.519051,0.00880938,1,0.352941,9,0.0862466,4,0.996518,0.998924
B2_12,B2,73,292.0,9,9,0,0,100.000000,0,0.002374,0.834705,5.95629,0.760067,0.543503,0.00591891,1,0.352941,9,0.102466,4,0.996523,0.998905
B2_12,B2,74,296.0,9,9,0,0,100.000000,0,0.001229,0.704733,6.09073,0.746332,0.600063,0.00591891,1,0.375,9,0.0671503,4,0.996651,0.998698
B1_01,B1,0,0.0,10,10,1,0,95.238095,0,0.017117,0.824114,5.7411,0.732861,0.501199,0.0162893,1,0.857143,11,0.0939958,3,0.993394,0.996921
B1_01,B1,1,4.0,11,11,0,0,100.000000,0,0.013070,0.801523,7.16828,0.750779,0.567246,0.0225255,1,1,11,0.182449,3,0.996556,0.998396
B1_01,B1,2,8.0,10,10,0,0,100.000000,0,0.032777,0.897576,7.37119,0.747838,0.54807,0.0240008,1,1,10,0.193464,3,0.995924,0.998647
B1_01,B1,3,12.0,10,10,0,0,100.000000,0,0.004032,0.769422,6.94517,0.731298,0.488376,0.0102337,1,1,10,0.178773,3,0.994828,0.998574
B1_01,B1,4,16.0,11,11,0,0,100.000000,0,0.001683,0.584254,22.3139,0.696465,0.531225,0.0118434,1,0.166667,11,0.176652,4,0.991557,0.998354
B1_01,B1,5,20.0,10,10,0,0,100.000000,0,0.012966,0.607038,16.8418,0.744186,0.522007,0.0139355,1,0.75,10,0.227295,4,0.994107,0.997323
B1_01,B1,6,24.0,10,10,0,0,100.000000,0,0.015678,0.747472,8.00177,0.7442,0.603238,0.0171558,1,1,10,0.201076,3,0.993376,0.998553
B1_01,B1,7,28.0,10,10,0,0,100.000000,0,0.034008,0.817345,7.24415,0.738759,0.519148,0.01448,1,1,10,0.244367,3,0.993366,0.997195
B1_01,B1,8,32.0,11,11,0,0,100.000000,0,0.021016,0.76192,8.18626,0.728246,0.528865,0.0189192,1,0.952381,11,0.187267,3,0.994159,0.998155
B1_01,B1,9,36.0,11,11,0,0,100.000000,0,0.004390,0.827818,5.36325,0.742733,0.548872,0.0164308,1,1,11,0.265803,3,0.990061,0.997411
B1_01,B1,10,40.0,11,11,0,0,100.000000,0,0.000832,0.532919,12.5368,0.669564,0.552185,0.0253856,1,0.153846,11,0.216673,4,0.993286,0.998717
B1_01,B1,11,44.0,11,11,0,0,100.000000,0,0.001921,0.569389,18.8588,0.685356,0.597648,0.0156479,1,0.285714,11,0.119184,4,0.991941,0.997733
B1_01,B1,12,48.0,10,10,0,0,100.000000,0,0.009473,0.797577,6.20828,0.741549,0.508023,0.00937069,1,1,10,0.203879,3,0.994347,0.998012
B1_01,B1,13,52.0,10,10,0,0,100.000000,0,0.025744,0.538253,12.4769,0.624542,0.510017,0.0255766,1,0.307692,10,0.105547,4,0.983118,0.997647
B1_01,B1,14,56.0,10,10,0,0,100.000000,0,0.007369,0.645262,23.9538,0.663467,0.539653,0.0196585,1,0.181818,10,0.174567,4,0.992829,0.998613
B1_01,B1,15,60.0,10,10,0,0,100.000000,0,0.009206,0.913835,6.11987,0.750457,0.482461,0.0143279,1,1,10,0.138138,3,0.994593,0.997784
B1_01,B1,16,64.0,10,10,0,0,100.000000,0,0.012285,0.872441,4.93753,0.747122,0.524622,0.0249201,1,0.9,10,0.127759,3,0.995187,0.997633
B1_01,B1,17,68.0,10,10,0,0,100.000000,0,0.014659,0.750122,7.13871,0.72547,0.559944,0.0196585,1,1,10,0.166387,3,0.991114,0.993971
B1_01,B1,18,72.0,10,10,0,0,100.000000,0,0.093579,0.631663,23.733,0.721866,0.479299,0.0211872,1,0.333333,10,0.207131,4,0.985088,0.997976
B1_01,B1,19,76.0,11,11,0,0,100.000000,0,0.002303,0.930538,3.42311,0.743303,0.485442,0.0202692,1,1,11,0.077854,3,0.989547,0.998387
B1_01,B1,20,80.0,10,10,0,0,100.000000,0,0.010546,0.938702,3.75466,0.757765,0.470946,0.0316313,1,0.947368,10,0.0916611,3,0.992688,0.998155
B1_01,B1,21,84.0,10,10,0,0,100.000000,0,0.010541,0.835288,4.05996,0.732269,0.468879,0.0124948,1,1,10,0.144324,3,0.993214,0.998948
B1_01,B1,22,88.0,10,10,0,0,100.000000,0,0.019060,0.828976,5.37403,0.739429,0.441473,0.00799895,1,1,10,0.219838,3,0.996108,0.998655
B1_01,B1,23,92.0,11,11,0,0,100.000000,0,0.002741,0.866894,3.86853,0.724741,0.485497,0.010403,1,1,11,0.193449,3,0.993979,0.996534
B1_01,B1,24,96.0,10,10,0,0,100.000000,0,0.061387,0.845346,5.16256,0.743463,0.45257,0.016835,1,1,10,0.159157,3,0.992948,0.997549
B1_01,B1,25,100.0,10,10,0,0,100.000000,0,0.519110,0.722779,14.5976,0.697069,0.493137,0.0214392,1,0.625,10,0.199376,4,0.991276,0.997605
B1_01,B1,26,104.0,10,10,0,0,100.000000,0,0.030183,0.765285,6.76677,0.739996,0.527161,0.0106906,1,1,10,0.186781,3,0.994805,0.997378
B1_01,B1,27,108.0,9,9,0,0,100.000000,0,0.001876,0.783696,6.37457,0.728277,0.496551,0.00933249,1,1,9,0.127659,3,0.993729,0.996987
B1_01,B1,28,112.0,10,10,0,0,100.000000,0,0.005438,0.585224,33.0498,0.739411,0.557199,0.020067,1,1,10,0.197001,4,0.993931,0.998637
B1_01,B1,29,116.0,10,10,0,0,100.000000,0,0.054629,0.70168,13.2688,0.674099,0.443963,0.0088472,1,0.181818,10,0.180244,4,0.993914,0.998156
B1_01,B1,30,120.0,10,10,0,0,100.000000,0,0.031644,0.755458,8.28959,0.738673,0.497757,0.0148576,1,0.947368,10,0.215696,3,0.993063,0.997591
B1_01,B1,31,124.0,10,10,0,0,100.000000,0,0.023250,0.708853,11.0988,0.745646,0.496064,0.0407568,1,1,10,0.207104,3,0.993342,0.998069
B1_01,B1,32,128.0,10,10,0,0,100.000000,0,0.009679,0.613657,12.5594,0.717669,0.549729,0.0271257,1,0.533333,10,0.135691,4,0.991639,0.99847
B1_01,B1,33,132.0,10,10,0,0,100.000000,0,0.286892,0.549289,27.406,0.717367,0.408539,0.0107928,1,0.181818,10,0.206096,4,0.995239,0.998834
B1_01,B1,34,136.0,10,10,0,0,100.000000,0,0.011482,0.645611,19.1874,0.681303,0.520592,0.0106471,1,0.181818,10,0.129228,4,0.99481,0.998654
B1_01,B1,35,140.0,11,11,0,0,100.000000,0,0.107330,0.790091,7.22095,0.750877,0.490873,0.0170918,1,1,11,0.203364,3,0.996307,0.998046
B1_01,B1,36,144.0,10,10,0,0,100.000000,0,0.001400,0.722595,8.6234,0.743516,0.60565,0.00684932,1,1,10,0.187996,3,0.994876,0.998302
B1_01,B1,37,148.0,10,10,0,0,100.000000,0,0.002681,0.798772,7.25765,0.734691,0.525218,0.00578776,1,1,10,0.193873,3,0.995507,0.998237
B1_01,B1,38,152.0,10,10,0,0,100.000000,0,0.013281,0.599199,27.3574,0.731919,0.514355,0.0134228,1,0.181818,10,0.17596,4,0.993152,0.997997
B1_01,B1,39,156.0,10,10,0,0,100.000000,0,0.073904,0.642361,16.9091,0.677031,0.404166,0.0145857,1,0.666667,10,0.220275,4,0.992929,0.998421
B1_01,B1,40,160.0,11,11,0,0,100.000000,0,0.002885,0.50721,14.3601,0.656792,0.483395,0.0171577,1,0,11,0.141082,4,0.992964,0.998082
B1_01,B1,41,164.0,10,10,0,0,100.000000,0,0.000961,0.80963,8.0763,0.73719,0.567075,0.00758953,1,1,10,0.233795,3,0.996778,0.998828
B1_01,B1,42,168.0,10,10,0,0,100.000000,0,0.009721,0.468018,21.6587,0.646675,0.592236,0.0125515,1,0.333333,10,0.152644,4,0.990497,0.998025
B1_01,B1,43,172.0,10,10,0,0,100.000000,0,0.004206,0.646911,9.29436,0.73429,0.532951,0.0139624,1,1,10,0.250001,3,0.994645,0.99795
B1_01,B1,44,176.0,10,10,0,0,100.000000,0,0.002094,0.641614,21.3181,0.739818,0.521206,0.00969822,1,0.952381,10,0.210186,3,0.996533,0.998434
B1_01,B1,45,180.0,11,11,0,0,100.000000,0,0.000693,0.480727,18.9521,0.686442,0.519848,0.00857237,1,0,11,0.102069,4,0.985474,0.998516
B1_01,B1,46,184.0,10,10,0,0,100.000000,0,0.021214,0.530282,16.8607,0.734535,0.535486,0.0129005,1,0.307692,10,0.201506,4,0.996597,0.998434
B1_01,B1,47,188.0,10,10,0,0,100.000000,0,0.026139,0.711716,9.3717,0.740751,0.500407,0.0105984,1,1,10,0.222782,3,0.996836,0.998301
B1_01,B1,48,192.0,10,10,0,0,100.000000,0,0.033401,0.743859,9.07927,0.742409,0.590558,0.014957,1,1,10,0.202756,3,0.992794,0.997817
B1_01,B1,49,196.0,11,11,0,0,100.000000,0,0.008285,0.801653,5.97093,0.746408,0.510956,0.0182885,1,1,11,0.173057,3,0.995041,0.998144
B1_01,B1,50,200.0,10,10,0,0,100.000000,0,0.070673,0.815689,5.34001,0.732633,0.428571,0.0205331,1,0.9,10,0.150992,3,0.995748,0.998492
B1_01,B1,51,204.0,11,11,0,0,100.000000,0,0.006955,0.619636,30.2464,0.666119,0.431405,0.021125,1,0.166667,11,0.123955,4,0.990837,0.997959
B1_01,B1,52,208.0,10,10,0,0,100.000000,0,0.009188,0.834676,6.87559,0.745747,0.485958,0.0308803,1,1,10,0.139435,3,0.991841,0.998494
B1_01,B1,53,212.0,11,11,0,0,100.000000,0,0.001359,0.561591,13.8419,0.700478,0.565476,0.0107298,1,0,11,0.243641,4,0.995882,0.998118
B1_01,B1,54,216.0,10,10,0,0,100.000000,0,0.014728,0.573803,16.6923,0.677371,0.494095,0.0176963,1,0.166667,10,0.0442303,4,0.986097,0.997574
B1_01,B1,55,220.0,11,11,0,0,100.000000,0,0.003295,0.566537,14.0251,0.685887,0.457558,0.0150435,1,0,11,0.0570398,4,0.995549,0.998758
B1_01,B1,56,224.0,10,10,0,0,100.000000,0,0.009344,0.571198,15.524,0.682482,0.530959,0.0138408,1,0.166667,10,0.121446,4,0.988835,0.998331
B1_01,B1,57,228.0,11,11,0,0,100.000000,0,0.006895,0.87399,5.90227,0.746695,0.515989,0.0119224,1,0.952381,11,0.127482,3,0.985258,0.99776
B1_01,B1,58,232.0,11,11,0,0,100.000000,0,0.005256,0.63713,24.4702,0.744629,0.466472,0.0225306,1,0,11,0.10623,4,0.99064,0.996256
B1_01,B1,59,236.0,11,11,0,0,100.000000,0,0.002527,0.583944,14.7321,0.703397,0.539864,0.0221359,1,0.153846,11,0.0646831,4,0.988461,0.997229
B1_01,B1,60,240.0,11,11,0,0,100.000000,0,0.000448,0.55866,21.9767,0.701429,0.578964,0.00870708,1,0.166667,11,0.183685,3,0.988169,0.997832
B1_01,B1,61,244.0,11,11,0,0,100.000000,0,0.002177,0.463812,14.3139,0.636818,0.556317,0.0286568,1,0.142857,11,0.0778417,4,0.98972,0.998367
B1_01,B1,62,248.0,10,10,0,0,100.000000,0,0.000752,0.57908,21.3151,0.664617,0.505848,0.00820309,1,0,10,0.127598,4,0.996859,0.998729
B1_01,B1,63,252.0,11,11,0,0,100.000000,0,0.001998,0.589528,21.6731,0.686088,0.546755,0.011831,1,0,11,0.0917616,4,0.995183,0.99763
B1_01,B1,64,256.0,10,10,0,0,100.000000,0,0.011976,0.613252,16.3335,0.656017,0.507066,0.0133102,1,0.333333,10,0.111095,4,0.991004,0.997763
B1_01,B1,65,260.0,11,11,0,0,100.000000,0,0.000990,0.739709,7.40206,0.733283,0.600325,0.010292,1,1,11,0.159027,3,0.994215,0.998915
B1_01,B1,66,264.0,10,10,0,0,100.000000,0,0.006223,0.613764,17.6978,0.672583,0.525308,0.0221773,1,0.181818,10,0.0848894,4,0.993962,0.998803
B1_01,B1,67,268.0,11,11,0,0,100.000000,0,0.001279,0.502209,13.9237,0.708717,0.569832,0.0203058,1,0,11,0.246017,4,0.994646,0.998374
B1_01,B1,68,272.0,10,10,0,0,100.000000,0,0.001636,0.790536,7.97719,0.739818,0.556068,0.00978695,1,1,10,0.18242,3,0.995906,0.99858
B1_01,B1,69,276.0,10,10,0,0,100.000000,0,0.010046,0.519318,23.7362,0.65129,0.527591,0.0352873,1,0.166667,10,0.078772,4,0.990204,0.99852
B1_01,B1,70,280.0,11,11,0,0,100.000000,0,0.001969,0.610265,15.1988,0.69153,0.577136,0.0176774,1,0.307692,11,0.157326,4,0.994558,0.998239
B1_01,B1,71,284.0,10,10,0,0,100.000000,0,0.031048,0.682351,18.0876,0.699225,0.41955,0.0229838,1,0.333333,10,0.137524,4,0.9867,0.999051
B1_01,B1,72,288.0,10,10,0,0,100.000000,0,0.001559,0.477915,19.0623,0.650248,0.553529,0.00695758,1,0.166667,10,0.106465,4,0.992772,0.997862
B1_01,B1,73,292.0,10,10,0,0,100.000000,0,0.045030,0.866589,6.32126,0.738559,0.479734,0.0108258,1,1,10,0.162047,3,0.994905,0.998518
B1_01,B1,74,296.0,11,11,0,0,100.000000,0,0.017217,0.872938,4.77546,0.72063,0.520704,0.0139754,1,0.952381,11,0.233171,3,0.992245,0.997898
B1_01,B1,75,300.0,10,10,0,0,100.000000,0,0.008867,0.712446,16.9564,0.714929,0.48248,0.00962218,1,0.181818,10,0.219686,4,0.99088,0.998325
B1_01,B1,76,304.0,11,11,0,0,100.000000,0,0.003531,0.684788,14.8541,0.728074,0.511976,0.0131762,1,0.307692,11,0.157097,4,0.992965,0.997661
B1_01,B1,77,308.0,10,10,0,0,100.000000,0,0.024556,0.841178,4.89521,0.73537,0.490226,0.0127694,1,0.947368,10,0.225355,3,0.992638,0.997879
B1_01,B1,78,312.0,10,10,0,0,100.000000,0,0.016034,0.92949,2.35414,0.73454,0.468892,0.0275449,1,1,10,0.112111,3,0.991464,0.995091
B1_01,B1,79,316.0,9,9,0,0,100.000000,0,0.073738,0.638868,30.8012,0.750361,0.440142,0.0239756,1,0.181818,9,0.228104,4,0.992316,0.996285
B1_01,B1,80,320.0,11,11,0,0,100.000000,0,0.019929,0.837836,3.7707,0.751447,0.451477,0.0294138,1,1,11,0.155892,3,0.993076,0.997864
B1_01,B1,81,324.0,11,11,0,0,100.000000,0,0.487422,0.835658,6.74552,0.724067,0.41045,0.0120514,1,0.952381,11,0.203438,3,0.991843,0.998423
B1_01,B1,82,328.0,11,11,0,0,100.000000,0,0.002790,0.654821,15.358,0.681658,0.522363,0.0130919,1,0,11,0.0532958,4,0.992928,0.997175
B1_01,B1,83,332.0,11,11,0,0,100.000000,0,0.015373,0.891851,4.48204,0.749555,0.460429,0.0188679,1,1,11,0.253482,3,0.986479,0.996591
B1_01,B1,84,336.0,11,11,0,0,100.000000,0,0.017335,0.747581,17.3471,0.698876,0.501349,0.0134228,1,0.307692,11,0.139957,4,0.988034,0.998421
B1_01,B1,85,340.0,11,11,0,0,100.000000,0,0.013161,0.630328,31.8243,0.666752,0.430519,0.0265404,1,0.166667,11,0.0850836,4,0.988307,0.998348
B1_01,B1,86,344.0,10,10,0,0,100.000000,0,0.009715,0.514946,16.0598,0.642965,0.534484,0.0146804,1,0.153846,10,0.0884091,4,0.994506,0.997723
B1_01,B1,87,348.0,10,10,0,0,100.000000,0,0.010999,0.798384,5.04508,0.733027,0.516701,0.0124948,1,1,10,0.121335,3,0.9937,0.998808
B1_01,B1,88,352.0,9,9,0,0,100.000000,0,0.000947,0.73933,8.04405,0.745955,0.609909,0.00898604,1,1,9,0.149708,3,0.995372,0.99815
B1_01,B1,89,356.0,10,10,0,0,100.000000,0,0.033373,0.823681,6.40826,0.758733,0.511474,0.0311894,1,0.9,10,0.172529,3,0.995431,0.997694
B1_01,B1,90,360.0,10,10,0,0,100.000000,0,0.081180,0.741683,5.67267,0.75241,0.519792,0.0151598,1,1,10,0.197733,3,0.994783,0.998256
B1_01,B1,91,364.0,11,11,0,0,100.000000,0,0.142011,0.824152,4.57123,0.736015,0.418502,0.0134276,1,0.952381,11,0.194032,3,0.993937,0.997598
B1_01,B1,92,368.0,10,10,0,0,100.000000,0,0.253216,0.861671,5.67365,0.745579,0.466732,0.0196089,1,1,10,0.190651,3,0.995318,0.997133
B1_01,B1,93,372.0,10,10,0,0,100.000000,0,0.010107,0.577875,28.425,0.669013,0.550338,0.0142192,1,0.181818,10,0.103907,4,0.993321,0.9979
B1_01,B1,94,376.0,10,10,0,0,100.000000,0,0.018179,0.803049,6.12204,0.73791,0.488932,0.0158277,1,0.947368,10,0.171008,3,0.994601,0.997676
B1_01,B1,95,380.0,10,10,0,0,100.000000,0,0.023711,0.779944,6.20529,0.73319,0.519341,0.0113526,1,1,10,0.160443,3,0.995573,0.998492
B1_01,B1,96,384.0,11,11,0,0,100.000000,0,0.022044,0.762653,7.10922,0.739819,0.505778,0.0109677,1,1,11,0.226739,3,0.99248,0.997143
B1_01,B1,97,388.0,10,10,0,0,100.000000,0,0.009638,0.802254,6.68339,0.74463,0.548066,0.0155828,1,1,10,0.141266,3,0.995777,0.998335
B1_01,B1,98,392.0,10,10,0,0,100.000000,0,0.037591,0.809883,5.90392,0.750982,0.561249,0.0148576,1,0.947368,10,0.205968,3,0.994273,0.997662
B1_01,B1,99,396.0,10,10,0,0,100.000000,0,0.008143,0.656949,17.5769,0.679321,0.54526,0.0171684,1,0.181818,10,0.267966,4,0.989265,0.998218
B1_01,B1,100,400.0,10,10,0,0,100.000000,0,0.008603,0.804668,9.65065,0.739017,0.515985,0.00760694,1,1,10,0.180023,3,0.996644,0.998421
B1_01,B1,101,404.0,10,10,0,0,100.000000,0,0.002038,0.521729,33.6187,0.66234,0.488494,0.00847574,1,0.181818,10,0.131158,4,0.993224,0.998484
B1_01,B1,102,408.0,11,11,0,0,100.000000,0,0.156907,0.626222,14.3588,0.72876,0.474312,0.0105789,1,0.625,11,0.184804,3,0.993307,0.999005
B1_01,B1,103,412.0,10,10,0,0,100.000000,0,0.011205,0.775408,7.08854,0.727113,0.522714,0.0184373,1,1,10,0.152648,3,0.996717,0.998566
B1_01,B1,104,416.0,11,11,0,0,100.000000,0,0.001279,0.56972,33.8673,0.665078,0.550776,0.0171756,1,0.166667,11,0.126449,4,0.994451,0.998771
B1_01,B1,105,420.0,11,11,0,0,100.000000,0,0.029767,0.809584,5.05461,0.73577,0.508163,0.0127228,1,0.952381,11,0.220223,3,0.993801,0.998424
B1_01,B1,106,424.0,11,11,0,0,100.000000,0,0.061128,0.898601,5.01599,0.738652,0.468131,0.0121279,1,0.952381,11,0.2098,3,0.993338,0.996643
B1_01,B1,107,428.0,11,11,0,0,100.000000,0,0.002631,0.521231,18.0745,0.67037,0.513516,0.022771,1,0,11,0.154532,4,0.992566,0.997982
B1_01,B1,108,432.0,11,11,0,0,100.000000,0,0.003606,0.599897,35.9012,0.668359,0.569041,0.0132971,1,0.166667,11,0.11626,4,0.98309,0.996764
B1_01,B1,109,436.0,11,11,0,0,100.000000,0,0.003864,0.601605,19.6231,0.728202,0.508772,0.0114491,1,0.166667,11,0.228479,4,0.967328,0.995868
B1_01,B1,110,440.0,11,11,0,0,100.000000,0,0.058278,0.769503,6.5176,0.732223,0.478019,0.0121833,1,1,11,0.264897,3,0.988676,0.997793
B1_01,B1,111,444.0,11,11,0,0,100.000000,0,0.013252,0.861354,4.8411,0.738484,0.572476,0.0432524,1,1,11,0.235587,3,0.986229,0.995731
B1_01,B1,112,448.0,11,11,0,0,100.000000,0,0.002106,0.459466,12.3853,0.614276,0.556119,0.024972,1,0.133333,11,0.115061,4,0.990717,0.996187
B1_01,B1,113,452.0,10,10,0,0,100.000000,0,0.004662,0.864627,4.1762,0.749345,0.483317,0.0126116,1,1,10,0.1304,3,0.994472,0.998489
B1_01,B1,114,456.0,11,11,0,0,100.000000,0,0.004907,0.513648,16.6451,0.646012,0.467835,0.0117396,1,0.153846,11,0.0653216,4,0.991173,0.996957
B1_01,B1,115,460.0,11,11,0,0,100.000000,0,0.010897,0.617135,22.1487,0.673267,0.362963,0.00833852,1,0,10,0.187525,4,0.994918,0.998483
B1_01,B1,116,464.0,10,10,0,0,100.000000,0,0.003041,0.615284,20.4832,0.705726,0.553284,0.0122499,1,0,11,0.192298,4,0.994525,0.997645
B1_01,B1,117,468.0,10,10,0,0,100.000000,0,0.021984,0.772761,6.72043,0.744159,0.507958,0.016274,1,1,10,0.247095,3,0.993515,0.998275
B1_01,B1,118,472.0,11,11,0,0,100.000000,0,0.000421,0.582481,33.7755,0.652227,0.53628,0.0052356,1,0.166667,11,0.0900683,4,0.994091,0.997676
B1_01,B1,119,476.0,10,10,0,0,100.000000,0,0.010107,0.511754,21.6934,0.633217,0.527924,0.0173426,1,0.333333,10,0.103017,4,0.992872,0.99816
B1_01,B1,120,480.0,11,11,0,0,100.000000,0,0.001651,0.586834,25.2688,0.737562,0.51335,0.00942424,1,0,10,0.149449,4,0.994859,0.99704
B1_01,B1,121,484.0,10,10,0,0,100.000000,0,0.004745,0.564429,22.8916,0.673778,0.450221,0.0158701,1,0,11,0.0749693,4,0.994478,0.998373
B1_01,B1,122,488.0,10,10,0,0,100.000000,0,0.001622,0.53283,36.0424,0.705363,0.494154,0.0076685,1,0.181818,10,0.168586,4,0.993711,0.998089
B1_01,B1,123,492.0,11,11,0,0,100.000000,0,0.008875,0.519564,16.1507,0.654583,0.536631,0.0107928,1,0,10,0.0590501,4,0.994592,0.997816
B1_01,B1,124,496.0,10,10,0,0,100.000000,0,0.001269,0.824131,5.43161,0.727323,0.537814,0.00981684,1,0.952381,11,0.155875,3,0.99515,0.997962
B1_01,B1,125,500.0,10,10,0,0,100.000000,0,0.009417,0.822584,5.80112,0.755449,0.522463,0.0148344,1,1,10,0.145657,3,0.994656,0.998163
B1_01,B1,126,504.0,11,11,0,0,100.000000,0,0.018282,0.677483,33.0369,0.65506,0.417687,0.0172119,1,0.166667,11,0.0992083,4,0.981155,0.998533
B1_01,B1,127,508.0,11,11,0,0,100.000000,0,0.002656,0.659817,32.6516,0.670547,0.542258,0.0125389,1,0.166667,11,0.108521,4,0.991931,0.997228
B1_01,B1,128,512.0,10,10,0,0,100.000000,0,0.005555,0.894113,3.22038,0.739805,0.509299,0.0229974,1,1,10,0.138964,3,0.993435,0.997736
B1_01,B1,129,516.0,10,10,0,0,100.000000,0,0.013402,0.664397,32.1135,0.629849,0.534151,0.0212353,1,0.181818,10,0.132961,4,0.99246,0.996225
B1_01,B1,130,520.0,11,11,0,0,100.000000,0,0.168627,0.717528,30.6687,0.634724,0.47797,0.0367502,1,0,11,0.0679171,4,0.976744,0.995146
B1_01,B1,131,524.0,11,11,0,0,100.000000,0,0.043875,0.734981,36.0001,0.667551,0.48014,0.0243363,1,0.166667,11,0.112863,4,0.975735,0.995573
B1_01,B1,132,528.0,11,11,0,0,100.000000,0,0.057176,0.657282,38.775,0.642436,0.585512,0.0523735,1,0.166667,11,0.111736,4,0.977044,0.994003
B1_01,B1,133,532.0,11,11,0,0,100.000000,0,0.063681,0.964518,2.41207,0.729601,0.416644,0.0218537,1,0.857143,11,0.173435,3,0.963276,0.995379
B1_01,B1,134,536.0,11,11,0,0,100.000000,0,0.024863,0.99675,3.50339,0.737692,0.473096,0.0198675,1,0.952381,11,0.209474,3,0.98912,0.996523
B1_01,B1,135,540.0,11,11,0,0,100.000000,0,0.039240,0.694937,26.307,0.645159,0.413326,0.0128094,1,0.166667,11,0.113966,4,0.982189,0.99632
B1_01,B1,136,544.0,11,11,0,0,100.000000,0,0.013047,0.740716,19.5573,0.722526,0.510936,0.020594,1,0.166667,11,0.0999363,4,0.988239,0.996867
B1_01,B1,137,548.0,9,9,0,0,100.000000,0,0.008426,0.859289,4.02142,0.73588,0.550057,0.0115581,1,0.705882,9,0.0905463,3,0.994233,0.995897
B1_01,B1,138,552.0,10,10,0,0,100.000000,0,0.007441,0.893853,8.78714,0.767523,0.554306,0.0246162,1,0.947368,10,0.166783,3,0.992208,0.997151
B1_01,B1,139,556.0,11,11,0,0,100.000000,0,0.015732,0.851524,3.01254,0.752917,0.429973,0.0218225,1,1,11,0.0805501,3,0.994344,0.997704
B1_01,B1,140,560.0,10,10,0,0,100.000000,0,0.026243,0.642989,18.2009,0.745958,0.469704,0.016274,1,0.181818,10,0.142424,4,0.991365,0.998171
B1_01,B1,141,564.0,10,10,0,0,100.000000,0,0.009244,0.832706,5.40998,0.745044,0.489612,0.0117827,1,1,10,0.14196,3,0.992253,0.9972
B1_01,B1,142,568.0,11,11,0,0,100.000000,0,0.007720,0.684567,27.9203,0.675614,0.472127,0.022346,1,0.166667,11,0.103291,4,0.99184,0.998345
B1_01,B1,143,572.0,10,10,0,0,100.000000,0,0.002201,0.915844,4.93663,0.756712,0.515693,0.00966731,1,1,10,0.209334,3,0.99574,0.998283
B1_01,B1,144,576.0,11,11,0,0,100.000000,0,0.017068,0.849379,5.88632,0.736452,0.486197,0.0123306,1,1,11,0.214989,3,0.992954,0.998298
B1_01,B1,145,580.0,10,10,0,0,100.000000,0,0.034754,0.580694,20.7782,0.664947,0.466812,0.012026,1,0.166667,10,0.0680204,4,0.98399,0.998656
B1_01,B1,146,584.0,11,11,0,0,100.000000,0,0.004786,0.570465,19.6997,0.671263,0.520538,0.0131395,1,0.153846,11,0.085521,4,0.977641,0.998355
B1_01,B1,147,588.0,10,10,0,0,100.000000,0,0.015162,0.618798,16.8803,0.689495,0.556075,0.0279879,1,0,10,0.128141,4,0.99257,0.997674
B1_01,B1,148,592.0,11,11,0,0,100.000000,0,0.000471,0.541788,16.842,0.648875,0.479513,0.00939052,1,0.285714,11,0.0604426,4,0.991559,0.998669
B1_01,B1,149,596.0,10,10,0,0,100.000000,0,0.003640,0.894807,4.17976,0.756172,0.486854,0.0192205,1,1,10,0.114856,3,0.994196,0.997095
B1_01,B1,150,600.0,10,10,0,0,100.000000,0,0.025136,0.448774,23.5898,0.649208,0.442246,0.0152113,1,0.166667,10,0.0679122,4,0.989433,0.997262
B1_01,B1,151,604.0,10,10,0,0,100.000000,0,0.000881,0.927883,2.96379,0.747051,0.457574,0.0097532,1,1,10,0.136509,3,0.994958,0.99794
B1_01,B1,152,608.0,10,10,0,0,100.000000,0,0.017338,0.84224,5.05491,0.750134,0.522165,0.0138526,1,1,10,0.232608,3,0.993709,0.997765
B1_01,B1,153,612.0,11,11,0,0,100.000000,0,0.002936,0.89915,4.55908,0.751123,0.502675,0.0115514,1,0.952381,11,0.150164,3,0.993838,0.997038
B1_01,B1,154,616.0,11,11,0,0,100.000000,0,0.024649,0.862398,5.39472,0.752029,0.542973,0.0126727,1,0.952381,11,0.204171,3,0.996044,0.998457
B1_01,B1,155,620.0,10,10,0,0,100.000000,0,0.085548,0.891717,6.89822,0.733927,0.48139,0.0131345,1,0.9,10,0.215986,3,0.988959,0.997609
B1_01,B1,156,624.0,11,11,0,0,100.000000,0,0.000531,0.566588,12.5149,0.660153,0.613639,0.0161151,1,0.4,11,0.141515,4,0.99303,0.998861
B1_01,B1,157,628.0,11,11,0,0,100.000000,0,0.003367,0.627825,29.2905,0.730194,0.528406,0.0218199,1,0.9,11,0.213372,3,0.982583,0.997838
B1_01,B1,158,632.0,12,12,0,0,100.000000,0,0.007435,0.682216,9.04504,0.729264,0.52963,0.0169283,1,0.956522,12,0.205194,3,0.969452,0.998456
B1_01,B1,159,636.0,11,11,0,0,100.000000,0,0.002905,0.688013,11.7472,0.726228,0.560161,0.0126338,1,0.956522,11,0.22663,3,0.994732,0.998188
B1_01,B1,160,640.0,11,11,0,0,100.000000,0,0.004355,0.557628,12.9465,0.73419,0.563322,0.0110778,1,0.842105,11,0.246187,3,0.992793,0.998489
B1_01,B1,161,644.0,10,10,0,0,100.000000,0,0.010950,0.611925,21.5529,0.691384,0.536272,0.0141986,1,0.571429,10,0.136145,3,0.995705,0.998359
B1_01,B1,162,648.0,11,11,0,0,100.000000,0,0.003760,0.696655,7.83578,0.741761,0.577881,0.0131762,1,1,11,0.176352,3,0.996779,0.99867
B1_01,B1,163,652.0,10,10,0,0,100.000000,0,0.027328,0.729743,7.8712,0.731861,0.537811,0.0165155,1,1,10,0.189492,3,0.995091,0.997921
B1_01,B1,164,656.0,11,11,0,0,100.000000,0,0.006883,0.698714,8.54453,0.726903,0.514038,0.0127019,1,0.952381,11,0.153926,3,0.996764,0.998895
B1_01,B1,165,660.0,10,10,0,0,100.000000,0,0.005981,0.491107,12.8229,0.682551,0.553746,0.0226078,1,0.153846,10,0.090648,4,0.991741,0.998738
B1_01,B1,166,664.0,9,9,0,0,100.000000,0,0.008630,0.565064,18.6667,0.698323,0.535145,0.0224422,1,0.666667,9,0.166603,4,0.992917,0.996665
B1_01,B1,167,668.0,10,10,0,0,100.000000,0,0.016121,0.601059,23.3476,0.753093,0.511748,0.0202924,1,0,10,0.231137,4,0.992164,0.99832
B1_01,B1,168,672.0,10,10,0,0,100.000000,0,0.010366,0.43986,14.9083,0.648694,0.494293,0.0249627,1,0.307692,10,0.13684,4,0.986715,0.998567
B1_01,B1,169,676.0,11,11,0,0,100.000000,0,0.001293,0.741043,7.83325,0.727319,0.548244,0.00979183,1,1,11,0.226797,3,0.994369,0.997336
B1_01,B1,170,680.0,11,11,0,0,100.000000,0,0.001382,0.430903,16.0583,0.65976,0.511212,0.0191211,1,0.285714,11,0.0461454,4,0.990365,0.998801
B1_01,B1,171,684.0,10,10,0,0,100.000000,0,0.022688,0.632782,18.7977,0.702627,0.533338,0.0129023,1,0.166667,10,0.123864,4,0.994888,0.998528
B1_01,B1,172,688.0,10,10,0,0,100.000000,0,0.002985,0.507474,23.1755,0.656996,0.497995,0.0105382,1,0.333333,10,0.252499,4,0.993224,0.997771
B1_01,B1,173,692.0,10,10,0,0,100.000000,0,0.007511,0.554673,16.4659,0.688867,0.549466,0.0180768,1,0.307692,10,0.0529432,4,0.994633,0.998456
B1_01,B1,174,696.0,10,10,0,0,100.000000,0,0.014070,0.639022,14.8471,0.679194,0.513172,0.0129774,1,0,10,0.05252,4,0.995774,0.998243
B1_01,B1,175,700.0,11,11,0,0,100.000000,0,0.009799,0.581785,15.1963,0.702973,0.516685,0.0118035,1,0,11,0.177504,4,0.993277,0.997915
B1_01,B1,176,704.0,10,10,0,0,100.000000,0,0.010277,0.659762,8.38935,0.735349,0.595308,0.0206186,1,1,10,0.183266,3,0.992041,0.997462
B1_01,B1,177,708.0,10,10,0,0,100.000000,0,0.011027,0.597265,16.7899,0.707654,0.556985,0.0126269,1,0,10,0.0510623,4,0.994123,0.997759
B1_01,B1,178,712.0,10,10,0,0,100.000000,0,0.009168,0.542823,16.3096,0.660992,0.558926,0.016497,1,0,10,0.0843999,4,0.995473,0.998457
B1_01,B1,179,716.0,10,10,0,0,100.000000,0,0.003153,0.519747,14.551,0.658438,0.565572,0.00969822,1,0.166667,10,0.161724,4,0.975288,0.997546
B1_01,B1,180,720.0,10,10,0,0,100.000000,0,0.039084,0.703552,9.11747,0.735896,0.528763,0.0162545,1,1,10,0.204977,3,0.994632,0.997961
B1_01,B1,181,724.0,11,11,0,0,100.000000,0,0.001085,0.684971,7.11025,0.735375,0.537034,0.00853286,1,1,10,0.188688,3,0.996605,0.997869
B1_01,B1,182,728.0,10,10,0,0,100.000000,0,0.009179,0.721154,8.16833,0.729459,0.54342,0.0129873,1,0.952381,11,0.175657,3,0.994569,0.99795
B1_01,B1,183,732.0,10,10,0,0,100.000000,0,0.012457,0.552561,20.2477,0.688527,0.51012,0.0114714,1,0,10,0.131118,4,0.993014,0.997121
B1_01,B1,184,736.0,10,10,0,0,100.000000,0,0.005897,0.548995,31.8385,0.707399,0.56227,0.0163782,1,0.181818,10,0.232769,4,0.992196,0.998038
B1_01,B1,185,740.0,10,10,0,0,100.000000,0,0.009537,0.549376,19.0053,0.650901,0.566181,0.0161266,1,0,10,0.0780201,4,0.995074,0.998519
B1_01,B1,186,744.0,10,10,0,0,100.000000,0,0.008189,0.506214,14.901,0.693592,0.544982,0.0174028,1,0,10,0.0493253,4,0.993006,0.997458
B1_01,B1,187,748.0,11,11,0,0,100.000000,0,0.001792,0.378944,12.5962,0.623242,0.57468,0.0201245,1,0.133333,11,0.0540035,4,0.993106,0.998018
B1_01,B1,188,752.0,10,10,0,0,100.000000,0,0.015441,0.863299,6.57759,0.753146,0.549834,0.0133779,1,1,10,0.196556,3,0.991108,0.997571
B1_01,B1,189,756.0,10,10,0,0,100.000000,0,0.001559,0.588633,28.9896,0.682043,0.570278,0.0103848,1,0.181818,10,0.116892,4,0.990756,0.998225
B1_01,B1,190,760.0,10,10,0,0,100.000000,0,0.001086,0.49003,15.6858,0.675098,0.499521,0.00695758,1,0,10,0.130066,4,0.996352,0.997993
B1_01,B1,191,764.0,10,10,0,0,100.000000,0,0.002467,0.789901,7.06644,0.744541,0.565917,0.00873919,1,1,10,0.201119,3,0.99479,0.998097
B1_01,B1,192,768.0,10,10,0,0,100.000000,0,0.009721,0.55227,35.2165,0.662878,0.544076,0.013275,1,0.181818,10,0.12537,4,0.993193,0.998244
B1_01,B1,193,772.0,11,11,0,0,100.000000,0,0.035005,0.579309,16.5614,0.685604,0.44664,0.0146023,1,0.166667,10,0.121714,4,0.986571,0.998086
B1_01,B1,194,776.0,10,10,0,0,100.000000,0,0.000511,0.670347,17.367,0.665449,0.541878,0.00828157,1,0.166667,11,0.108921,4,0.992091,0.997111
B1_01,B1,195,780.0,10,10,0,0,100.000000,0,0.089436,0.828565,5.76457,0.731741,0.457144,0.0176985,1,1,10,0.217834,3,0.993085,0.99694
B1_01,B1,196,784.0,11,11,0,0,100.000000,0,0.000991,0.875716,3.71007,0.737818,0.4779,0.00722394,1,0.952381,11,0.158991,3,0.994341,0.996974
B1_01,B1,197,788.0,10,10,0,0,100.000000,0,0.003426,0.626752,21.8326,0.685277,0.47183,0.00992431,1,0.181818,10,0.16138,4,0.995621,0.998155
B1_01,B1,198,792.0,11,11,0,0,100.000000,0,0.003095,0.551376,13.0215,0.706029,0.525678,0.0245086,1,0.588235,11,0.0764709,4,0.986281,0.99907
B1_01,B1,199,796.0,11,11,0,0,100.000000,0,0.002625,0.596867,23.4999,0.729792,0.554621,0.0170241,1,0.166667,11,0.187697,4,0.986312,0.995682
B1_01,B1,200,800.0,11,11,0,0,100.000000,0,0.011257,0.747727,15.163,0.728097,0.556341,0.0114491,1,0.166667,11,0.274316,4,0.978264,0.998119
B1_01,B1,201,804.0,11,11,0,0,100.000000,0,0.002127,0.608411,25.3727,0.65145,0.533325,0.0238034,1,0.166667,11,0.171665,4,0.987568,0.998132
B1_01,B1,202,808.0,10,10,0,0,100.000000,0,0.350744,0.825773,6.62467,0.742793,0.44044,0.0195965,1,1,10,0.178267,3,0.994592,0.998168
B1_01,B1,203,812.0,10,10,0,0,100.000000,0,0.009715,0.575573,16.7625,0.69405,0.555496,0.0108669,1,0.166667,10,0.0924847,4,0.994264,0.998313
B1_01,B1,204,816.0,11,11,0,0,100.000000,0,0.004993,0.840218,5.61717,0.746967,0.509414,0.0112425,1,0.952381,11,0.136712,3,0.993686,0.998692
B1_01,B1,205,820.0,10,10,0,0,100.000000,0,0.002985,0.483827,25.5603,0.677435,0.506443,0.0104366,1,0.333333,10,0.250382,4,0.991901,0.997696
B1_01,B1,206,824.0,10,10,0,0,100.000000,0,0.001584,0.545455,19.4764,0.678084,0.499546,0.00992705,1,0,10,0.117748,4,0.992242,0.997729
B1_01,B1,207,828.0,10,10,0,0,100.000000,0,0.036343,0.626209,20.0496,0.703787,0.474139,0.0179029,1,0.166667,10,0.0949311,4,0.994362,0.997565
B1_01,B1,208,832.0,10,10,0,0,100.000000,0,0.003695,0.768389,7.61555,0.737664,0.416605,0.00655738,1,0.947368,10,0.139606,3,0.9956,0.997203
B1_01,B1,209,836.0,10,10,0,0,100.000000,0,0.024759,0.680594,18.8627,0.668593,0.475541,0.0160082,1,0.181818,10,0.121578,4,0.992397,0.998722
B1_01,B1,210,840.0,10,10,0,0,100.000000,0,0.011757,0.606272,22.4225,0.720415,0.499279,0.0179543,1,0.181818,10,0.151901,4,0.992633,0.998457
B1_01,B1,211,844.0,11,11,0,0,100.000000,0,0.015676,0.638099,19.8611,0.708167,0.463094,0.017812,1,0,11,0.17317,4,0.990647,0.997277
B1_01,B1,212,848.0,12,12,0,0,100.000000,0,0.029396,0.849591,5.32535,0.741948,0.533148,0.0152933,1,0.909091,12,0.183463,3,0.99189,0.9983
B1_01,B1,213,852.0,10,10,0,0,100.000000,0,0.006120,0.852297,6.60617,0.743707,0.530888,0.0223249,1,1,10,0.22438,3,0.994481,0.99771
B1_01,B1,214,856.0,11,11,0,0,100.000000,0,0.000340,0.58212,23.163,0.738821,0.60171,0.00728408,1,0,11,0.184838,4,0.992789,0.997993
B1_01,B1,215,860.0,10,10,0,0,100.000000,0,0.000774,0.852737,6.44595,0.749816,0.552904,0.00509936,1,1,10,0.217097,3,0.996253,0.99857
B1_01,B1,216,864.0,10,10,0,0,100.000000,0,0.009721,0.458511,23.7115,0.63857,0.565393,0.0123,1,0.333333,10,0.156981,4,0.98949,0.996312
B1_01,B1,217,868.0,10,10,0,0,100.000000,0,0.015441,0.868797,7.46153,0.744256,0.55643,0.0137139,1,1,10,0.193851,3,0.992821,0.997072
B1_01,B1,218,872.0,9,9,1,0,94.736842,0,0.010401,0.738764,6.57522,0.740521,0.570227,0.0112367,1,1,10,0.2118,3,0.995501,0.99829
B1_01,B1,219,876.0,10,10,0,0,100.000000,0,0.012457,0.504217,17.8502,0.656393,0.517801,0.0176576,1,0,10,0.116975,4,0.993955,0.997932
B1_01,B1,220,880.0,11,11,0,0,100.000000,0,0.032720,0.754937,7.15574,0.740287,0.487259,0.0115858,1,0.952381,11,0.179325,3,0.995736,0.998698
B1_01,B1,221,884.0,10,10,0,0,100.000000,0,0.001839,0.778994,7.80223,0.731195,0.552021,0.00956637,1,1,10,0.15767,3,0.995119,0.998264
B1_01,B1,222,888.0,11,11,0,0,100.000000,0,0.001330,0.507987,17.0921,0.647672,0.537364,0.0150749,1,0,11,0.0920926,4,0.991525,0.998734
B1_01,B1,223,892.0,10,10,0,0,100.000000,0,0.000700,0.718357,9.61122,0.74495,0.539608,0.0083316,1,1,10,0.235471,3,0.993373,0.998547
B1_01,B1,224,896.0,10,10,0,0,100.000000,0,0.109152,0.758684,7.76821,0.733019,0.469627,0.012755,1,1,10,0.239696,3,0.992384,0.997673
B1_01,B1,225,900.0,10,10,0,0,100.000000,0,0.000961,0.794325,7.84642,0.727461,0.552317,0.00694973,1,1,10,0.244085,3,0.994793,0.998855
B1_01,B1,226,904.0,11,11,0,0,100.000000,0,0.003307,0.73601,7.53488,0.748599,0.534822,0.0125523,1,1,11,0.243387,3,0.99528,0.998817
B1_01,B1,227,908.0,11,11,0,0,100.000000,0,0.002694,0.501537,28.2695,0.672563,0.487799,0.0181883,1,0.166667,11,0.170702,4,0.988905,0.998231
B1_01,B1,228,912.0,11,11,0,0,100.000000,0,0.005801,0.825176,6.65077,0.740373,0.575068,0.0165746,1,1,11,0.212146,3,0.992681,0.998448
B1_01,B1,229,916.0,11,11,0,0,100.000000,0,0.009592,0.649197,9.07866,0.720455,0.454947,0.00757989,1,1,11,0.229848,3,0.988434,0.997464
B1_01,B1,230,920.0,11,11,0,0,100.000000,0,0.000477,0.520919,19.7201,0.707684,0.599756,0.00750368,1,0.777778,11,0.213674,3,0.992352,0.998757
B1_01,B1,231,924.0,12,12,0,0,100.000000,0,0.003610,0.628883,9.60379,0.722997,0.467359,0.00564972,1,0.952381,11,0.217247,3,0.972622,0.997636
B1_01,B1,232,928.0,11,11,0,0,100.000000,0,0.003628,0.554188,18.3982,0.676928,0.564633,0.0160511,1,0.153846,12,0.159551,3,0.981242,0.998444
B1_01,B1,233,932.0,11,11,0,0,100.000000,0,0.008171,0.658829,8.36163,0.711223,0.519719,0.0140516,1,1,11,0.292986,3,0.990199,0.997121
B1_01,B1,234,936.0,11,11,0,0,100.000000,0,0.000288,0.563719,24.196,0.676741,0.56283,0.00884956,1,0.166667,11,0.143524,4,0.99104,0.998603
B1_01,B1,235,940.0,11,11,0,0,100.000000,0,0.003385,0.515085,25.7701,0.695086,0.521336,0.0108413,1,0.166667,11,0.159186,4,0.995191,0.998512
B1_01,B1,236,944.0,10,10,0,0,100.000000,0,0.019164,0.630576,11.9676,0.71642,0.45205,0.0145559,1,0.9,10,0.162467,3,0.993896,0.999054
B1_01,B1,237,948.0,10,10,0,0,100.000000,0,0.009600,0.669943,10.1936,0.750178,0.545264,0.0383817,1,1,10,0.125032,3,0.993972,0.997373
B1_01,B1,238,952.0,9,9,0,0,100.000000,0,0.013336,0.726913,9.53483,0.748406,0.495863,0.0286543,1,1,9,0.135754,3,0.994598,0.997658
B1_01,B1,239,956.0,11,11,0,0,100.000000,0,0.001935,0.665945,7.8917,0.740239,0.581819,0.0143149,1,1,11,0.226303,3,0.997378,0.998713
B1_01,B1,240,960.0,10,10,0,0,100.000000,0,0.004585,0.775302,8.90579,0.739023,0.48845,0.00774912,1,1,10,0.192999,3,0.99799,0.999187
B1_01,B1,241,964.0,11,11,0,0,100.000000,0,0.004801,0.72265,8.39781,0.730289,0.568548,0.0134505,1,1,11,0.210163,3,0.989752,0.998997
B1_01,B1,242,968.0,10,10,0,0,100.000000,0,0.007678,0.538786,22.0149,0.669346,0.511777,0.0217475,1,0.181818,10,0.125909,4,0.994642,0.99878
B1_01,B1,243,972.0,10,10,0,0,100.000000,0,0.155330,0.700722,7.56238,0.740815,0.453545,0.0149229,1,1,10,0.208674,3,0.995459,0.999216
B1_01,B1,244,976.0,10,10,0,0,100.000000,0,0.000627,0.561112,13.3344,0.72745,0.531929,0.00696864,1,0.705882,10,0.162994,4,0.997001,0.999066
B1_01,B1,245,980.0,11,11,0,0,100.000000,0,0.000565,0.574833,21.1168,0.688461,0.491978,0.00853149,1,0.166667,11,0.159028,4,0.995592,0.998509
B1_01,B1,246,984.0,11,11,0,0,100.000000,0,0.002210,0.602274,9.55658,0.728798,0.588846,0.0171333,1,0.952381,11,0.211109,3,0.993283,0.997929
B1_01,B1,247,988.0,11,11,0,0,100.000000,0,0.001179,0.505724,18.6278,0.68124,0.514355,0.00599017,1,0.533333,11,0.23557,4,0.973781,0.998142
B1_01,B1,248,992.0,11,11,0,0,100.000000,0,0.000811,0.551436,9.78481,0.729003,0.538005,0.00552932,1,1,11,0.190128,3,0.995568,0.997688
B1_01,B1,249,996.0,11,11,0,0,100.000000,0,0.001672,0.562861,11.0795,0.72768,0.607986,0.0188084,1,1,11,0.24773,3,0.964972,0.997982
B1_01,B1,250,1000.0,11,11,0,0,100.000000,0,0.000503,0.556875,15.6429,0.698231,0.66102,0.0130024,1,0.9,11,0.223762,3,0.991725,0.998854
B1_01,B1,251,1004.0,11,11,0,0,100.000000,0,0.000345,0.604152,10.0895,0.730579,0.596292,0.0068006,1,1,11,0.239075,3,0.997254,0.99906
B1_01,B1,252,1008.0,11,11,0,0,100.000000,0,0.001472,0.54817,10.2621,0.733939,0.549033,0.0135417,1,1,11,0.241975,3,0.996429,0.998849
B1_01,B1,253,1012.0,10,10,0,0,100.000000,0,0.003968,0.642661,10.4424,0.739474,0.574062,0.0186695,1,1,10,0.218823,3,0.997202,0.998448
B1_01,B1,254,1016.0,9,9,0,0,100.000000,0,0.014059,0.575673,26.6986,0.707777,0.500668,0.0158563,1,0.363636,9,0.221652,4,0.993654,0.99865
B1_01,B1,255,1020.0,10,10,0,0,100.000000,0,0.005992,0.656927,10.2695,0.735699,0.463268,0.00994913,1,1,10,0.21536,3,0.997015,0.998437
B1_01,B1,256,1024.0,11,11,0,0,100.000000,0,0.120350,0.613411,11.0516,0.708723,0.478378,0.0135097,1,0.9,11,0.191575,3,0.99309,0.998945
B1_01,B1,257,1028.0,10,10,0,0,100.000000,0,0.050260,0.619014,13.3994,0.752291,0.446306,0.019548,1,0.823529,10,0.230773,3,0.993584,0.998437
B1_01,B1,258,1032.0,10,10,0,0,100.000000,0,0.068046,0.76828,8.6904,0.744932,0.364845,0.0198016,1,1,10,0.192294,3,0.996146,0.997828
B1_01,B1,259,1036.0,11,11,0,0,100.000000,0,0.012716,0.685786,7.63813,0.730694,0.565456,0.0128435,1,1,11,0.195641,3,0.996672,0.998538
B1_01,B1,260,1040.0,11,11,0,0,100.000000,0,0.001240,0.534583,28.595,0.726284,0.582555,0.0144605,1,0.166667,11,0.239331,4,0.984838,0.997932
B1_01,B1,261,1044.0,11,11,0,0,100.000000,0,0.004801,0.724604,8.18623,0.726183,0.560292,0.0153602,1,1,11,0.260675,3,0.994146,0.998715
B1_01,B1,262,1048.0,11,11,0,0,100.000000,0,0.001616,0.516031,17.1367,0.667593,0.533743,0.0170459,1,0.307692,11,0.106399,4,0.985573,0.998737
B1_01,B1,263,1052.0,10,10,0,0,100.000000,0,0.000869,0.701057,9.49858,0.729569,0.549535,0.00811833,1,1,10,0.251997,3,0.99718,0.998703
B1_01,B1,264,1056.0,11,11,0,0,100.000000,0,0.000380,0.594325,18.7492,0.738671,0.547493,0.00979183,1,0.428571,11,0.189984,4,0.996284,0.997817
B1_01,B1,265,1060.0,10,10,0,0,100.000000,0,0.003789,0.714968,8.80282,0.72837,0.522569,0.00846834,1,1,10,0.255884,3,0.996139,0.998437
B1_01,B1,266,1064.0,11,11,0,0,100.000000,0,0.001239,0.519141,23.7557,0.705114,0.550317,0.0156479,1,0.166667,11,0.259755,4,0.99202,0.998005
B1_01,B1,267,1068.0,11,11,0,0,100.000000,0,0.005269,0.50882,14.512,0.67223,0.509835,0.027914,1,0.153846,11,0.146671,4,0.988281,0.997776
B1_01,B1,268,1072.0,11,11,0,0,100.000000,0,0.001279,0.55115,27.4714,0.680919,0.561056,0.0117712,1,0.166667,11,0.121655,4,0.994187,0.99875
B1_01,B1,269,1076.0,10,10,0,0,100.000000,0,0.001835,0.608719,16.446,0.750548,0.635319,0.019685,1,0,10,0.138279,4,0.994293,0.998165
B1_01,B1,270,1080.0,10,10,0,0,100.000000,0,0.006145,0.554303,18.8697,0.726509,0.543973,0.012755,1,0.166667,10,0.244583,4,0.99476,0.998168
B1_01,B1,271,1084.0,11,11,0,0,100.000000,0,0.001765,0.56901,16.4433,0.699876,0.56211,0.0193609,1,0,11,0.0482377,4,0.995382,0.998425
B1_01,B1,272,1088.0,10,10,0,0,100.000000,0,0.001295,0.448041,16.7756,0.702653,0.5801,0.00710186,1,0.166667,10,0.210757,4,0.992341,0.998445
B1_01,B1,273,1092.0,10,10,0,0,100.000000,0,0.000497,0.559867,29.7267,0.68622,0.613015,0.0076685,1,0.181818,10,0.118149,4,0.994561,0.998245
B1_01,B1,274,1096.0,11,11,0,0,100.000000,0,0.002005,0.697277,7.31783,0.747976,0.627901,0.0248938,1,0.909091,11,0.179308,3,0.994661,0.99876
B1_01,B1,275,1100.0,10,10,0,0,100.000000,0,0.007673,0.570055,13.7902,0.660601,0.494645,0.0226599,1,0.307692,10,0.0848677,4,0.994836,0.998692
B1_01,B1,276,1104.0,11,11,0,0,100.000000,0,0.000185,0.542034,15.8733,0.670013,0.58665,0.004158,1,0,11,0.129679,4,0.996636,0.998939
B1_01,B1,277,1108.0,10,10,0,0,100.000000,0,0.001359,0.522229,19.071,0.702769,0.589857,0.00891734,1,0,10,0.0704563,4,0.996882,0.998517
B1_01,B1,278,1112.0,10,10,0,0,100.000000,0,0.009721,0.533107,18.9069,0.689427,0.596545,0.0166646,1,0,10,0.152661,4,0.993277,0.998164
B1_01,B1,279,1116.0,10,10,0,0,100.000000,0,0.001038,0.514148,30.7417,0.67545,0.587253,0.00317801,1,0.333333,10,0.111704,4,0.993709,0.99878
B1_01,B1,280,1120.0,10,10,0,0,100.000000,0,0.007930,0.756566,7.11178,0.74916,0.593221,0.0210819,1,1,10,0.242199,3,0.99351,0.998124
B1_01,B1,281,1124.0,10,10,0,0,100.000000,0,0.030183,0.763287,7.4332,0.73479,0.538918,0.0116636,1,1,10,0.196626,3,0.994978,0.998123
B1_01,B1,282,1128.0,11,11,0,0,100.000000,0,0.002352,0.505298,20.4739,0.685002,0.579055,0.010557,1,0.428571,11,0.182796,4,0.994539,0.998607
B1_01,B1,283,1132.0,10,10,0,0,100.000000,0,0.002367,0.773152,6.81319,0.722712,0.565319,0.00330424,1,1,10,0.136739,3,0.99608,0.998473
B1_01,B1,284,1136.0,11,11,0,0,100.000000,0,0.003305,0.496733,21.5684,0.635578,0.507946,0.0180977,1,0.307692,11,0.150103,4,0.987731,0.997938
B1_01,B1,285,1140.0,10,10,0,0,100.000000,0,0.013350,0.743642,7.42797,0.740026,0.547916,0.0109244,1,1,10,0.242758,3,0.996173,0.998433
B1_01,B1,286,1144.0,10,10,0,0,100.000000,0,0.012973,0.604388,28.5288,0.661447,0.529079,0.013762,1,0.181818,10,0.104239,4,0.989539,0.99836
B1_01,B1,287,1148.0,10,10,0,0,100.000000,0,0.000802,0.810921,6.60812,0.743082,0.552637,0.00702097,1,1,10,0.247502,3,0.996673,0.998925
B1_01,B1,288,1152.0,11,11,0,0,100.000000,0,0.012730,0.753688,7.99842,0.735185,0.533157,0.0156555,1,1,11,0.193812,3,0.996041,0.998861
B1_01,B1,289,1156.0,11,11,0,0,100.000000,0,0.002905,0.656987,7.35618,0.733554,0.569057,0.0145232,1,1,11,0.254747,3,0.996,0.998249
B1_01,B1,290,1160.0,11,11,0,0,100.000000,0,0.003540,0.624136,25.4975,0.676455,0.521375,0.0130059,1,0.166667,11,0.17167,4,0.990498,0.996766
B1_01,B1,291,1164.0,11,11,0,0,100.000000,0,0.008106,0.900181,4.56119,0.736255,0.512457,0.0121716,1,0.857143,11,0.145652,3,0.992526,0.997146
B1_01,B1,292,1168.0,11,11,0,0,100.000000,0,0.001565,0.626898,29.0393,0.648281,0.552047,0.0132971,1,0.166667,11,0.231587,4,0.983516,0.99717
B1_01,B1,293,1172.0,11,11,0,0,100.000000,0,0.001155,0.903538,4.51379,0.735511,0.466114,0.00860663,1,1,11,0.135563,3,0.992261,0.996496
B1_01,B1,294,1176.0,10,10,0,0,100.000000,0,0.071624,0.676734,23.5205,0.688755,0.402376,0.0313222,1,0.181818,10,0.155363,4,0.98826,0.998207
B1_01,B1,295,1180.0,10,10,0,0,100.000000,0,0.004681,0.835228,4.26254,0.746693,0.492015,0.0114714,1,1,10,0.118201,3,0.994376,0.998373
B1_01,B1,296,1184.0,11,11,0,0,100.000000,0,0.001607,0.711779,19.891,0.687925,0.420016,0.00728408,1,0.166667,11,0.0903926,4,0.993851,0.998626
B1_01,B1,297,1188.0,10,10,0,0,100.000000,0,0.009244,0.844623,5.11235,0.747867,0.51412,0.018725,1,1,10,0.175487,3,0.995086,0.99784
B1_01,B1,298,1192.0,11,11,0,0,100.000000,0,0.067355,0.857225,6.12418,0.747955,0.501712,0.0147314,1,0.952381,11,0.200753,3,0.994402,0.998676
B1_02,B1,0,0.0,9,9,0,0,100.000000,0,0.548593,0.816912,8.84796,0.736953,0.486577,0.0207737,1,0.941176,9,0.19871,3,0.997267,0.998734
B1_02,B1,1,4.0,9,9,0,0,100.000000,0,0.001537,0.839832,6.01148,0.720747,0.578688,0.00654729,1,1,9,0.152652,4,0.995689,0.998627
B1_02,B1,2,8.0,9,9,0,0,100.000000,0,0.000194,1.08894,4.47192,0.765818,0.623461,0.00958606,1,1,9,0.128704,3,0.996463,0.997461
B1_02,B1,3,12.0,9,9,0,0,100.000000,0,0.010539,0.811462,5.5788,0.746564,0.611248,0.0150811,1,0.888889,9,0.151213,3,0.996206,0.998199
B1_02,B1,4,16.0,8,8,0,0,100.000000,0,0.065833,0.826668,8.5926,0.735714,0.467547,0.0305257,1,1,8,0.270775,3,0.997259,0.99876
B1_02,B1,5,20.0,9,9,0,0,100.000000,0,0.016404,0.835931,6.94596,0.743546,0.557012,0.0207282,1,1,9,0.175396,3,0.997354,0.998608
B1_02,B1,6,24.0,10,10,0,0,100.000000,0,0.010539,0.834946,5.51115,0.718751,0.470272,0.00895072,1,1,10,0.141608,3,0.997666,0.998878
B1_02,B1,7,28.0,9,9,0,0,100.000000,0,0.001644,0.726346,8.27596,0.728853,0.55906,0.00744338,1,1,9,0.162774,3,0.998093,0.998784
B1_02,B1,8,32.0,10,10,0,0,100.000000,0,0.003065,0.754306,7.45645,0.734157,0.598097,0.00470751,1,1,10,0.179069,3,0.997929,0.998667
B1_02,B1,9,36.0,9,9,0,0,100.000000,0,0.002702,0.784213,8.52396,0.725314,0.498474,0.00821036,1,1,9,0.236504,3,0.998269,0.998779
B1_02,B1,10,40.0,9,9,0,0,100.000000,0,0.098750,0.727293,8.90732,0.729922,0.473399,0.0293035,1,1,9,0.267666,3,0.997789,0.998518
B1_02,B1,11,44.0,9,9,0,0,100.000000,0,0.072917,0.474925,35.2442,0.732776,0.574914,0.0411659,1,0.2,9,0.161481,4,0.996153,0.998829
B1_02,B1,12,48.0,8,8,0,0,100.000000,0,0.010804,0.738182,7.73613,0.719045,0.594517,0.0252982,1,1,8,0.219242,4,0.997736,0.998771
B1_02,B1,13,52.0,9,9,0,0,100.000000,0,0.002652,0.671407,6.49833,0.723024,0.558318,0.0210219,1,1,9,0.224604,3,0.996862,0.998672
B1_02,B1,14,56.0,9,9,0,0,100.000000,0,0.039289,0.703196,6.94541,0.73295,0.522065,0.0200455,1,0.888889,9,0.239059,3,0.997693,0.998535
B1_02,B1,15,60.0,9,9,0,0,100.000000,0,0.001391,0.653071,6.76529,0.720168,0.52105,0.0099746,1,1,9,0.103927,3,0.997964,0.998661
B1_02,B1,16,64.0,9,9,0,0,100.000000,0,0.056198,0.802142,8.55673,0.739776,0.464991,0.0142344,1,1,9,0.139879,3,0.99811,0.998742
B1_02,B1,17,68.0,8,8,0,0,100.000000,0,0.078821,0.69862,6.29188,0.698305,0.28088,0.0156741,1,1,8,0.154643,4,0.998436,0.99895
B1_02,B1,18,72.0,9,9,0,0,100.000000,0,0.028380,0.776947,5.8068,0.715912,0.53412,0.0116042,1,0.888889,9,0.233173,4,0.997928,0.998742
B1_02,B1,19,76.0,9,9,0,0,100.000000,0,0.029992,0.714451,7.22681,0.733961,0.510242,0.0125118,1,1,9,0.28513,4,0.998197,0.998859
B1_02,B1,20,80.0,9,9,0,0,100.000000,0,0.118544,0.70787,10.6421,0.743676,0.380136,0.0165186,1,1,9,0.180743,3,0.998215,0.998931
B1_02,B1,21,84.0,8,8,0,0,100.000000,0,0.012464,0.713432,10.7599,0.73887,0.579558,0.0204094,1,1,8,0.150283,4,0.997857,0.9986
B1_02,B1,22,88.0,9,9,0,0,100.000000,0,0.001403,0.747326,6.80407,0.715733,0.540771,0.00452489,1,1,9,0.222325,4,0.997253,0.998961
B1_02,B1,23,92.0,9,9,0,0,100.000000,0,0.410689,0.693726,9.46168,0.724726,0.325008,0.0215946,1,1,9,0.193898,4,0.997461,0.998485
B1_02,B1,24,96.0,9,9,0,0,100.000000,0,0.169809,0.700787,7.02491,0.708859,0.428707,0.00628539,1,1,9,0.196817,4,0.998298,0.998748
B1_02,B1,25,100.0,9,9,0,0,100.000000,0,0.026589,0.659664,7.17377,0.705641,0.469621,0.0103045,1,1,9,0.19467,3,0.998276,0.998791
B1_02,B1,26,104.0,9,9,0,0,100.000000,0,0.001779,0.693829,8.26918,0.708872,0.577969,0.00539008,1,0.947368,10,0.151716,3,0.997696,0.998591
B1_02,B1,27,108.0,10,10,0,0,100.000000,0,0.001062,0.543134,16.15,0.646327,0.566904,0.00787797,1,0.2,9,0.153406,4,0.997093,0.99881
B1_02,B1,28,112.0,10,10,0,0,100.000000,0,0.001792,0.598864,6.90229,0.69583,0.563775,0.00796097,1,1,10,0.201986,4,0.99836,0.99902
B1_02,B1,29,116.0,9,9,0,0,100.000000,0,0.003706,0.654732,7.68563,0.725894,0.546345,0.0131192,1,0.947368,9,0.1644,4,0.996511,0.998866
B1_02,B1,30,120.0,9,9,0,0,100.000000,0,0.000641,0.601738,10.3803,0.70933,0.509176,0.00555716,1,1,9,0.232649,3,0.99822,0.998742
B1_02,B1,31,124.0,9,9,0,0,100.000000,0,0.000555,0.658055,9.47006,0.733519,0.565684,0.00440565,1,0.947368,10,0.23815,3,0.998247,0.998831
B1_02,B1,32,128.0,10,10,0,0,100.000000,0,0.001134,0.639966,8.57312,0.710252,0.574915,0.0045511,1,1,9,0.194898,3,0.998133,0.998717
B1_02,B1,33,132.0,9,9,0,0,100.000000,0,0.010684,0.795636,9.87724,0.73758,0.497279,0.0047619,1,1,9,0.185063,3,0.997986,0.998556
B1_02,B1,34,136.0,10,10,0,0,100.000000,0,0.000780,0.448282,32.4356,0.619405,0.577559,0.00707924,1,0.181818,10,0.220854,4,0.997307,0.998707
B1_02,B1,35,140.0,9,9,0,0,100.000000,0,0.007206,0.633292,9.43405,0.718385,0.486825,0.0212578,1,1,9,0.225401,4,0.998091,0.998713
B1_02,B1,36,144.0,10,10,0,0,100.000000,0,0.089572,0.718296,7.38032,0.718986,0.578389,0.0123675,1,0.947368,10,0.19802,3,0.997554,0.998739
B1_02,B1,37,148.0,9,9,0,0,100.000000,0,0.000662,0.651775,7.59491,0.704847,0.541338,0.00560916,1,1,9,0.174477,4,0.998223,0.998701
B1_02,B1,38,152.0,9,9,0,0,100.000000,0,0.001134,0.637502,7.64531,0.703457,0.556642,0.00994823,1,1,9,0.196741,3,0.998284,0.998924
B1_02,B1,39,156.0,10,10,0,0,100.000000,0,0.000555,0.63368,7.88396,0.717047,0.545226,0.00756015,1,1,10,0.207901,3,0.997751,0.998696
B1_02,B1,40,160.0,9,9,0,0,100.000000,0,0.001530,0.770711,7.82022,0.734219,0.572314,0.00843709,1,1,9,0.255921,4,0.997988,0.998658
B1_02,B1,41,164.0,9,9,0,0,100.000000,0,0.000662,0.64187,8.71079,0.708123,0.567393,0.0104444,1,1,9,0.160714,4,0.997796,0.998852
B1_02,B1,42,168.0,10,10,0,0,100.000000,0,0.001458,0.708821,8.34971,0.706832,0.530467,0.00471247,1,0.947368,10,0.216015,3,0.997817,0.99869
B1_02,B1,43,172.0,9,9,0,0,100.000000,0,0.015561,0.579565,14.5295,0.659967,0.489203,0.0289504,1,0.2,9,0.175215,4,0.997894,0.998896
B1_02,B1,44,176.0,8,8,0,0,100.000000,0,0.002799,0.733086,11.6119,0.734593,0.495879,0.00969456,1,1,8,0.278401,3,0.998174,0.998813
B1_02,B1,45,180.0,9,9,0,0,100.000000,0,0.007282,0.816836,5.62918,0.743239,0.504505,0.0202271,1,1,9,0.150062,3,0.997113,0.998777
B1_02,B1,46,184.0,9,9,0,0,100.000000,0,0.021905,0.699492,8.41498,0.718489,0.450644,0.00405633,1,0.75,9,0.1684,4,0.997143,0.998682
B1_02,B1,47,188.0,10,10,0,0,100.000000,0,0.010655,0.735815,8.41623,0.72712,0.505038,0.00594207,1,1,10,0.18966,3,0.998334,0.998843
B1_02,B1,48,192.0,9,9,0,0,100.000000,0,0.014558,0.688174,9.53687,0.720853,0.571371,0.0115,1,1,9,0.204364,4,0.997857,0.998761
B1_02,B1,49,196.0,10,10,0,0,100.000000,0,0.001202,0.490387,32.7464,0.654767,0.4943,0.00824503,1,0.181818,10,0.108993,4,0.997445,0.998864
B1_02,B1,50,200.0,9,9,0,0,100.000000,0,0.000735,0.499398,37.6875,0.709387,0.571292,0.00795354,1,0.2,9,0.205811,4,0.997152,0.998801
B1_02,B1,51,204.0,8,8,0,0,100.000000,0,0.051515,0.712656,8.93399,0.726144,0.497813,0.0929029,1,1,8,0.171446,3,0.997912,0.999044
B1_02,B1,52,208.0,8,8,0,0,100.000000,0,0.020380,0.651122,9.71223,0.71806,0.469013,0.0355744,1,0.933333,8,0.112504,4,0.997612,0.998863
B1_02,B1,53,212.0,9,9,0,0,100.000000,0,0.004773,0.664684,7.72132,0.718251,0.567203,0.0228905,1,1,9,0.115546,3,0.998426,0.998803
B1_02,B1,54,216.0,9,9,0,0,100.000000,0,0.007363,0.491359,27.5906,0.619871,0.504937,0.012169,1,0.2,9,0.102197,4,0.997463,0.998773
B1_02,B1,55,220.0,10,10,0,0,100.000000,0,0.001103,0.507529,30.4979,0.619983,0.567629,0.00400606,1,0.181818,10,0.132058,4,0.997822,0.998686
B1_02,B1,56,224.0,9,9,0,0,100.000000,0,0.001644,0.697963,9.40891,0.716605,0.577726,0.0041536,1,1,9,0.17445,3,0.998233,0.998752
B1_02,B1,57,228.0,10,10,0,0,100.000000,0,0.002456,0.601546,8.07869,0.698766,0.509621,0.00647249,1,1,10,0.185218,4,0.998233,0.998906
B1_02,B1,58,232.0,10,10,0,0,100.000000,0,0.001227,0.67365,9.27613,0.732638,0.564042,0.00879127,1,1,10,0.192506,3,0.998397,0.998923
B1_02,B1,59,236.0,8,8,0,0,100.000000,0,0.016412,0.696903,8.98554,0.728807,0.515413,0.0142545,1,1,8,0.2195,3,0.996437,0.998711
B1_02,B1,60,240.0,9,9,0,0,100.000000,0,0.008848,0.668574,9.38655,0.72084,0.525114,0.0204961,1,1,9,0.224642,3,0.998323,0.9989
B1_02,B1,61,244.0,8,8,0,0,100.000000,0,0.030518,0.713351,12.3352,0.737973,0.536235,0.059162,1,1,8,0.155492,3,0.997395,0.998336
B1_02,B1,62,248.0,8,8,0,0,100.000000,0,0.049979,0.697329,6.74763,0.708886,0.537492,0.0595038,1,0.941176,8,0.11111,3,0.997646,0.998745
B1_02,B1,63,252.0,9,9,0,0,100.000000,0,0.045462,0.658795,9.07,0.719457,0.506872,0.0167491,1,1,9,0.187868,3,0.997735,0.998688
B1_02,B1,64,256.0,10,10,0,0,100.000000,0,0.001227,0.66318,8.90052,0.731374,0.541486,0.00535049,1,1,10,0.192862,3,0.998012,0.998788
B1_02,B1,65,260.0,9,9,0,0,100.000000,0,0.001644,0.703734,7.8004,0.713525,0.530723,0.00314596,1,0.947368,9,0.135558,3,0.998219,0.998936
B1_02,B1,66,264.0,10,10,0,0,100.000000,0,0.001202,0.480622,31.5198,0.640091,0.487819,0.00299622,1,0.181818,10,0.126587,4,0.997232,0.999023
B1_02,B1,67,268.0,9,9,0,0,100.000000,0,0.001062,0.519742,21.2717,0.661233,0.579102,0.0104031,1,0.2,9,0.15557,4,0.995663,0.99885
B1_02,B1,68,272.0,10,10,0,0,100.000000,0,0.002810,0.689827,7.28833,0.713666,0.537074,0.0054015,1,1,10,0.220908,3,0.998464,0.999204
B1_02,B1,69,276.0,9,9,0,0,100.000000,0,0.005267,0.652448,9.0441,0.713099,0.561269,0.0252325,1,1,9,0.172619,3,0.998084,0.998724
B1_02,B1,70,280.0,9,9,0,0,100.000000,0,0.001644,0.694969,8.85071,0.734595,0.54862,0.00698237,1,1,9,0.0882683,3,0.998313,0.999069
B1_02,B1,71,284.0,9,9,0,0,100.000000,0,0.038589,0.795593,7.3024,0.729578,0.524864,0.0143089,1,1,9,0.240614,4,0.997932,0.99884
B1_02,B1,72,288.0,9,9,0,0,100.000000,0,0.005201,0.873908,6.63976,0.731247,0.492684,0.00611028,1,1,9,0.219166,3,0.998067,0.999005
B1_02,B1,73,292.0,9,9,0,0,100.000000,0,0.002760,0.821586,6.93729,0.738502,0.493789,0.00783503,1,1,9,0.169276,3,0.997528,0.997944
B1_02,B1,74,296.0,9,9,0,0,100.000000,0,0.002507,0.762943,7.06548,0.716117,0.566685,0.00716992,1,1,9,0.208847,3,0.997689,0.998504
B1_02,B1,75,300.0,9,9,0,0,100.000000,0,0.005727,0.738573,7.07787,0.732642,0.540831,0.00450871,1,1,9,0.18303,3,0.997643,0.998708
B1_02,B1,76,304.0,10,10,0,0,100.000000,0,0.003894,0.706206,17.7178,0.769098,0.523533,0.00626959,1,0,10,0.174114,3,0.99458,0.998425
B1_02,B1,77,308.0,9,9,0,0,100.000000,0,0.003346,0.767084,6.4847,0.717333,0.489501,0.00454043,1,1,9,0.0914087,3,0.997852,0.998489
B1_02,B1,78,312.0,10,10,0,0,100.000000,0,0.003045,0.758879,7.52645,0.723261,0.502663,0.00816806,1,1,10,0.255287,4,0.995701,0.998826
B1_02,B1,79,316.0,9,9,0,0,100.000000,0,0.002615,0.85269,7.33215,0.738488,0.532923,0.00625473,1,0.941176,9,0.147065,3,0.99751,0.998649
B1_02,B1,80,320.0,10,9,1,1,90.000000,0,0.038273,0.864672,3.36391,0.7487,0.4771,0.0518177,1,0.842105,10,0.114194,3,0.990097,0.998167
B1_02,B1,81,324.0,9,9,0,0,100.000000,0,0.002488,0.781933,6.60335,0.717602,0.570759,0.00631444,1,0.941176,9,0.163448,4,0.997752,0.998356
B1_02,B1,82,328.0,10,10,0,0,100.000000,0,0.005174,0.81063,6.21739,0.717894,0.546658,0.00396782,1,1,10,0.18891,3,0.99818,0.998867
B1_02,B1,83,332.0,9,9,0,0,100.000000,0,0.002844,0.842931,5.94236,0.710631,0.53253,0.00666798,1,1,9,0.119192,4,0.998105,0.998572
B1_02,B1,84,336.0,10,10,0,0,100.000000,0,0.001692,0.833417,4.97403,0.721497,0.518984,0.00630915,1,1,10,0.121485,3,0.997109,0.99847
B1_02,B1,85,340.0,9,9,0,0,100.000000,0,0.002819,0.840794,7.4456,0.738401,0.573907,0.0081132,1,0.777778,9,0.157695,3,0.99721,0.998055
B1_02,B1,86,344.0,9,9,0,0,100.000000,0,0.001549,0.79153,8.40897,0.734851,0.587901,0.00648168,1,1,9,0.210673,3,0.997606,0.998403
B1_02,B1,87,348.0,10,10,0,0,100.000000,0,0.002328,0.813398,5.34333,0.732857,0.544258,0.00735803,1,0.9,10,0.129633,3,0.997038,0.998554
B1_02,B1,88,352.0,9,9,0,0,100.000000,0,0.037364,0.850233,5.99847,0.711085,0.577216,0.0106479,1,0.947368,9,0.179005,4,0.997802,0.998382
B1_02,B1,89,356.0,9,9,0,0,100.000000,0,0.104863,0.850749,6.79239,0.73165,0.577715,0.0715695,1,1,9,0.185953,3,0.997781,0.998894
B1_02,B1,90,360.0,9,9,0,0,100.000000,0,0.309433,0.739275,6.5554,0.735079,0.435777,0.0390738,1,1,9,0.184097,3,0.997315,0.998761
B1_02,B1,91,364.0,9,9,0,0,100.000000,0,0.006705,0.484218,36.3259,0.614183,0.529842,0.0189676,1,0.2,9,0.165772,4,0.995791,0.99827
B1_02,B1,92,368.0,10,10,0,0,100.000000,0,0.003131,0.8099,4.95701,0.715146,0.51131,0.0104031,1,0.947368,10,0.152016,4,0.99768,0.998932
B1_02,B1,93,372.0,10,10,0,0,100.000000,0,0.001203,0.745943,6.19506,0.698467,0.534518,0.00494705,1,1,10,0.226337,4,0.996006,0.998148
B1_02,B1,94,376.0,9,9,0,0,100.000000,0,0.001950,0.834896,5.40722,0.756817,0.545484,0.0096914,1,0.823529,9,0.0504287,3,0.996868,0.99821
B1_02,B1,95,380.0,9,9,0,0,100.000000,0,0.009148,0.528809,35.8716,0.710443,0.546673,0.0343426,1,0.181818,10,0.160612,4,0.995796,0.998539
B1_02,B1,96,384.0,9,9,0,0,100.000000,0,0.013752,0.787447,7.51982,0.722328,0.564719,0.01556,1,1,8,0.146783,4,0.997817,0.998468
B1_02,B1,97,388.0,9,9,0,0,100.000000,0,0.071058,0.779675,5.17724,0.721584,0.545686,0.0193728,1,1,9,0.196294,4,0.998122,0.998843
B1_02,B1,98,392.0,9,9,0,0,100.000000,0,0.003111,0.850088,4.6584,0.716872,0.518779,0.00566214,1,1,9,0.115196,4,0.998024,0.998922
B1_02,B1,99,396.0,10,10,0,0,100.000000,0,0.002658,0.829965,4.65119,0.704929,0.488048,0.00979263,1,0.9,10,0.0938548,4,0.997042,0.998831
B1_02,B1,100,400.0,10,10,0,0,100.000000,0,0.004161,0.82653,5.06589,0.732493,0.566991,0.0084214,1,0.9,10,0.209117,3,0.997673,0.998471
B1_02,B1,101,404.0,9,9,0,0,100.000000,0,0.062707,0.849639,4.56011,0.698639,0.445176,0.0110837,1,0.888889,9,0.132557,4,0.997439,0.998547
B1_02,B1,102,408.0,9,9,0,0,100.000000,0,0.014434,0.836987,5.15984,0.729274,0.508667,0.0126269,1,0.888889,9,0.0748595,4,0.996992,0.998494
B1_02,B1,103,412.0,9,9,0,0,100.000000,0,0.014475,0.846417,5.42202,0.721635,0.503128,0.00925926,1,1,9,0.201153,3,0.996671,0.998684
B1_02,B1,104,416.0,9,9,0,0,100.000000,0,0.003784,0.832103,7.54498,0.723043,0.521869,0.00781717,1,0.888889,9,0.142497,3,0.997881,0.998441
B1_02,B1,105,420.0,9,9,0,0,100.000000,0,0.017609,0.77582,6.95559,0.730207,0.57926,0.0134323,1,0.941176,9,0.122253,4,0.996002,0.998454
B1_02,B1,106,424.0,10,10,0,0,100.000000,0,0.002986,0.73785,5.41085,0.693845,0.561885,0.00746681,1,0.8,10,0.14456,4,0.99757,0.998623
B1_02,B1,107,428.0,9,9,0,0,100.000000,0,0.070332,0.745992,6.36637,0.71506,0.519947,0.0460155,1,1,9,0.138085,4,0.99746,0.998697
B1_02,B1,108,432.0,8,8,0,0,100.000000,0,0.008211,0.810653,6.97812,0.72596,0.56922,0.0152633,1,1,8,0.222869,4,0.997217,0.998845
B1_02,B1,109,436.0,9,9,0,0,100.000000,0,0.059995,0.77389,5.59686,0.709171,0.540624,0.0278795,1,1,9,0.17755,4,0.997321,0.998442
B1_02,B1,110,440.0,9,9,0,0,100.000000,0,0.003707,0.831965,5.5776,0.740696,0.569746,0.00919949,1,1,9,0.153854,3,0.997747,0.998575
B1_02,B1,111,444.0,10,10,0,0,100.000000,0,0.027142,0.790768,7.02926,0.72898,0.528956,0.0189873,1,1,10,0.135394,3,0.997359,0.998395
B1_02,B1,112,448.0,9,9,0,0,100.000000,0,0.001300,0.779837,7.64097,0.727799,0.532061,0.00465116,1,1,9,0.219569,3,0.997641,0.998697
B1_02,B1,113,452.0,9,9,0,0,100.000000,0,0.003346,0.757336,7.07644,0.719026,0.522838,0.0101135,1,1,9,0.175644,3,0.997699,0.998792
B1_02,B1,114,456.0,10,10,0,0,100.000000,0,0.013049,0.799822,6.55478,0.717278,0.509066,0.0304321,1,0.947368,10,0.13534,4,0.996669,0.998648
B1_02,B1,115,460.0,8,8,0,0,100.000000,0,0.020204,0.856543,6.47675,0.71442,0.530932,0.0136877,1,0.875,8,0.111346,3,0.998177,0.998822
B1_02,B1,116,464.0,9,9,0,0,100.000000,0,0.041489,0.781262,7.07458,0.724772,0.522446,0.0239341,1,1,9,0.227056,4,0.997544,0.998624
B1_02,B1,117,468.0,9,9,0,0,100.000000,0,0.002104,0.803156,7.50522,0.717118,0.567156,0.00979528,1,1,9,0.178788,4,0.997626,0.998064
B1_02,B1,118,472.0,9,9,0,0,100.000000,0,0.018201,0.756556,7.25512,0.726257,0.508986,0.00870333,1,1,9,0.18974,3,0.99792,0.998722
B1_02,B1,119,476.0,9,9,0,0,100.000000,0,0.003111,0.833413,6.41763,0.724126,0.491315,0.00776727,1,1,9,0.170353,3,0.998167,0.998421
B1_02,B1,120,480.0,10,10,0,0,100.000000,0,0.002690,0.881709,6.90599,0.7369,0.548558,0.00471247,1,1,10,0.154111,3,0.99737,0.998304
B1_02,B1,121,484.0,9,9,0,0,100.000000,0,0.003058,0.761626,6.87487,0.719507,0.546686,0.00902793,1,1,9,0.161362,4,0.997798,0.998628
B1_02,B1,122,488.0,9,9,0,0,100.000000,0,0.066893,0.737954,7.97029,0.699562,0.479359,0.00652727,1,0.947368,9,0.186129,4,0.998004,0.998666
B1_02,B1,123,492.0,10,10,0,0,100.000000,0,0.001335,0.853366,5.79447,0.723284,0.554374,0.00539008,1,1,10,0.118375,4,0.997272,0.998237
B1_02,B1,124,496.0,9,9,0,0,100.000000,0,0.002844,0.819337,5.97086,0.702666,0.565539,0.00315346,1,1,9,0.139032,3,0.997844,0.998589
B1_02,B1,125,500.0,10,10,0,0,100.000000,0,0.002547,0.813549,6.05965,0.724081,0.517656,0.00544186,1,0.9,10,0.142454,3,0.998106,0.998637
B1_02,B1,126,504.0,10,10,0,0,100.000000,0,0.003105,0.796263,6.21983,0.714268,0.524734,0.00782585,1,0.9,10,0.114025,4,0.997112,0.998464
B1_02,B1,127,508.0,9,9,0,0,100.000000,0,0.001813,0.918771,6.35623,0.731652,0.557544,0.00670243,1,0.941176,9,0.135298,4,0.997588,0.998137
B1_02,B1,128,512.0,9,9,0,0,100.000000,0,0.003111,0.853462,5.67102,0.711605,0.518163,0.00403741,1,0.947368,9,0.124956,4,0.997787,0.998711
B1_02,B1,129,516.0,10,10,0,0,100.000000,0,0.001152,0.482238,43.2618,0.633475,0.569104,0.00689527,1,0.181818,10,0.0804782,4,0.996693,0.998348
B1_02,B1,130,520.0,9,9,0,0,100.000000,0,0.001157,0.556684,26.1557,0.626514,0.517244,0.00654729,1,0,9,0.138202,4,0.997637,0.998368
B1_02,B1,131,524.0,9,9,0,0,100.000000,0,0.017436,0.778344,8.01862,0.714666,0.49567,0.00654729,1,0.875,9,0.216821,3,0.996942,0.998516
B1_02,B1,132,528.0,10,10,0,0,100.000000,0,0.204596,0.782181,6.91304,0.700339,0.557003,0.0386615,1,0.947368,10,0.198245,4,0.997476,0.998282
B1_02,B1,133,532.0,8,8,0,0,100.000000,0,0.020911,0.798342,9.6398,0.734093,0.549981,0.0133797,1,0.933333,8,0.161769,3,0.994379,0.99861
B1_02,B1,134,536.0,8,8,0,0,100.000000,0,0.417240,0.76972,5.37871,0.725601,0.371206,0.0294907,1,1,8,0.191181,4,0.997531,0.998558
B1_02,B1,135,540.0,10,10,0,0,100.000000,0,0.003039,0.769791,5.68609,0.72644,0.558703,0.010366,1,1,10,0.100662,4,0.997583,0.99893
B1_02,B1,136,544.0,9,9,0,0,100.000000,0,0.001004,0.873025,6.90027,0.745404,0.585524,0.00985515,1,1,9,0.14065,3,0.99708,0.998639
B1_02,B1,137,548.0,9,9,0,0,100.000000,0,0.002853,0.781257,6.03012,0.713235,0.534803,0.00728705,1,0.888889,9,0.127566,4,0.99768,0.998497
B1_02,B1,138,552.0,10,10,0,0,100.000000,0,0.002961,0.743124,4.58974,0.719062,0.537654,0.00927829,1,0.736842,10,0.171749,4,0.997627,0.998291
B1_02,B1,139,556.0,9,9,0,0,100.000000,0,0.020737,0.834343,6.27244,0.728473,0.506121,0.0196688,1,0.888889,9,0.158454,4,0.995716,0.998662
B1_02,B1,140,560.0,9,9,0,0,100.000000,0,0.001831,0.797032,6.56499,0.717219,0.508287,0.00898604,1,1,9,0.105991,3,0.997308,0.998408
B1_02,B1,141,564.0,9,9,0,0,100.000000,0,0.003058,0.777054,7.25678,0.7248,0.536287,0.00459429,1,1,9,0.141287,3,0.997972,0.998525
B1_02,B1,142,568.0,10,10,0,0,100.000000,0,0.003751,0.744539,6.60181,0.709898,0.515327,0.00530044,1,0.947368,10,0.168615,3,0.997896,0.998867
B1_02,B1,143,572.0,9,9,0,0,100.000000,0,0.003073,0.756652,6.1226,0.714724,0.494558,0.00449824,1,1,9,0.149248,3,0.998079,0.998669
B1_02,B1,144,576.0,10,10,0,0,100.000000,0,0.001304,0.657316,6.3218,0.769463,0.536314,0.00765466,1,0.588235,10,0.0570097,3,0.996643,0.998528
B1_02,B1,145,580.0,9,9,0,0,100.000000,0,0.002477,0.907235,7.09217,0.735619,0.583258,0.0057573,1,0.941176,9,0.100426,3,0.995577,0.998489
B1_02,B1,146,584.0,9,9,0,0,100.000000,0,0.100930,0.754637,7.21461,0.711017,0.504074,0.0382226,1,0.941176,9,0.172515,3,0.997914,0.998771
B1_02,B1,147,588.0,9,9,0,0,100.000000,0,0.006366,0.520436,35.6917,0.726375,0.494216,0.0188709,1,0.2,9,0.157012,4,0.995835,0.99886
B1_02,B1,148,592.0,9,9,0,0,100.000000,0,0.068465,0.750556,6.7088,0.689407,0.414889,0.0278644,1,0.571429,9,0.0677514,4,0.99603,0.998428
B1_02,B1,149,596.0,9,9,0,0,100.000000,0,0.007092,0.806283,7.8864,0.745453,0.565655,0.0132115,1,1,9,0.155491,4,0.996999,0.998705
B1_02,B1,150,600.0,10,10,0,0,100.000000,0,0.001547,0.853126,6.42992,0.706767,0.54592,0.00450386,1,1,10,0.139669,3,0.997188,0.998396
B1_02,B1,151,604.0,9,9,0,0,100.000000,0,0.001138,0.448281,44.8675,0.622075,0.544693,0.00867392,1,0.2,9,0.123639,4,0.997146,0.998376
B1_02,B1,152,608.0,9,9,0,0,100.000000,0,0.002330,0.795094,6.00055,0.705838,0.535193,0.00651711,1,1,9,0.22579,4,0.997961,0.998497
B1_02,B1,153,612.0,10,10,0,0,100.000000,0,0.003378,0.762997,4.7577,0.725229,0.492594,0.00982074,1,0.666667,10,0.1465,3,0.996064,0.998606
B1_02,B1,154,616.0,9,9,0,0,100.000000,0,0.002567,0.813205,6.72374,0.741201,0.567828,0.00667082,1,1,9,0.139446,3,0.997262,0.998805
B1_02,B1,155,620.0,9,9,0,0,100.000000,0,0.003097,0.839397,6.52418,0.713926,0.568895,0.00458341,1,1,9,0.0816501,4,0.99748,0.998484
B1_02,B1,156,624.0,10,10,0,0,100.000000,0,0.018542,0.837554,6.64103,0.722979,0.512101,0.00446124,1,1,10,0.181938,3,0.997705,0.998994
B1_02,B1,157,628.0,9,9,0,0,100.000000,0,0.002809,0.788007,5.48922,0.703651,0.553318,0.00458341,1,1,9,0.170438,4,0.997872,0.998496
B1_02,B1,158,632.0,10,10,0,0,100.000000,0,0.001547,0.856999,5.76504,0.722792,0.584567,0.00599878,1,1,10,0.1491,4,0.997231,0.998733
B1_02,B1,159,636.0,9,9,0,0,100.000000,0,0.002844,0.803827,6.16862,0.727518,0.586882,0.00473934,1,0.947368,9,0.126015,4,0.997736,0.998583
B1_02,B1,160,640.0,10,10,0,0,100.000000,0,0.023697,0.695769,5.97996,0.69521,0.4425,0.00447536,1,0.533333,10,0.234355,4,0.997703,0.998524
B1_02,B1,161,644.0,9,9,0,0,100.000000,0,0.001525,0.676079,19.8866,0.774439,0.582823,0.00462722,1,0.181818,9,0.0635304,3,0.988666,0.99858
B1_02,B1,162,648.0,10,10,0,0,100.000000,0,0.000804,0.59934,27.6167,0.633657,0.363531,0.00954565,1,0.181818,10,0.0917719,4,0.996941,0.998799
B1_02,B1,163,652.0,10,10,0,0,100.000000,0,0.005204,0.847282,4.87184,0.717049,0.459056,0.00456198,1,1,10,0.13339,4,0.996184,0.998511
B1_02,B1,164,656.0,9,9,0,0,100.000000,0,0.002544,0.661499,21.2995,0.635435,0.443749,0.00483092,1,0.2,9,0.109117,4,0.995059,0.998505
B1_02,B1,165,660.0,10,10,0,0,100.000000,0,0.043987,0.933997,3.78557,0.736343,0.449479,0.0310559,1,0.736842,10,0.0751949,3,0.996525,0.998484
B1_02,B1,166,664.0,8,8,0,0,100.000000,0,0.019675,0.942718,4.71362,0.741108,0.487327,0.0159151,1,0.941176,8,0.157937,3,0.997368,0.998659
B1_02,B1,167,668.0,9,9,0,0,100.000000,0,0.018562,0.797692,5.98323,0.729242,0.558138,0.0245615,1,1,9,0.23357,4,0.997474,0.998542
B1_02,B1,168,672.0,9,9,0,0,100.000000,0,0.010978,0.832449,5.80925,0.714413,0.469508,0.00619614,1,0.941176,9,0.128149,4,0.997591,0.998731
B1_02,B1,169,676.0,10,10,0,0,100.000000,0,0.040887,0.781027,5.71419,0.722674,0.472584,0.0143574,1,0.842105,10,0.071348,3,0.997942,0.998895
B1_02,B1,170,680.0,8,8,0,0,100.000000,0,0.023384,0.776605,6.09304,0.718163,0.5482,0.0131352,1,0.625,8,0.0958102,4,0.9978,0.998487
B1_02,B1,171,684.0,9,9,0,0,100.000000,0,0.011987,0.679376,5.59301,0.715075,0.523467,0.0149477,1,0.777778,9,0.238745,4,0.997615,0.998683
B1_02,B1,172,688.0,10,10,0,0,100.000000,0,0.002908,0.847156,6.14261,0.722001,0.560603,0.0103877,1,0.777778,10,0.138416,3,0.997721,0.998619
B1_02,B1,173,692.0,9,9,0,0,100.000000,0,0.009015,0.734129,6.77054,0.705234,0.562142,0.00758809,1,1,9,0.205292,4,0.997817,0.9985
B1_02,B1,174,696.0,10,10,0,0,100.000000,0,0.009171,0.797247,6.37208,0.717936,0.468068,0.0072179,1,0.947368,10,0.151669,4,0.997492,0.998267
B1_02,B1,175,700.0,10,10,0,0,100.000000,0,0.020392,0.680567,19.5495,0.716578,0.458493,0.0055065,1,0.181818,10,0.186852,4,0.996752,0.998297
B1_02,B1,176,704.0,10,10,0,0,100.000000,0,0.001980,0.88567,4.20282,0.692304,0.51548,0.00647249,1,1,10,0.168281,4,0.997474,0.998275
B1_02,B1,177,708.0,9,9,0,0,100.000000,0,0.003364,0.782922,5.23597,0.683646,0.51889,0.00312367,1,1,9,0.174647,4,0.997637,0.998784
B1_02,B1,178,712.0,10,10,0,0,100.000000,0,0.018542,0.83155,6.90383,0.738505,0.515356,0.00696039,1,1,10,0.184669,3,0.997728,0.998575
B1_02,B1,179,716.0,9,9,0,0,100.000000,0,0.002853,0.750827,4.96486,0.711382,0.544555,0.00628444,1,0.888889,9,0.109173,4,0.997924,0.998601
B1_02,B1,180,720.0,9,9,0,0,100.000000,0,0.009826,0.83628,8.22819,0.735468,0.539566,0.0142389,1,1,9,0.165284,3,0.997579,0.99855
B1_02,B1,181,724.0,9,9,0,0,100.000000,0,0.004778,0.759669,5.46407,0.695562,0.523003,0.00752069,1,1,9,0.245831,4,0.997914,0.998423
B1_02,B1,182,728.0,10,10,0,0,100.000000,0,0.014457,0.768786,7.3363,0.73009,0.546642,0.0105613,1,0.947368,10,0.218033,3,0.997857,0.998708
B1_02,B1,183,732.0,9,9,0,0,100.000000,0,0.003073,0.772464,5.60538,0.709582,0.521712,0.0100431,1,1,9,0.159747,4,0.997966,0.998624
B1_02,B1,184,736.0,10,10,0,0,100.000000,0,0.013478,0.731445,6.51915,0.708033,0.512597,0.00931996,1,1,10,0.179598,3,0.997724,0.998728
B1_02,B1,185,740.0,10,10,0,0,100.000000,0,0.001030,0.551201,16.9719,0.62351,0.526585,0.00460656,1,0.181818,10,0.112489,4,0.997388,0.998984
B1_02,B1,186,744.0,9,9,0,0,100.000000,0,0.001187,0.467149,41.2571,0.598447,0.561814,0.00795354,1,0.2,9,0.088316,4,0.995225,0.99833
B1_02,B1,187,748.0,10,10,0,0,100.000000,0,0.001684,0.831936,7.17291,0.734527,0.572228,0.0054015,1,0.947368,10,0.166062,3,0.996431,0.998625
B1_02,B1,188,752.0,9,9,0,0,100.000000,0,0.003761,0.792709,6.95335,0.737084,0.496006,0.00469484,1,1,9,0.152875,3,0.99795,0.998507
B1_02,B1,189,756.0,10,10,0,0,100.000000,0,0.002779,0.73587,7.82182,0.722549,0.539374,0.00903651,1,1,10,0.18856,3,0.997454,0.998255
B1_02,B1,190,760.0,9,9,0,0,100.000000,0,0.000686,0.537413,38.4373,0.701398,0.557007,0.00483092,1,0.2,9,0.219482,4,0.996212,0.998086
B1_02,B1,191,764.0,10,10,0,0,100.000000,0,0.011687,0.826818,6.16929,0.719695,0.515082,0.0150448,1,1,10,0.173076,4,0.995784,0.998676
B1_02,B1,192,768.0,9,9,0,0,100.000000,0,0.002159,0.574992,35.869,0.673349,0.494842,0.00407541,1,0.2,9,0.209823,4,0.996957,0.998621
B1_02,B1,193,772.0,10,10,0,0,100.000000,0,0.014288,0.558263,35.9461,0.70745,0.478739,0.0108934,1,0.181818,10,0.172609,4,0.996811,0.998239
B1_02,B1,194,776.0,9,9,0,0,100.000000,0,0.012126,0.742096,4.45653,0.688676,0.456316,0.00884956,1,1,9,0.138849,4,0.997519,0.998378
B1_02,B1,195,780.0,9,9,0,0,100.000000,0,0.051793,0.72224,4.80134,0.697953,0.447041,0.0126405,1,0.888889,9,0.0601592,4,0.997916,0.998593
B1_02,B1,196,784.0,10,10,0,0,100.000000,0,0.001446,0.497583,37.1433,0.617327,0.539828,0.0101681,1,0.181818,10,0.180418,4,0.997336,0.998793
B1_02,B1,197,788.0,9,9,0,0,100.000000,0,0.002164,0.779113,7.02011,0.704671,0.569814,0.007497,1,1,9,0.179801,4,0.99716,0.998235
B1_02,B1,198,792.0,10,10,0,0,100.000000,0,0.001797,0.772265,5.26228,0.709161,0.513733,0.00900773,1,1,10,0.168571,4,0.997122,0.99864
B1_02,B1,199,796.0,9,9,0,0,100.000000,0,0.001328,0.542073,37.2544,0.628455,0.514585,0.00758809,1,0.2,9,0.169534,4,0.995042,0.998286
B1_02,B1,200,800.0,10,10,0,0,100.000000,0,0.002796,0.760264,5.80449,0.702975,0.499685,0.00931996,1,1,10,0.253371,4,0.995832,0.998853
B1_02,B1,201,804.0,10,10,0,0,100.000000,0,0.001702,0.719897,6.15264,0.711198,0.560502,0.00453274,1,1,10,0.146295,4,0.995601,0.998616
B1_02,B1,202,808.0,9,9,0,0,100.000000,0,0.006261,0.574117,30.7505,0.63747,0.550084,0.0168034,1,0.2,9,0.109922,4,0.994524,0.998045
B1_02,B1,203,812.0,10,10,0,0,100.000000,0,0.024578,0.775256,4.55938,0.711927,0.499575,0.00781139,1,1,10,0.203876,4,0.997664,0.998592
B1_02,B1,204,816.0,9,9,0,0,100.000000,0,0.004274,0.74083,5.84389,0.697846,0.493747,0.00634473,1,1,9,0.267782,4,0.997565,0.998108
B1_02,B1,205,820.0,10,10,0,0,100.000000,0,0.008147,0.830728,5.28812,0.708869,0.54381,0.00716334,1,1,10,0.202617,4,0.997818,0.998547
B1_02,B1,206,824.0,9,9,0,0,100.000000,0,0.002570,0.787328,5.00056,0.69271,0.53098,0.00819075,1,0.705882,9,0.088685,4,0.997734,0.998173
B1_02,B1,207,828.0,10,10,0,0,100.000000,0,0.003116,0.800843,6.7276,0.717802,0.55102,0.00649569,1,0.947368,10,0.15894,3,0.997778,0.998503
B1_02,B1,208,832.0,10,10,0,0,100.000000,0,0.003771,0.735805,5.23511,0.682964,0.523643,0.00963822,1,1,10,0.127519,4,0.997587,0.998479
B1_02,B1,209,836.0,9,9,0,0,100.000000,0,0.012910,0.785423,6.93381,0.712335,0.526274,0.00472892,1,0.941176,9,0.205662,3,0.997279,0.998265
B1_02,B1,210,840.0,10,10,0,0,100.000000,0,0.002675,0.806261,5.44557,0.720525,0.52907,0.00611552,1,0.9,10,0.176726,4,0.997549,0.998463
B1_02,B1,211,844.0,10,10,0,0,100.000000,0,0.003095,0.747721,4.78884,0.698025,0.351349,0.00460656,1,0.705882,10,0.143902,4,0.994676,0.998469
B1_02,B1,212,848.0,10,10,0,0,100.000000,0,0.002244,0.877275,4.99202,0.705066,0.495912,0.0085867,1,1,10,0.235921,4,0.996883,0.998193
B1_02,B1,213,852.0,10,10,0,0,100.000000,0,0.002452,0.781701,5.63798,0.718314,0.533937,0.00674444,1,0.9,10,0.169535,4,0.997197,0.998209
B1_02,B1,214,856.0,10,10,0,0,100.000000,0,0.002162,0.789843,4.04542,0.689162,0.483894,0.0073621,1,0.842105,10,0.134264,4,0.996394,0.998295
B1_02,B1,215,860.0,10,10,0,0,100.000000,0,0.023348,0.833949,4.34686,0.712949,0.408366,0.00476166,1,0.8,10,0.298161,4,0.996445,0.997724
B1_02,B1,216,864.0,10,10,0,0,100.000000,0,0.014638,0.820489,6.03142,0.707374,0.524253,0.00477775,1,0.9,10,0.235412,4,0.997252,0.998432
B1_02,B1,217,868.0,10,10,0,0,100.000000,0,0.012520,0.795125,5.57135,0.713732,0.553732,0.0119803,1,1,10,0.211828,4,0.997614,0.998358
B1_02,B1,218,872.0,9,9,0,0,100.000000,0,0.133029,0.806093,7.25663,0.706855,0.546837,0.0165694,1,0.823529,9,0.195633,4,0.997245,0.998579
B1_02,B1,219,876.0,10,10,0,0,100.000000,0,0.158672,0.744655,5.11015,0.701988,0.553218,0.0155419,1,0.9,10,0.202631,4,0.996544,0.998406
B1_02,B1,220,880.0,9,9,0,0,100.000000,0,0.003160,0.804173,5.62975,0.711904,0.522883,0.0047174,1,0.888889,9,0.165706,4,0.997165,0.998519
B1_02,B1,221,884.0,10,10,0,0,100.000000,0,0.017587,0.804924,6.77873,0.740436,0.548611,0.0104868,1,1,10,0.148558,3,0.997294,0.998684
B1_02,B1,222,888.0,9,9,0,0,100.000000,0,0.015223,0.81598,7.30377,0.745346,0.522819,0.0114459,1,1,9,0.170979,3,0.997607,0.998795
B1_02,B1,223,892.0,10,10,0,0,100.000000,0,0.033147,0.75165,7.19287,0.710204,0.555424,0.0234539,1,1,10,0.18874,4,0.997234,0.998636
B1_02,B1,224,896.0,8,8,0,0,100.000000,0,0.012132,0.861385,8.05596,0.706615,0.512973,0.0107419,1,1,8,0.176077,4,0.997596,0.998421
B1_02,B1,225,900.0,9,9,0,0,100.000000,0,0.165697,0.777163,6.40631,0.715954,0.527248,0.0284074,1,0.888889,9,0.198305,4,0.997458,0.998521
B1_02,B1,226,904.0,10,10,0,0,100.000000,0,0.002342,0.803423,4.61521,0.754289,0.490051,0.00933007,1,1,10,0.175147,3,0.997365,0.998551
B1_02,B1,227,908.0,10,10,0,0,100.000000,0,0.136530,0.773713,6.01995,0.713822,0.472016,0.00803111,1,0.9,10,0.177909,3,0.997624,0.998525
B1_02,B1,228,912.0,9,9,0,0,100.000000,0,0.001183,0.819484,7.49324,0.701286,0.545482,0.0047174,1,1,9,0.205755,3,0.996973,0.998076
B1_02,B1,229,916.0,10,10,0,0,100.000000,0,0.026373,0.781375,4.9419,0.727563,0.440602,0.00454731,1,1,10,0.113716,3,0.997689,0.998585
B1_02,B1,230,920.0,10,10,0,0,100.000000,0,0.006578,0.731353,6.02476,0.705808,0.524875,0.0103006,1,1,10,0.240626,4,0.998062,0.998765
B1_02,B1,231,924.0,9,9,0,0,100.000000,0,0.002285,0.78536,5.91738,0.691313,0.555043,0.0057573,1,0.941176,9,0.107606,4,0.995804,0.998449
B1_02,B1,232,928.0,10,10,0,0,100.000000,0,0.003166,0.804793,6.71243,0.706382,0.562016,0.00647249,1,0.736842,10,0.151716,4,0.997635,0.998723
B1_02,B1,233,932.0,10,10,0,0,100.000000,0,0.007998,0.482799,36.7819,0.712558,0.517181,0.00614875,1,0.181818,10,0.205597,4,0.996828,0.998298
B1_02,B1,234,936.0,10,10,0,0,100.000000,0,0.005285,0.723846,7.02422,0.699571,0.534034,0.00457674,1,1,10,0.197907,4,0.997312,0.99847
B1_02,B1,235,940.0,9,9,0,0,100.000000,0,0.001138,0.510796,40.7434,0.62851,0.542415,0.00419383,1,0.2,9,0.107811,4,0.996496,0.998595
B1_02,B1,236,944.0,10,10,0,0,100.000000,0,0.001380,0.807904,7.44091,0.723647,0.533382,0.00549463,1,0.947368,10,0.217475,3,0.996777,0.99862
B1_02,B1,237,948.0,10,10,0,0,100.000000,0,0.003367,0.894939,5.97246,0.725755,0.540881,0.00975384,1,1,10,0.198102,4,0.997176,0.998264
B1_02,B1,238,952.0,10,10,0,0,100.000000,0,0.001080,0.906509,5.78695,0.73524,0.553275,0.0062095,1,1,10,0.228434,3,0.995071,0.997837
B1_02,B1,239,956.0,9,9,0,0,100.000000,0,0.026175,0.772492,6.35254,0.71377,0.514931,0.00643735,1,1,9,0.203778,4,0.997948,0.998775
B1_02,B1,240,960.0,10,10,0,0,100.000000,0,0.003309,0.760461,7.05992,0.716209,0.537191,0.00456198,1,1,10,0.15634,4,0.997986,0.998621
B1_02,B1,241,964.0,10,10,0,0,100.000000,0,0.003325,0.759295,6.27466,0.705359,0.521888,0.00485047,1,1,10,0.174022,4,0.997986,0.998836
B1_02,B1,242,968.0,10,10,0,0,100.000000,0,0.014012,0.722592,7.64272,0.70208,0.577116,0.0101681,1,0.888889,10,0.191887,4,0.996654,0.998489
B1_02,B1,243,972.0,9,9,0,0,100.000000,0,0.004950,0.738287,5.79215,0.707663,0.520158,0.00666798,1,1,9,0.224127,4,0.997771,0.998577
B1_02,B1,244,976.0,10,10,0,0,100.000000,0,0.067785,0.790129,6.36656,0.715109,0.50762,0.00649351,1,0.9,10,0.200178,3,0.997909,0.999004
B1_02,B1,245,980.0,9,9,0,0,100.000000,0,0.018246,0.805699,5.41447,0.716914,0.479352,0.00776727,1,1,9,0.171274,4,0.997894,0.998296
B1_02,B1,246,984.0,10,10,0,0,100.000000,0,0.007224,0.487584,34.3291,0.699328,0.503876,0.00648886,1,0.181818,10,0.188887,4,0.996881,0.998881
B1_02,B1,247,988.0,9,9,0,0,100.000000,0,0.006497,0.715375,7.92808,0.710189,0.506575,0.0046383,1,1,9,0.178781,3,0.998014,0.998988
B1_02,B1,248,992.0,10,10,0,0,100.000000,0,0.000555,0.642725,7.97233,0.717561,0.536335,0.00795289,1,0.947368,10,0.213945,3,0.997941,0.998883
B1_02,B1,249,996.0,10,10,0,0,100.000000,0,0.003517,0.686914,8.41175,0.700999,0.47574,0.00800487,1,1,10,0.240527,3,0.997373,0.998593
B1_02,B1,250,1000.0,10,10,0,0,100.000000,0,0.003219,0.720082,7.84483,0.727309,0.539871,0.0072179,1,1,10,0.1957,3,0.997934,0.998838
B1_02,B1,251,1004.0,9,9,0,0,100.000000,0,0.001347,0.730544,7.62855,0.712039,0.539717,0.00421424,1,1,9,0.277007,3,0.998388,0.998632
B1_02,B1,252,1008.0,10,10,0,0,100.000000,0,0.141959,0.482261,32.9726,0.67583,0.464695,0.0122677,1,0.181818,10,0.187469,4,0.995775,0.998022
B1_02,B1,253,1012.0,10,10,0,0,100.000000,0,0.000555,0.678212,8.74391,0.727184,0.601126,0.00675182,1,1,10,0.211997,3,0.997837,0.998733
B1_02,B1,254,1016.0,10,10,0,0,100.000000,0,0.001227,0.632957,9.77778,0.712291,0.541846,0.0054535,1,0.947368,10,0.195314,3,0.998054,0.998679
B1_02,B1,255,1020.0,9,9,0,0,100.000000,0,0.126089,0.697972,8.42692,0.716506,0.433708,0.00483092,1,1,9,0.186822,3,0.998236,0.998737
B1_02,B1,256,1024.0,10,10,0,0,100.000000,0,0.013558,0.688363,7.22551,0.70376,0.442453,0.00489829,1,1,10,0.210376,4,0.997927,0.998799
B1_02,B1,257,1028.0,10,10,0,0,100.000000,0,0.000780,0.477825,32.5275,0.677901,0.549696,0.00494159,1,0,10,0.235284,4,0.997855,0.998583
B1_02,B1,258,1032.0,10,10,0,0,100.000000,0,0.001458,0.697865,7.99544,0.702885,0.52536,0.00414818,1,1,10,0.226108,3,0.998003,0.998427
B1_02,B1,259,1036.0,10,10,0,0,100.000000,0,0.001227,0.664332,8.07101,0.720784,0.548882,0.0103342,1,1,10,0.195808,4,0.997826,0.998885
B1_02,B1,260,1040.0,9,9,0,0,100.000000,0,0.010269,0.693292,9.01324,0.720999,0.571236,0.0123424,1,1,9,0.167737,3,0.996315,0.998744
B1_02,B1,261,1044.0,10,10,0,0,100.000000,0,0.001278,0.651904,7.24739,0.699177,0.592096,0.00961179,1,0.947368,10,0.193542,4,0.994685,0.998622
B1_02,B1,262,1048.0,9,9,0,0,100.000000,0,0.001646,0.487666,20.1269,0.622507,0.455348,0.0091129,1,0.181818,9,0.107961,4,0.996003,0.998678
B1_02,B1,263,1052.0,10,10,0,0,100.000000,0,0.031788,0.732802,6.96681,0.720588,0.494555,0.0104031,1,1,10,0.200508,3,0.997886,0.998877
B1_02,B1,264,1056.0,10,10,0,0,100.000000,0,0.002288,0.631071,5.49197,0.693532,0.533684,0.00499122,1,1,10,0.196897,4,0.997394,0.998457
B1_02,B1,265,1060.0,10,10,0,0,100.000000,0,0.002869,0.685937,5.83895,0.69391,0.55357,0.00623688,1,1,10,0.204134,4,0.998171,0.99878
B1_02,B1,266,1064.0,10,10,0,0,100.000000,0,0.000555,0.644721,8.02771,0.701574,0.561769,0.00489829,1,0.947368,10,0.205864,4,0.99765,0.998592
B1_02,B1,267,1068.0,9,9,0,0,100.000000,0,0.001187,0.492866,38.0788,0.618455,0.572996,0.00909963,1,0.2,9,0.0845828,4,0.99614,0.998627
B1_02,B1,268,1072.0,10,9,1,1,90.000000,0,0.134754,0.636778,7.22482,0.72006,0.594963,0.0493668,1,0.307692,10,0.116361,3,0.979109,0.998956
B1_02,B1,269,1076.0,9,9,0,0,100.000000,0,0.002101,0.595096,18.3075,0.67118,0.527037,0.0124682,1,0,9,0.0450375,4,0.990103,0.998293
B1_02,B1,270,1080.0,10,6,4,4,60.000000,1,0.520227,1.07516,6.19321,0.752365,0.571306,0.0851122,1,0.166667,10,0.0507292,3,0.978121,0.994014
B1_02,B1,271,1084.0,9,9,0,0,100.000000,0,0.005899,0.689586,12.4488,0.691393,0.41885,0.00835037,1,0.2,9,0.0664443,4,0.996933,0.998407
B1_02,B1,272,1088.0,10,10,0,0,100.000000,0,0.002959,0.742946,6.84226,0.71921,0.564166,0.00494159,1,1,10,0.174509,4,0.997345,0.998142
B1_02,B1,273,1092.0,10,10,0,0,100.000000,0,0.007171,0.778237,7.48832,0.710797,0.537372,0.0125152,1,1,10,0.221598,3,0.994229,0.998151
B1_02,B1,274,1096.0,10,10,0,0,100.000000,0,0.003429,0.696502,6.81066,0.717525,0.54729,0.00728929,1,1,10,0.121451,3,0.997609,0.998792
B1_02,B1,275,1100.0,10,10,0,0,100.000000,0,0.013478,0.73,6.80701,0.720472,0.482904,0.00462161,1,1,10,0.179079,4,0.998053,0.998659
B1_02,B1,276,1104.0,10,10,0,0,100.000000,0,0.050416,0.704403,7.14936,0.695726,0.525923,0.0130602,1,1,10,0.199208,4,0.996741,0.998596
B1_02,B1,277,1108.0,8,8,0,0,100.000000,0,0.380346,0.761996,8.98927,0.724344,0.470108,0.04775,1,1,8,0.178097,4,0.998143,0.998706
B1_02,B1,278,1112.0,8,8,0,0,100.000000,0,0.073717,0.889466,8.27892,0.712461,0.338678,0.0389347,1,1,8,0.177953,3,0.996714,0.998305
B1_02,B1,279,1116.0,9,9,0,0,100.000000,0,0.330824,0.772889,6.70851,0.72434,0.472039,0.0183816,1,0.888889,9,0.215692,4,0.997969,0.998673
B1_02,B1,280,1120.0,10,10,0,0,100.000000,0,0.030303,0.771952,6.26714,0.719109,0.48476,0.0175265,1,0.947368,10,0.174395,4,0.99793,0.998618
B1_02,B1,281,1124.0,9,9,0,0,100.000000,0,0.095538,0.779026,5.85771,0.729501,0.37306,0.0114201,1,1,9,0.206724,3,0.997841,0.998652
B1_02,B1,282,1128.0,9,9,0,0,100.000000,0,0.086768,0.764994,5.83843,0.705169,0.474576,0.0142906,1,1,9,0.165657,4,0.998256,0.998841
B1_02,B1,283,1132.0,9,9,0,0,100.000000,0,0.011926,0.669981,6.88495,0.719433,0.499342,0.00943396,1,0.888889,9,0.202322,4,0.997834,0.998545
B1_02,B1,284,1136.0,10,10,0,0,100.000000,0,0.000727,0.56582,17.1292,0.624524,0.343435,0.00795251,1,0.333333,10,0.153026,4,0.994209,0.998622
B1_02,B1,285,1140.0,10,10,0,0,100.000000,0,0.022266,0.824906,6.89378,0.711409,0.472468,0.0102915,1,1,10,0.242007,4,0.997951,0.998639
B1_02,B1,286,1144.0,9,9,0,0,100.000000,0,0.055419,0.748306,7.10156,0.71703,0.545884,0.0121518,1,1,9,0.19225,3,0.997742,0.998588
B1_02,B1,287,1148.0,9,9,0,0,100.000000,0,0.005361,0.688166,7.25704,0.712506,0.482179,0.0123803,1,1,9,0.238306,4,0.997092,0.998794
B1_02,B1,288,1152.0,10,10,0,0,100.000000,0,0.056475,0.733187,6.76544,0.712825,0.494114,0.00549463,1,0.842105,10,0.1892,3,0.998006,0.998763
B1_02,B1,289,1156.0,10,10,0,0,100.000000,0,0.001103,0.486434,39.5139,0.616531,0.53503,0.00674444,1,0.181818,10,0.116695,4,0.995484,0.998278
B1_02,B1,290,1160.0,10,10,0,0,100.000000,0,0.002810,0.731937,6.49497,0.706941,0.540993,0.00468283,1,1,10,0.221753,4,0.997788,0.9986
B1_02,B1,291,1164.0,10,10,0,0,100.000000,0,0.006196,0.740077,7.36695,0.705531,0.541507,0.00818743,1,1,10,0.193767,4,0.997755,0.998922
B1_02,B1,292,1168.0,9,9,0,0,100.000000,0,0.003073,0.774394,5.41683,0.706619,0.495076,0.00587005,1,1,9,0.16008,4,0.997968,0.998845
B1_02,B1,293,1172.0,10,10,0,0,100.000000,0,0.051034,0.741698,5.92167,0.706386,0.475054,0.0045916,1,0.842105,10,0.22925,3,0.998289,0.998785
B1_02,B1,294,1176.0,10,10,0,0,100.000000,0,0.001024,0.584551,26.7966,0.709276,0.509563,0.00643087,1,0.181818,10,0.161553,4,0.996817,0.998797
B1_02,B1,295,1180.0,9,9,0,0,100.000000,0,0.002499,0.70506,9.14507,0.712384,0.504958,0.007497,1,0.941176,9,0.156597,4,0.997964,0.998329
B1_02,B1,296,1184.0,10,10,0,0,100.000000,0,0.021245,0.759647,7.37412,0.714877,0.490257,0.0107248,1,0.947368,10,0.143212,3,0.997697,0.998644
B1_02,B1,297,1188.0,9,9,0,0,100.000000,0,0.001187,0.464068,41.213,0.611992,0.542515,0.00631444,1,0.2,9,0.084175,4,0.997638,0.998704
B1_02,B1,298,1192.0,10,10,0,0,100.000000,0,0.002810,0.733375,7.25258,0.69885,0.536594,0.00451825,1,1,10,0.225152,3,0.998234,0.999024
B1_03,B1,0,0.0,8,8,0,0,100.000000,0,0.000319,0.374004,61.4464,0.75376,0.702701,0.00729781,1,0,8,0.1692,4,0.9969,0.998344
B1_03,B1,1,4.0,9,9,0,0,100.000000,0,0.000293,0.571256,7.07332,0.732644,0.709797,0.00292996,1,0.555556,9,0.118873,3,0.997739,0.998181
B1_03,B1,2,8.0,9,9,0,0,100.000000,0,0.001063,0.738427,6.39775,0.755143,0.712709,0.00573916,1,0.777778,9,0.0511991,3,0.995243,0.997658
B1_03,B1,3,12.0,9,9,0,0,100.000000,0,0.000342,0.679813,7.5147,0.749976,0.725478,0.0105403,1,1,9,0.144689,3,0.995859,0.997896
B1_03,B1,4,16.0,8,8,0,0,100.000000,0,0.001173,0.812887,5.14001,0.756694,0.732428,0.00424522,1,0.823529,8,0.144303,3,0.993611,0.997558
B1_03,B1,5,20.0,9,9,0,0,100.000000,0,0.000504,0.784772,4.79091,0.751978,0.687624,0.00854701,1,0.666667,9,0.163941,3,0.994367,0.997542
B1_03,B1,6,24.0,9,9,0,0,100.000000,0,0.001654,0.471202,43.1274,0.682786,0.706776,0.0215161,1,0.2,9,0.102598,4,0.990522,0.997302
B1_03,B1,7,28.0,9,9,0,0,100.000000,0,0.000795,0.734361,6.43947,0.744169,0.74696,0.00884956,1,0.705882,9,0.128143,3,0.995016,0.997965
B1_03,B1,8,32.0,8,8,0,0,100.000000,0,0.005301,0.714175,5.00162,0.751706,0.744364,0.0120141,1,0.75,8,0.0766042,3,0.995703,0.997424
B1_03,B1,9,36.0,9,9,0,0,100.000000,0,0.000928,0.732743,6.48527,0.741225,0.734494,0.01038,1,0.666667,9,0.0877218,3,0.989888,0.99802
B1_03,B1,10,40.0,8,8,0,0,100.000000,0,0.004856,0.823504,4.91399,0.751223,0.719734,0.0224651,1,0.875,8,0.0634925,3,0.988228,0.99719
B1_03,B1,11,44.0,9,9,0,0,100.000000,0,0.000355,0.717754,4.40386,0.753324,0.724823,0.00989118,1,1,9,0.0924509,3,0.991636,0.995651
B1_03,B1,12,48.0,8,8,0,0,100.000000,0,0.000710,0.836116,3.32334,0.763631,0.737329,0.00863605,1,0.705882,8,0.0631234,3,0.983415,0.996628
B1_03,B1,13,52.0,9,9,0,0,100.000000,0,0.000917,0.76742,6.05302,0.746358,0.736202,0.00933383,1,0.823529,9,0.068781,3,0.994054,0.997536
B1_03,B1,14,56.0,8,8,0,0,100.000000,0,0.001313,0.743111,5.12118,0.724158,0.726903,0.010067,1,0.875,8,0.174782,3,0.994699,0.997751
B1_03,B1,15,60.0,9,9,0,0,100.000000,0,0.004222,0.439332,40.4199,0.747507,0.717817,0.0154083,1,0.2,9,0.0778201,4,0.985109,0.997325
B1_03,B1,16,64.0,8,8,0,0,100.000000,0,0.001236,0.754378,5.551,0.745123,0.72179,0.00775068,1,0.75,8,0.0800339,3,0.993545,0.997141
B1_03,B1,17,68.0,9,9,0,0,100.000000,0,0.000732,0.687306,5.46285,0.7557,0.730984,0.00511828,1,0.888889,9,0.111829,3,0.983466,0.997436
B1_03,B1,18,72.0,9,9,0,0,100.000000,0,0.005476,0.79477,7.00101,0.760179,0.716331,0.0160586,1,0.941176,9,0.0719383,3,0.989758,0.997389
B1_03,B1,19,76.0,8,8,0,0,100.000000,0,0.000952,0.829284,6.27341,0.750532,0.730656,0.00723443,1,0.875,8,0.103727,3,0.996098,0.998006
B1_03,B1,20,80.0,9,9,0,0,100.000000,0,0.000872,0.783454,5.82977,0.751037,0.753391,0.00845288,1,1,9,0.131866,3,0.989242,0.997573
B1_03,B1,21,84.0,8,8,0,0,100.000000,0,0.006510,0.706582,7.08068,0.744725,0.719606,0.013167,1,0.5,8,0.0605824,3,0.990045,0.997475
B1_03,B1,22,88.0,9,9,0,0,100.000000,0,0.000388,0.67842,5.01099,0.755914,0.739422,0.00938563,1,0.777778,9,0.114145,3,0.995557,0.997412
B1_03,B1,23,92.0,8,8,0,0,100.000000,0,0.000335,0.569589,7.6244,0.732488,0.736908,0.0100319,1,0.5,8,0.0582852,3,0.997143,0.998055
B1_03,B1,24,96.0,9,9,0,0,100.000000,0,0.000696,0.720644,7.05857,0.740517,0.75342,0.00746574,1,1,9,0.156957,3,0.993749,0.997092
B1_03,B1,25,100.0,8,8,0,0,100.000000,0,0.001112,0.731095,6.33249,0.749766,0.739658,0.00878332,1,0.625,8,0.0901876,3,0.995422,0.997911
B1_03,B1,26,104.0,9,9,0,0,100.000000,0,0.000389,0.668532,8.29189,0.756962,0.750665,0.00596715,1,0.888889,9,0.133497,3,0.996988,0.997845
B1_03,B1,27,108.0,8,8,0,0,100.000000,0,0.000500,0.645447,12.5289,0.756301,0.742704,0.00761995,1,0.875,8,0.14235,3,0.996028,0.997706
B1_03,B1,28,112.0,9,9,0,0,100.000000,0,0.000544,0.616738,17.5809,0.742122,0.727331,0.00655299,1,0.461538,9,0.0845453,3,0.996941,0.998137
B1_03,B1,29,116.0,8,8,0,0,100.000000,0,0.002230,0.685822,8.96962,0.750968,0.731834,0.0125746,1,0.75,8,0.112932,3,0.997842,0.998485
B1_03,B1,30,120.0,9,9,0,0,100.000000,0,0.000957,0.319929,60.8671,0.660772,0.714353,0.0115033,1,0.2,9,0.166654,4,0.991484,0.997816
B1_03,B1,31,124.0,8,8,0,0,100.000000,0,0.000545,0.630317,7.45607,0.743325,0.695062,0.00545382,1,0.625,8,0.0870853,3,0.997364,0.997836
B1_03,B1,32,128.0,9,9,0,0,100.000000,0,0.000358,0.538049,9.46103,0.722924,0.726076,0.00730102,1,0.588235,9,0.102978,3,0.997243,0.997918
B1_03,B1,33,132.0,9,9,0,0,100.000000,0,0.000527,0.705906,4.56382,0.744709,0.729779,0.00740193,1,0.705882,9,0.0388029,3,0.991878,0.997008
B1_03,B1,34,136.0,8,8,0,0,100.000000,0,0.005268,0.726727,7.89092,0.756918,0.737382,0.0137057,1,0.875,8,0.111204,3,0.997252,0.997826
B1_03,B1,35,140.0,9,9,0,0,100.000000,0,0.000453,0.668917,9.9305,0.759576,0.734738,0.00691583,1,0.888889,9,0.186039,3,0.9974,0.998281
B1_03,B1,36,144.0,9,9,0,0,100.000000,0,0.000276,0.298361,71.7359,0.676108,0.744342,0.00836497,1,0.2,9,0.0763983,4,0.993877,0.997741
B1_03,B1,37,148.0,8,8,0,0,100.000000,0,0.000490,0.644418,7.72503,0.739514,0.771543,0.00551435,1,0.875,8,0.0859272,3,0.997821,0.998388
B1_03,B1,38,152.0,9,9,0,0,100.000000,0,0.001336,0.601276,7.57927,0.752324,0.7242,0.0110792,1,0.666667,9,0.120599,3,0.996309,0.998025
B1_03,B1,39,156.0,8,8,0,0,100.000000,0,0.001013,0.3571,54.9384,0.683772,0.748395,0.0303722,1,0.222222,8,0.0810946,4,0.99165,0.997607
B1_03,B1,40,160.0,8,8,0,0,100.000000,0,0.008485,0.736524,6.33261,0.763932,0.741834,0.0125306,1,0.625,8,0.0918629,3,0.996582,0.998384
B1_03,B1,41,164.0,9,9,0,0,100.000000,0,0.000172,0.34765,62.4483,0.667261,0.744532,0.00686672,1,0.2,9,0.0669363,4,0.995124,0.998054
B1_03,B1,42,168.0,8,8,0,0,100.000000,0,0.004286,0.930513,3.33539,0.766274,0.737206,0.0183116,1,0.875,8,0.111839,3,0.984861,0.9965
B1_03,B1,43,172.0,9,9,0,0,100.000000,0,0.003111,0.552938,38.5186,0.707329,0.738374,0.0216414,1,0.2,9,0.096838,3,0.984431,0.994618
B1_03,B1,44,176.0,9,9,0,0,100.000000,0,0.003293,0.988442,2.85008,0.76928,0.722509,0.0191937,1,1,9,0.150001,3,0.980836,0.996947
B1_03,B1,45,180.0,8,8,0,0,100.000000,0,0.000364,0.733535,5.5975,0.751301,0.688821,0.00954425,1,0.823529,8,0.0572254,3,0.991362,0.997683
B1_03,B1,46,184.0,9,9,0,0,100.000000,0,0.000695,0.744471,5.66041,0.758668,0.727823,0.00995451,1,1,9,0.106278,3,0.989862,0.997719
B1_03,B1,47,188.0,8,8,0,0,100.000000,0,0.000807,0.719974,7.37926,0.742772,0.704604,0.00414366,1,0.823529,8,0.0647979,3,0.995711,0.99748
B1_03,B1,48,192.0,8,8,0,0,100.000000,0,0.000359,0.70342,10.1598,0.750456,0.689627,0.00784593,1,0.75,8,0.175595,3,0.997212,0.998262
B1_03,B1,49,196.0,9,9,0,0,100.000000,0,0.000314,0.643791,8.68794,0.747281,0.71869,0.00722408,1,0.705882,9,0.101962,3,0.997736,0.998554
B1_03,B1,50,200.0,8,8,0,0,100.000000,0,0.000946,0.767631,11.9711,0.765243,0.76315,0.00528621,1,1,8,0.17078,3,0.997293,0.998152
B1_03,B1,51,204.0,8,8,0,0,100.000000,0,0.006563,0.783464,7.63255,0.750848,0.723141,0.0123244,1,0.875,8,0.0755607,3,0.996266,0.997435
B1_03,B1,52,208.0,9,9,0,0,100.000000,0,0.004980,0.690832,12.015,0.772597,0.729858,0.0123213,1,0.888889,9,0.158389,3,0.997495,0.998474
B1_03,B1,53,212.0,8,8,0,0,100.000000,0,0.000757,0.735351,10.1973,0.76037,0.694054,0.00596759,1,0.941176,9,0.13621,3,0.997587,0.998422
B1_03,B1,54,216.0,9,9,0,0,100.000000,0,0.000298,0.328763,64.8877,0.664987,0.717785,0.00749355,1,0.222222,8,0.0935297,4,0.994469,0.998039
B1_03,B1,55,220.0,8,8,0,0,100.000000,0,0.000421,0.641163,10.1697,0.746233,0.706586,0.00933798,1,0.75,8,0.107746,3,0.997633,0.998166
B1_03,B1,56,224.0,8,8,0,0,100.000000,0,0.003398,0.645363,11.0171,0.758992,0.711205,0.0130714,1,0.875,8,0.197084,3,0.997507,0.998351
B1_03,B1,57,228.0,8,8,0,0,100.000000,0,0.001245,0.29476,69.9636,0.680547,0.716283,0.0147878,1,0.222222,8,0.0968573,4,0.995012,0.998021
B1_03,B1,58,232.0,8,8,0,0,100.000000,0,0.000749,0.694308,8.88665,0.74634,0.728189,0.00438133,1,0.75,8,0.173539,3,0.997594,0.99802
B1_03,B1,59,236.0,9,9,0,0,100.000000,0,0.005931,0.699761,8.99549,0.754244,0.680281,0.0115754,1,0.888889,9,0.0826103,3,0.996983,0.998051
B1_03,B1,60,240.0,8,8,0,0,100.000000,0,0.000504,0.685907,11.0742,0.744784,0.713223,0.00589528,1,0.875,8,0.0296144,3,0.99714,0.997949
B1_03,B1,61,244.0,9,9,0,0,100.000000,0,0.000287,0.634334,10.6587,0.765887,0.710673,0.00921543,1,0.888889,9,0.144122,3,0.99736,0.998548
B1_03,B1,62,248.0,8,8,0,0,100.000000,0,0.002253,0.270316,44.5818,0.661834,0.749873,0.0134754,1,0.4,8,0.0753964,4,0.987779,0.998303
B1_03,B1,63,252.0,8,8,0,0,100.000000,0,0.000378,0.612063,9.51909,0.742495,0.720042,0.00371159,1,0.625,8,0.13768,3,0.997345,0.997881
B1_03,B1,64,256.0,9,9,0,0,100.000000,0,0.000812,0.702367,11.9026,0.768312,0.71574,0.00718693,1,1,9,0.188831,3,0.996933,0.997719
B1_03,B1,65,260.0,8,8,0,0,100.000000,0,0.000424,0.632909,11.9369,0.731245,0.732025,0.00414366,1,0.75,8,0.132668,3,0.996901,0.998466
B1_03,B1,66,264.0,8,8,0,0,100.000000,0,0.000282,0.323267,69.0892,0.680599,0.732777,0.00867762,1,0.222222,8,0.081796,4,0.996143,0.998211
B1_03,B1,67,268.0,9,9,0,0,100.000000,0,0.000271,0.599117,13.5967,0.758044,0.719298,0.00931695,1,1,9,0.142763,3,0.996357,0.997821
B1_03,B1,68,272.0,8,8,0,0,100.000000,0,0.000545,0.61986,10.6953,0.741927,0.732931,0.00550078,1,0.75,8,0.0371272,3,0.997748,0.998363
B1_03,B1,69,276.0,9,9,0,0,100.000000,0,0.000187,0.423795,56.2148,0.654532,0.745512,0.00877193,1,0.2,9,0.0804185,4,0.99629,0.99807
B1_03,B1,70,280.0,9,9,0,0,100.000000,0,0.000755,0.713492,8.33297,0.760448,0.706571,0.00812289,1,0.823529,9,0.14381,3,0.997383,0.998536
B1_03,B1,71,284.0,8,8,0,0,100.000000,0,0.000834,0.741992,8.71177,0.754281,0.717367,0.00768476,1,0.666667,8,0.139306,3,0.997247,0.998269
B1_03,B1,72,288.0,9,9,0,0,100.000000,0,0.000940,0.711096,7.7856,0.7523,0.754203,0.00701189,1,0.666667,9,0.046096,3,0.997125,0.998347
B1_03,B1,73,292.0,8,8,0,0,100.000000,0,0.000681,0.714547,11.4287,0.763432,0.724476,0.00867762,1,1,8,0.132038,3,0.997515,0.998159
B1_03,B1,74,296.0,9,9,0,0,100.000000,0,0.000265,0.616857,9.86329,0.763182,0.721064,0.00662248,1,1,9,0.131297,3,0.997658,0.998604
B1_03,B1,75,300.0,8,8,0,0,100.000000,0,0.000367,0.61975,9.05128,0.745905,0.734206,0.00705073,1,1,8,0.12085,3,0.997468,0.998268
B1_03,B1,76,304.0,9,9,0,0,100.000000,0,0.001603,0.857699,8.10255,0.775016,0.710395,0.00722408,1,0.888889,9,0.206894,3,0.99579,0.998388
B1_03,B1,77,308.0,8,8,0,0,100.000000,0,0.004775,0.710546,11.3126,0.758546,0.703795,0.0123923,1,0.823529,8,0.073315,3,0.995431,0.998149
B1_03,B1,78,312.0,8,8,0,0,100.000000,0,0.002495,0.217891,38.8511,0.651512,0.745027,0.0134754,1,0,8,0.0906342,4,0.991713,0.998312
B1_03,B1,79,316.0,9,9,0,0,100.000000,0,0.002076,0.298065,61.1808,0.740855,0.733059,0.0151927,1,0.2,9,0.0832703,4,0.989174,0.998056
B1_03,B1,80,320.0,8,8,0,0,100.000000,0,0.001988,0.741195,9.85947,0.754822,0.696414,0.00867762,1,0.875,8,0.187362,3,0.997479,0.998024
B1_03,B1,81,324.0,9,9,0,0,100.000000,0,0.000315,0.568399,7.82375,0.755507,0.716206,0.00818813,1,0.705882,9,0.128772,3,0.993111,0.998108
B1_03,B1,82,328.0,8,8,0,0,100.000000,0,0.000416,0.548069,9.217,0.748178,0.719143,0.0104781,1,0.588235,8,0.0932241,3,0.997483,0.997762
B1_03,B1,83,332.0,8,8,0,0,100.000000,0,0.000557,0.670338,8.9784,0.743636,0.716237,0.00609202,1,0.588235,8,0.186961,3,0.99737,0.997933
B1_03,B1,84,336.0,9,9,0,0,100.000000,0,0.000823,0.693556,9.27109,0.760058,0.746201,0.0091,1,0.888889,9,0.0806427,3,0.996502,0.998182
B1_03,B1,85,340.0,8,8,0,0,100.000000,0,0.000939,0.604633,10.2258,0.755297,0.748134,0.0129904,1,0.75,8,0.215889,3,0.997781,0.998097
B1_03,B1,86,344.0,9,9,0,0,100.000000,0,0.002309,0.215124,38.3212,0.665079,0.742308,0.0214245,1,0.363636,9,0.0872637,4,0.989265,0.997971
B1_03,B1,87,348.0,8,8,0,0,100.000000,0,0.000333,0.602275,9.28767,0.740428,0.731949,0.00864526,1,0.75,8,0.158459,3,0.997338,0.997888
B1_03,B1,88,352.0,8,8,0,0,100.000000,0,0.001424,0.824729,8.10125,0.772007,0.75563,0.00577029,1,0.875,8,0.217425,3,0.996399,0.997725
B1_03,B1,89,356.0,9,9,0,0,100.000000,0,0.000389,0.640016,8.25329,0.761235,0.693625,0.00695309,1,0.777778,9,0.118788,3,0.997398,0.998285
B1_03,B1,90,360.0,8,8,0,0,100.000000,0,0.000672,0.636877,9.91261,0.743705,0.711498,0.00875134,1,0.533333,8,0.047935,3,0.996639,0.99829
B1_03,B1,91,364.0,8,8,0,0,100.000000,0,0.001442,0.682201,9.08441,0.754767,0.711126,0.0202976,1,0.75,8,0.0152218,3,0.996358,0.998084
B1_03,B1,92,368.0,9,9,0,0,100.000000,0,0.000389,0.64469,9.41188,0.760611,0.710674,0.00706041,1,0.888889,9,0.136708,3,0.997203,0.99817
B1_03,B1,93,372.0,8,8,0,0,100.000000,0,0.000686,0.715351,13.4078,0.769661,0.7306,0.00689238,1,1,8,0.121344,3,0.997245,0.99804
B1_03,B1,94,376.0,8,8,0,0,100.000000,0,0.002134,0.645137,9.78502,0.750484,0.736796,0.0141917,1,0.75,8,0.130372,3,0.996766,0.998081
B1_03,B1,95,380.0,8,8,0,0,100.000000,0,0.000398,0.633727,12.5877,0.740592,0.73233,0.00687612,1,1,8,0.170489,3,0.997334,0.997988
B1_03,B1,96,384.0,8,8,0,0,100.000000,0,0.001949,0.619081,9.22326,0.748263,0.716228,0.0138042,1,0.75,8,0.0616232,3,0.997265,0.998048
B1_03,B1,97,388.0,9,9,0,0,100.000000,0,0.000356,0.65224,8.82617,0.759416,0.735998,0.00991696,1,0.777778,9,0.0696877,3,0.996625,0.99793
B1_03,B1,98,392.0,8,8,0,0,100.000000,0,0.002118,0.642713,8.26508,0.758143,0.712266,0.0157655,1,0.705882,8,0.0916259,3,0.99719,0.998359
B1_03,B1,99,396.0,8,8,0,0,100.000000,0,0.000298,0.296569,65.5729,0.664777,0.72557,0.00540766,1,0.222222,8,0.0780954,4,0.995026,0.997932
B1_03,B1,100,400.0,9,9,0,0,100.000000,0,0.000823,0.706078,7.95266,0.750284,0.717393,0.00583012,1,0.823529,9,0.103408,3,0.997239,0.997801
B1_03,B1,101,404.0,8,8,0,0,100.000000,0,0.006495,0.759682,10.4493,0.750791,0.745127,0.0116877,1,0.875,8,0.114036,3,0.997558,0.998195
B1_03,B1,102,408.0,8,8,0,0,100.000000,0,0.000340,0.54595,13.369,0.728288,0.753622,0.00771517,1,0.615385,8,0.145106,3,0.997404,0.998195
B1_03,B1,103,412.0,8,8,0,0,100.000000,0,0.001325,0.649303,10.2427,0.766436,0.752541,0.0121975,1,0.875,8,0.215216,3,0.996517,0.99801
B1_03,B1,104,416.0,9,9,0,0,100.000000,0,0.000351,0.611138,7.6451,0.757395,0.740552,0.00947486,1,0.888889,9,0.105221,3,0.997469,0.99836
B1_03,B1,105,420.0,8,8,0,0,100.000000,0,0.000421,0.672377,8.60015,0.741866,0.742472,0.00699155,1,0.75,8,0.119526,3,0.997154,0.998246
B1_03,B1,106,424.0,9,9,0,0,100.000000,0,0.000716,0.416504,51.1358,0.666181,0.728824,0.0237953,1,0.2,9,0.0984603,4,0.99258,0.997926
B1_03,B1,107,428.0,8,8,0,0,100.000000,0,0.000298,0.333885,58.6601,0.657295,0.746868,0.00870672,1,0.222222,8,0.0838298,4,0.995916,0.998195
B1_03,B1,108,432.0,8,8,0,0,100.000000,0,0.000961,0.693941,7.91889,0.738201,0.722887,0.00693336,1,0.75,8,0.0331637,3,0.997367,0.997633
B1_03,B1,109,436.0,9,9,0,0,100.000000,0,0.000842,0.707096,9.80039,0.766567,0.715699,0.00773326,1,0.941176,9,0.185731,3,0.997329,0.998227
B1_03,B1,110,440.0,8,8,0,0,100.000000,0,0.001178,0.280412,63.5056,0.652112,0.735802,0.0110163,1,0.222222,8,0.0840615,4,0.995699,0.998287
B1_03,B1,111,444.0,9,9,0,0,100.000000,0,0.000211,0.361129,60.6571,0.707836,0.725207,0.00819469,1,0.2,9,0.140369,4,0.996524,0.998291
B1_03,B1,112,448.0,9,9,0,0,100.000000,0,0.004919,0.71077,7.22886,0.766073,0.748142,0.0122096,1,0.705882,9,0.0979227,3,0.996683,0.997951
B1_03,B1,113,452.0,8,8,0,0,100.000000,0,0.000834,0.725834,9.67445,0.754706,0.737875,0.00863605,1,0.8,8,0.113816,3,0.997121,0.998338
B1_03,B1,114,456.0,8,8,0,0,100.000000,0,0.000214,0.374824,61.9103,0.683687,0.756814,0.00586704,1,0.222222,8,0.0932337,3,0.99549,0.998007
B1_03,B1,115,460.0,9,9,0,0,100.000000,0,0.000257,0.583313,16.2354,0.742087,0.757653,0.00840336,1,0.941176,9,0.0753285,3,0.996566,0.998144
B1_03,B1,116,464.0,8,8,0,0,100.000000,0,0.001891,0.245083,52.9675,0.747148,0.736272,0.0129165,1,0,8,0.100418,4,0.994194,0.997198
B1_03,B1,117,468.0,8,8,0,0,100.000000,0,0.002975,0.264484,49.0602,0.763817,0.751586,0.013809,1,0.222222,8,0.153011,4,0.993082,0.997869
B1_03,B1,118,472.0,9,9,0,0,100.000000,0,0.000716,0.39087,53.2875,0.671612,0.712453,0.0136899,1,0.2,9,0.0805742,4,0.989759,0.998089
B1_03,B1,119,476.0,8,8,0,0,100.000000,0,0.002419,0.655166,7.98937,0.753546,0.712482,0.0154635,1,0.75,8,0.0500093,3,0.997585,0.998093
B1_03,B1,120,480.0,9,9,0,0,100.000000,0,0.002087,0.643738,10.2036,0.735786,0.733028,0.0141061,1,0.823529,9,0.138979,3,0.99703,0.997825
B1_03,B1,121,484.0,8,8,0,0,100.000000,0,0.000518,0.647186,9.64719,0.751358,0.752662,0.00407541,1,0.875,8,0.191232,3,0.99505,0.998123
B1_03,B1,122,488.0,8,8,0,0,100.000000,0,0.001380,0.72494,8.69466,0.757691,0.755528,0.00877953,1,0.875,8,0.218281,3,0.997323,0.99798
B1_03,B1,123,492.0,8,8,0,0,100.000000,0,0.018338,0.761299,10.5381,0.774253,0.757489,0.0123923,1,1,8,0.201647,3,0.996635,0.99767
B1_03,B1,124,496.0,9,9,0,0,100.000000,0,0.000466,0.528235,8.78829,0.74588,0.753056,0.00997054,1,0.555556,9,0.0539162,3,0.995674,0.997998
B1_03,B1,125,500.0,8,8,0,0,100.000000,0,0.000421,0.671651,6.96506,0.749411,0.769746,0.0104781,1,0.823529,8,0.119294,3,0.997126,0.997777
B1_03,B1,126,504.0,9,9,0,0,100.000000,0,0.000389,0.655126,8.94066,0.753689,0.748041,0.00836381,1,0.888889,9,0.165152,3,0.997184,0.998065
B1_03,B1,127,508.0,8,8,0,0,100.000000,0,0.004304,0.694417,9.34842,0.754054,0.743232,0.0175453,1,0.75,8,0.110095,3,0.996259,0.998209
B1_03,B1,128,512.0,8,8,0,0,100.000000,0,0.000298,0.319613,69.0251,0.665705,0.74298,0.00738253,1,0.222222,8,0.101598,4,0.995275,0.997891
B1_03,B1,129,516.0,9,9,0,0,100.000000,0,0.000416,0.630435,7.40517,0.738519,0.727836,0.00927829,1,0.470588,9,0.0698738,3,0.997029,0.998256
B1_03,B1,130,520.0,8,8,0,0,100.000000,0,0.001093,0.332044,58.6026,0.672919,0.747239,0.0175531,1,0.222222,8,0.147844,4,0.991924,0.997797
B1_03,B1,131,524.0,9,9,0,0,100.000000,0,0.000780,0.364605,65.4534,0.660285,0.745877,0.0119343,1,0.2,9,0.0855345,4,0.995776,0.997396
B1_03,B1,132,528.0,8,8,0,0,100.000000,0,0.000214,0.440577,60.602,0.675804,0.698544,0.00879003,1,0.222222,8,0.0799232,4,0.995128,0.997934
B1_03,B1,133,532.0,9,9,0,0,100.000000,0,0.000720,0.352579,69.7881,0.678246,0.72919,0.014102,1,0.2,9,0.0624565,4,0.993526,0.997938
B1_03,B1,134,536.0,8,8,0,0,100.000000,0,0.005418,0.837887,5.57276,0.77556,0.705216,0.0130557,1,0.705882,8,0.110289,3,0.991201,0.998285
B1_03,B1,135,540.0,9,9,0,0,100.000000,0,0.002328,0.616264,45.8929,0.752135,0.709677,0.0109392,1,0,9,0.0645741,2,0.996215,0.997937
B1_03,B1,136,544.0,9,9,0,0,100.000000,0,0.005120,0.698487,9.61654,0.764259,0.718129,0.0185485,1,0.777778,9,0.0439136,3,0.997046,0.997924
B1_03,B1,137,548.0,8,8,0,0,100.000000,0,0.004965,0.697637,8.42966,0.742969,0.725392,0.0122915,1,0.75,8,0.170349,3,0.997112,0.997742
B1_03,B1,138,552.0,8,8,0,0,100.000000,0,0.002178,0.320768,62.3934,0.75193,0.736626,0.0140336,1,0.222222,8,0.104642,4,0.995649,0.997884
B1_03,B1,139,556.0,9,9,0,0,100.000000,0,0.007883,0.767036,8.39011,0.751012,0.744359,0.0184021,1,0.888889,9,0.218382,3,0.993293,0.997684
B1_03,B1,140,560.0,8,8,0,0,100.000000,0,0.000609,0.702173,9.63825,0.749794,0.717394,0.00755622,1,1,8,0.206761,3,0.996762,0.998122
B1_03,B1,141,564.0,8,8,0,0,100.000000,0,0.002291,0.683135,12.0089,0.743873,0.741111,0.0205798,1,1,8,0.178264,3,0.994899,0.997781
B1_03,B1,142,568.0,8,8,0,0,100.000000,0,0.008860,0.722625,6.01253,0.751509,0.742876,0.0152093,1,0.625,8,0.0494985,3,0.991314,0.998321
B1_03,B1,143,572.0,9,9,0,0,100.000000,0,0.000765,0.696434,9.13635,0.752846,0.725779,0.00993557,1,0.888889,9,0.128711,3,0.99207,0.998267
B1_03,B1,144,576.0,8,8,0,0,100.000000,0,0.006221,0.809871,6.39474,0.766357,0.748212,0.0188853,1,0.75,8,0.110935,3,0.996198,0.99807
B1_03,B1,145,580.0,9,9,0,0,100.000000,0,0.064294,0.271787,17.1848,0.765109,0.758502,0.042637,1,0,9,0.0394609,3,0.968769,0.997831
B1_03,B1,146,584.0,9,9,0,0,100.000000,0,0.000453,0.67179,10.627,0.755239,0.701542,0.00631345,1,0.823529,9,0.18625,3,0.997456,0.998096
B1_03,B1,147,588.0,8,8,0,0,100.000000,0,0.000999,0.333095,70.6574,0.669553,0.730559,0.0236708,1,0.222222,8,0.069936,4,0.995254,0.997907
B1_03,B1,148,592.0,9,9,0,0,100.000000,0,0.002315,0.670053,9.21156,0.747609,0.712629,0.0202173,1,0.588235,9,0.17242,3,0.997693,0.998028
B1_03,B1,149,596.0,9,9,0,0,100.000000,0,0.003474,0.65255,6.81045,0.74107,0.73035,0.0180692,1,0.777778,9,0.197548,3,0.99743,0.998323
B1_03,B1,150,600.0,9,9,0,0,100.000000,0,0.000771,0.725321,9.41887,0.759639,0.728092,0.00793176,1,0.823529,9,0.15126,3,0.99708,0.998298
B1_03,B1,151,604.0,8,8,0,0,100.000000,0,0.000402,0.680095,8.54139,0.75419,0.735541,0.00900548,1,1,8,0.0907441,3,0.996804,0.997819
B1_03,B1,152,608.0,8,8,0,0,100.000000,0,0.004339,0.705773,11.5294,0.758466,0.725682,0.0123424,1,1,8,0.134412,3,0.997282,0.997911
B1_03,B1,153,612.0,8,8,0,0,100.000000,0,0.002296,0.6082,8.01082,0.744779,0.733877,0.0286659,1,0.588235,8,0.11326,3,0.996672,0.997484
B1_03,B1,154,616.0,9,9,0,0,100.000000,0,0.003870,0.626009,9.7241,0.74929,0.735447,0.0329252,1,0.5,9,0.0457518,3,0.997253,0.998397
B1_03,B1,155,620.0,8,8,0,0,100.000000,0,0.002101,0.675645,9.40908,0.76319,0.722354,0.029496,1,0.823529,8,0.13313,3,0.996729,0.997889
B1_03,B1,156,624.0,8,8,0,0,100.000000,0,0.003510,0.670516,10.3436,0.75008,0.733894,0.0145457,1,0.4,8,0.0942353,3,0.992473,0.997773
B1_03,B1,157,628.0,8,8,0,0,100.000000,0,0.000322,0.570655,8.85739,0.752211,0.702774,0.0104489,1,0.75,8,0.113754,3,0.997134,0.997884
B1_03,B1,158,632.0,8,8,0,0,100.000000,0,0.002244,0.687145,9.14427,0.74863,0.683953,0.0159729,1,0.705882,8,0.122504,3,0.996494,0.997304
B1_03,B1,159,636.0,9,9,0,0,100.000000,0,0.000467,0.645077,8.60325,0.743705,0.71849,0.0100542,1,0.666667,9,0.0281511,3,0.996891,0.997966
B1_03,B1,160,640.0,8,8,0,0,100.000000,0,0.000725,0.730861,11.2085,0.759756,0.741599,0.00567669,1,1,8,0.176872,3,0.99732,0.998144
B1_03,B1,161,644.0,8,8,0,0,100.000000,0,0.000162,0.325684,61.4468,0.646048,0.747869,0.00681983,1,0,8,0.039791,4,0.995183,0.997678
B1_03,B1,162,648.0,8,8,0,0,100.000000,0,0.001631,0.582588,9.53671,0.752727,0.704432,0.015789,1,0.75,8,0.0266707,3,0.995472,0.997766
B1_03,B1,163,652.0,9,9,0,0,100.000000,0,0.001862,0.582147,11.6248,0.744329,0.705662,0.0128445,1,0.428571,9,0.124725,3,0.997533,0.99819
B1_03,B1,164,656.0,8,8,0,0,100.000000,0,0.000490,0.67007,10.3427,0.751176,0.726746,0.00938499,1,0.875,8,0.185939,3,0.99705,0.997537
B1_03,B1,165,660.0,9,9,0,0,100.000000,0,0.001702,0.635961,8.27872,0.745914,0.7254,0.0238506,1,0.777778,9,0.160369,3,0.997171,0.997941
B1_03,B1,166,664.0,9,9,0,0,100.000000,0,0.006121,0.695035,9.79128,0.772787,0.722918,0.0201876,1,1,9,0.196361,3,0.997203,0.998233
B1_03,B1,167,668.0,9,9,0,0,100.000000,0,0.004065,0.745558,10.7395,0.769545,0.730802,0.0192308,1,1,9,0.0880089,3,0.995778,0.998147
B1_03,B1,168,672.0,11,11,0,0,100.000000,0,0.000175,0.37776,61.9481,0.689587,0.703097,0.0153347,1,0.166667,11,0.099498,4,0.988723,0.997766
B1_03,B1,169,676.0,10,10,0,0,100.000000,0,0.021456,0.777505,9.31168,0.764431,0.726446,0.0386592,1,0.9,10,0.175365,3,0.996725,0.997757
B1_03,B1,170,680.0,8,8,0,0,100.000000,0,0.001099,0.377314,53.3819,0.674928,0.738228,0.0362962,1,0.222222,8,0.10481,4,0.987837,0.997498
B1_03,B1,171,684.0,10,10,0,0,100.000000,0,0.002511,0.641113,9.43343,0.743182,0.71113,0.0293596,1,0.631579,10,0.0956201,3,0.996963,0.998328
B1_03,B1,172,688.0,9,9,0,0,100.000000,0,0.028220,0.649887,9.00522,0.760998,0.725362,0.0839532,1,0.588235,9,0.0865462,3,0.995512,0.997852
B1_03,B1,173,692.0,9,9,0,0,100.000000,0,0.001944,0.635691,10.3504,0.758775,0.72582,0.0316649,1,0.888889,9,0.165317,3,0.996759,0.998114
B1_03,B1,174,696.0,10,10,0,0,100.000000,0,0.005080,0.766872,5.70736,0.759263,0.709169,0.021698,1,0.6,10,0.0686297,3,0.9972,0.998036
B1_03,B1,175,700.0,9,9,0,0,100.000000,0,0.000724,0.380899,59.8759,0.68968,0.702466,0.0159575,1,0.2,9,0.13426,4,0.995098,0.998241
B1_03,B1,176,704.0,9,9,0,0,100.000000,0,0.000862,0.380806,53.6301,0.675416,0.722588,0.0274631,1,0.2,9,0.0915652,4,0.990262,0.997829
B1_03,B1,177,708.0,9,9,0,0,100.000000,0,0.002079,0.614782,7.90893,0.734326,0.717814,0.023918,1,0.470588,9,0.0967945,3,0.997338,0.998116
B1_03,B1,178,712.0,9,9,0,0,100.000000,0,0.000433,0.370637,67.5897,0.667917,0.729636,0.0272845,1,0.2,9,0.0706591,4,0.996897,0.998563
B1_03,B1,179,716.0,8,8,0,0,100.000000,0,0.000801,0.714152,8.66099,0.731471,0.726568,0.00956895,1,0.75,8,0.126368,3,0.997591,0.998078
B1_03,B1,180,720.0,9,9,0,0,100.000000,0,0.003501,0.711459,8.06436,0.770884,0.696482,0.0158128,1,1,9,0.145406,3,0.997101,0.998332
B1_03,B1,181,724.0,8,8,0,0,100.000000,0,0.000492,0.650264,15.0467,0.730723,0.724889,0.00870906,1,0.714286,8,0.0979561,3,0.997194,0.998177
B1_03,B1,182,728.0,8,8,0,0,100.000000,0,0.003404,0.681909,7.97007,0.72868,0.737978,0.028256,1,0.4,8,0.126445,3,0.997093,0.997741
B1_03,B1,183,732.0,9,9,0,0,100.000000,0,0.008255,0.753592,8.06626,0.755822,0.712576,0.0246687,1,0.888889,9,0.173051,3,0.997262,0.997851
B1_03,B1,184,736.0,9,9,0,0,100.000000,0,0.001721,0.686506,8.30563,0.764415,0.73456,0.0175209,1,0.777778,9,0.157969,3,0.997067,0.997825
B1_03,B1,185,740.0,10,10,0,0,100.000000,0,0.002384,0.682714,10.1809,0.757425,0.733354,0.0262961,1,0.842105,10,0.0470409,3,0.996557,0.998174
B1_03,B1,186,744.0,9,9,0,0,100.000000,0,0.036685,0.692923,7.78626,0.758876,0.737849,0.0408978,1,0.470588,9,0.146938,3,0.996946,0.998025
B1_03,B1,187,748.0,9,9,0,0,100.000000,0,0.001501,0.686836,9.16276,0.76441,0.713964,0.0164108,1,1,9,0.15454,3,0.997576,0.998302
B1_03,B1,188,752.0,9,9,0,0,100.000000,0,0.005845,0.69413,12.1652,0.757704,0.72497,0.0296836,1,0.823529,9,0.0534346,3,0.996658,0.997894
B1_03,B1,189,756.0,8,8,0,0,100.000000,0,0.001609,0.613987,9.00516,0.752999,0.7366,0.0184847,1,0.625,8,0.0189699,3,0.996893,0.99777
B1_03,B1,190,760.0,8,8,0,0,100.000000,0,0.004936,0.709009,10.6557,0.769356,0.723893,0.0140518,1,0.875,8,0.135174,3,0.99746,0.998044
B1_03,B1,191,764.0,8,8,0,0,100.000000,0,0.006036,0.754233,10.8518,0.768745,0.720747,0.0148131,1,1,8,0.148257,3,0.997042,0.997867
B1_03,B1,192,768.0,8,8,0,0,100.000000,0,0.001469,0.644316,8.36286,0.72143,0.740599,0.0249222,1,0.705882,8,0.0244461,3,0.996456,0.997181
B1_03,B1,193,772.0,7,7,0,0,100.000000,0,0.000675,0.325452,73.993,0.673102,0.741796,0.0209409,1,0.25,7,0.0510372,4,0.988836,0.997395
B1_03,B1,194,776.0,8,8,0,0,100.000000,0,0.002101,0.683435,8.15151,0.757584,0.743599,0.0311766,1,0.823529,8,0.141426,3,0.996354,0.997627
B1_03,B1,195,780.0,9,9,0,0,100.000000,0,0.005199,0.691549,9.38805,0.754445,0.705962,0.0137051,1,0.888889,9,0.101084,3,0.996896,0.998213
B1_03,B1,196,784.0,8,8,0,0,100.000000,0,0.005225,0.749195,12.613,0.764409,0.734036,0.0253265,1,1,8,0.137684,3,0.997352,0.998013
B1_03,B1,197,788.0,8,8,0,0,100.000000,0,0.001839,0.63483,14.2503,0.749224,0.70758,0.0247423,1,0.875,8,0.109131,3,0.996505,0.998122
B1_03,B1,198,792.0,8,8,0,0,100.000000,0,0.000999,0.33955,67.3385,0.66761,0.725024,0.0208062,1,0.222222,8,0.0633537,4,0.992346,0.99763
B1_03,B1,199,796.0,9,9,0,0,100.000000,0,0.001702,0.659427,6.84866,0.757882,0.728005,0.0218814,1,0.777778,9,0.109287,3,0.997258,0.998057
B1_03,B1,200,800.0,8,8,0,0,100.000000,0,0.000974,0.745235,9.63339,0.741211,0.725048,0.010366,1,0.666667,8,0.102248,3,0.996562,0.998088
B1_03,B1,201,804.0,8,8,0,0,100.000000,0,0.004864,0.732923,11.0573,0.747339,0.723002,0.0169688,1,0.875,8,0.136014,3,0.994621,0.997536
B1_03,B1,202,808.0,8,8,0,0,100.000000,0,0.003783,0.699119,9.63625,0.763481,0.728621,0.0155423,1,1,8,0.122749,3,0.99724,0.998099
B1_03,B1,203,812.0,9,9,0,0,100.000000,0,0.000356,0.63204,7.85982,0.748407,0.719647,0.00915365,1,0.888889,9,0.0751394,3,0.997371,0.998205
B1_03,B1,204,816.0,8,6,2,2,75.000000,1,0.996021,0.447257,20.0631,0.754445,0.707148,0.252026,0.714286,0,8,0.0267977,3,0.922045,0.997568
B1_03,B1,205,820.0,8,8,0,0,100.000000,0,0.001628,0.652268,10.4004,0.754668,0.717728,0.0168287,1,1,8,0.157089,3,0.997716,0.998503
B1_03,B1,206,824.0,9,9,0,0,100.000000,0,0.001205,0.62834,10.2603,0.772259,0.732035,0.0200229,1,0.888889,9,0.150158,3,0.998052,0.998642
B1_03,B1,207,828.0,9,9,0,0,100.000000,0,0.001682,0.67213,10.8892,0.753907,0.715175,0.0200256,1,0.823529,9,0.13008,3,0.997623,0.9985
B1_03,B1,208,832.0,8,8,0,0,100.000000,0,0.001868,0.615347,10.0832,0.740123,0.737861,0.0115693,1,0.875,8,0.0754774,3,0.997741,0.998312
B1_03,B1,209,836.0,9,9,0,0,100.000000,0,0.001402,0.614444,9.88862,0.75869,0.748235,0.0156487,1,0.888889,9,0.0927217,3,0.997533,0.99816
B1_03,B1,210,840.0,8,8,0,0,100.000000,0,0.001245,0.623265,12.3603,0.757391,0.724385,0.0276492,1,1,8,0.251927,3,0.994856,0.998287
B1_03,B1,211,844.0,8,8,0,0,100.000000,0,0.001245,0.339574,64.4235,0.670777,0.746586,0.0223143,1,0.222222,8,0.082555,4,0.991793,0.998121
B1_03,B1,212,848.0,8,8,0,0,100.000000,0,0.004619,0.71707,5.94449,0.766231,0.752522,0.0155316,1,0.941176,8,0.0854954,3,0.995334,0.997739
B1_03,B1,213,852.0,8,8,0,0,100.000000,0,0.000937,0.721162,8.43758,0.753465,0.744532,0.00572311,1,1,8,0.192058,3,0.99349,0.997827
B1_03,B1,214,856.0,9,9,0,0,100.000000,0,0.000574,0.407399,53.261,0.679795,0.749904,0.015827,1,0.2,9,0.0754068,3,0.993246,0.997484
B1_03,B1,215,860.0,8,8,0,0,100.000000,0,0.001179,0.782662,5.6173,0.750713,0.757809,0.00979696,1,0.625,8,0.062826,3,0.994071,0.997466
B1_03,B1,216,864.0,8,8,0,0,100.000000,0,0.007396,0.791686,5.39382,0.739122,0.716729,0.0108207,1,0.666667,8,0.142753,3,0.994068,0.997219
B1_03,B1,217,868.0,8,8,0,0,100.000000,0,0.000621,0.406986,55.015,0.683504,0.717004,0.0143675,1,0.222222,8,0.0754751,4,0.993093,0.99714
B1_03,B1,218,872.0,8,8,0,0,100.000000,0,0.000917,0.746005,7.19125,0.758633,0.70635,0.00725293,1,0.625,8,0.0691209,3,0.992889,0.997101
B1_03,B1,219,876.0,9,9,0,0,100.000000,0,0.001066,0.757263,7.49021,0.773146,0.703816,0.0100173,1,0.823529,9,0.139033,3,0.994396,0.997553
B1_03,B1,220,880.0,8,8,0,0,100.000000,0,0.011099,0.710078,9.62452,0.744842,0.715686,0.015418,1,0.666667,8,0.0534967,3,0.981277,0.996147
B1_03,B1,221,884.0,8,8,0,0,100.000000,0,0.001338,0.758588,5.00958,0.751221,0.716088,0.0060962,1,0.823529,8,0.0303163,3,0.992609,0.998032
B1_03,B1,222,888.0,7,7,0,0,100.000000,0,0.008268,0.754567,6.84662,0.747341,0.744827,0.0125218,1,0.75,7,0.0966876,3,0.992197,0.997222
B1_03,B1,223,892.0,8,8,0,0,100.000000,0,0.005892,0.72318,6.44617,0.738576,0.707653,0.0144396,1,0.75,8,0.060459,3,0.988422,0.995103
B1_03,B1,224,896.0,8,8,0,0,100.000000,0,0.004862,0.725925,6.50376,0.757877,0.698016,0.0176173,1,0.875,8,0.0621769,3,0.986884,0.997632
B1_03,B1,225,900.0,9,9,0,0,100.000000,0,0.004237,0.724475,4.53899,0.731959,0.728562,0.0265745,1,0.588235,9,0.0870507,3,0.989323,0.995392
B1_03,B1,226,904.0,9,9,0,0,100.000000,0,0.001748,0.494635,49.55,0.719809,0.707491,0.0268098,1,0.2,9,0.165133,4,0.989837,0.996201
B1_03,B1,227,908.0,8,8,0,0,100.000000,0,0.000214,0.457821,62.8531,0.67745,0.745699,0.00404213,1,0.222222,8,0.0781995,4,0.992245,0.997309
B1_03,B1,228,912.0,8,8,0,0,100.000000,0,0.000706,0.695188,6.14176,0.757349,0.73582,0.00830336,1,0.941176,8,0.171153,3,0.99382,0.996324
B1_03,B1,229,916.0,8,8,0,0,100.000000,0,0.001245,0.311025,67.8539,0.673084,0.74028,0.0176536,1,0.222222,8,0.0796846,4,0.994877,0.998149
B1_03,B1,230,920.0,8,8,0,0,100.000000,0,0.002308,0.316224,67.1674,0.749105,0.673189,0.0231455,1,0.222222,8,0.139425,4,0.994441,0.997808
B1_03,B1,231,924.0,9,9,0,0,100.000000,0,0.000951,0.771629,11.6211,0.782125,0.718727,0.0100802,1,0.941176,9,0.158263,3,0.996778,0.998106
B1_03,B1,232,928.0,8,8,0,0,100.000000,0,0.001092,0.602337,8.38108,0.740235,0.753186,0.0200356,1,0.875,8,0.0875161,3,0.997702,0.998702
B1_03,B1,233,932.0,10,10,0,0,100.000000,0,0.001833,0.618981,7.68768,0.759416,0.727541,0.0207158,1,0.842105,10,0.127812,3,0.99739,0.998216
B1_03,B1,234,936.0,10,10,0,0,100.000000,0,0.000860,0.412761,58.3803,0.748783,0.719677,0.0168164,1,0.181818,10,0.0755253,4,0.991454,0.998065
B1_03,B1,235,940.0,10,10,0,0,100.000000,0,0.000241,0.369664,74.051,0.753809,0.728916,0.00853286,1,0.181818,10,0.172418,4,0.994641,0.997132
B1_03,B1,236,944.0,10,10,0,0,100.000000,0,0.001754,0.681081,8.90717,0.763001,0.737362,0.0118616,1,0.736842,10,0.129487,3,0.997059,0.998288
B1_03,B1,237,948.0,10,10,0,0,100.000000,0,0.004829,0.71303,6.88053,0.742803,0.743123,0.0200144,1,0.842105,10,0.105459,3,0.996559,0.997873
B1_03,B1,238,952.0,10,10,0,0,100.000000,0,0.005202,0.823171,7.41918,0.772725,0.696375,0.0183223,1,0.9,10,0.175107,3,0.996745,0.997341
B1_03,B1,239,956.0,10,10,0,0,100.000000,0,0.000248,0.39184,54.2919,0.75511,0.733785,0.00985515,1,0.181818,10,0.10595,4,0.993867,0.997886
B1_03,B1,240,960.0,11,11,0,0,100.000000,0,0.001629,0.6627,10.328,0.755237,0.728266,0.0164576,1,0.952381,10,0.139411,3,0.994051,0.997092
B1_03,B1,241,964.0,8,8,0,0,100.000000,0,0.006234,0.60295,7.29047,0.745299,0.716483,0.0597848,1,0.555556,9,0.0899886,3,0.994826,0.998137
B1_03,B1,242,968.0,9,9,0,0,100.000000,0,0.001646,0.612161,8.43842,0.746952,0.720837,0.0248489,1,0.666667,9,0.17762,3,0.996635,0.997761
B1_03,B1,243,972.0,8,8,0,0,100.000000,0,0.001970,0.657092,12.8875,0.754241,0.713588,0.0264133,1,0.75,8,0.147306,3,0.995359,0.998199
B1_03,B1,244,976.0,8,8,0,0,100.000000,0,0.001747,0.309324,68.4692,0.747394,0.701639,0.025396,1,0.222222,8,0.0689106,4,0.994589,0.997727
B1_03,B1,245,980.0,9,9,0,0,100.000000,0,0.006110,0.718181,8.48343,0.750597,0.743206,0.0190809,1,0.588235,9,0.145624,3,0.995319,0.997149
B1_03,B1,246,984.0,8,8,0,0,100.000000,0,0.004864,0.738367,9.3504,0.758878,0.709106,0.0223026,1,0.875,8,0.122068,3,0.995638,0.998022
B1_03,B1,247,988.0,8,8,0,0,100.000000,0,0.000404,0.332652,64.9174,0.72055,0.728393,0.00860513,1,0.222222,8,0.0274418,4,0.994097,0.99822
B1_03,B1,248,992.0,9,9,0,0,100.000000,0,0.000280,0.368333,58.1512,0.748038,0.704096,0.00822289,1,0.2,9,0.0615117,4,0.995354,0.998431
B1_03,B1,249,996.0,8,8,0,0,100.000000,0,0.003391,0.647584,7.97911,0.738942,0.752373,0.0311491,1,0.625,8,0.128938,3,0.997152,0.998252
B1_03,B1,250,1000.0,9,9,0,0,100.000000,0,0.001291,0.329167,64.0503,0.665746,0.739819,0.016526,1,0.2,9,0.0909893,4,0.996065,0.997574
B1_03,B1,251,1004.0,8,8,0,0,100.000000,0,0.001850,0.664079,9.24275,0.75844,0.725498,0.0237556,1,0.875,8,0.171214,3,0.996535,0.997276
B1_03,B1,252,1008.0,8,8,0,0,100.000000,0,0.003208,0.657332,9.53342,0.747959,0.74908,0.0304543,1,0.588235,8,0.1328,3,0.996951,0.997455
B1_03,B1,253,1012.0,9,9,0,0,100.000000,0,0.004318,0.691761,9.34939,0.761919,0.757495,0.0131554,1,0.941176,9,0.120074,3,0.997313,0.998184
B1_03,B1,254,1016.0,9,9,0,0,100.000000,0,0.000574,0.371235,53.08,0.667229,0.736069,0.0244899,1,0.2,9,0.0687526,4,0.993289,0.998088
B1_03,B1,255,1020.0,10,10,0,0,100.000000,0,0.001314,0.296097,67.0779,0.757449,0.716935,0.0210111,1,0.181818,10,0.131217,4,0.993505,0.997691
B1_03,B1,256,1024.0,10,10,0,0,100.000000,0,0.000336,0.672158,7.04246,0.765053,0.709454,0.00706714,1,0.9,10,0.122817,3,0.9964,0.997741
B1_03,B1,257,1028.0,11,11,0,0,100.000000,0,0.000128,0.589537,7.02846,0.737364,0.742504,0.0075188,1,0.315789,11,0.0852638,3,0.995467,0.997903
B1_03,B1,258,1032.0,10,10,0,0,100.000000,0,0.001756,0.324737,55.4629,0.753068,0.719336,0.0179983,1,0.181818,10,0.177398,3,0.993888,0.998497
B1_03,B1,259,1036.0,10,10,0,0,100.000000,0,0.004298,0.715802,7.99245,0.751315,0.716669,0.0118242,1,0.631579,10,0.147042,3,0.995978,0.997264
B1_03,B1,260,1040.0,9,9,0,0,100.000000,0,0.013308,0.720812,9.95795,0.762305,0.733229,0.0543745,1,0.888889,9,0.110232,3,0.997261,0.997767
B1_03,B1,261,1044.0,10,10,0,0,100.000000,0,0.000848,0.649829,11.4469,0.750685,0.724982,0.0116245,1,1,10,0.22011,3,0.997239,0.998673
B1_03,B1,262,1048.0,11,11,0,0,100.000000,0,0.000050,0.381285,70.1417,0.677941,0.742285,0.00960708,1,0.166667,11,0.0679923,4,0.995744,0.997689
B1_03,B1,263,1052.0,10,10,0,0,100.000000,0,0.005112,0.707217,12.149,0.754241,0.744471,0.0621247,1,1,10,0.209813,3,0.995749,0.997456
B1_03,B1,264,1056.0,10,10,0,0,100.000000,0,0.005338,0.761629,9.08763,0.760106,0.718808,0.0112437,1,0.9,10,0.154155,3,0.996919,0.998067
B1_03,B1,265,1060.0,10,10,0,0,100.000000,0,0.002970,0.737517,8.67605,0.762059,0.721489,0.0143332,1,1,10,0.222171,3,0.997065,0.997508
B1_03,B1,266,1064.0,9,9,0,0,100.000000,0,0.004884,0.625248,9.91795,0.751084,0.753621,0.0385935,1,0.947368,9,0.0891966,3,0.997199,0.99795
B1_03,B1,267,1068.0,9,9,0,0,100.000000,0,0.001311,0.607879,9.54751,0.755503,0.745488,0.0109245,1,0.823529,9,0.115922,3,0.997401,0.998459
B1_03,B1,268,1072.0,8,8,0,0,100.000000,0,0.002118,0.683643,9.79225,0.755477,0.744166,0.0169854,1,0.875,8,0.0828374,3,0.997088,0.998257
B1_03,B1,269,1076.0,9,9,0,0,100.000000,0,0.002418,0.614597,9.05025,0.762321,0.75146,0.0292176,1,0.588235,9,0.0873923,3,0.996752,0.997717
B1_03,B1,270,1080.0,8,8,0,0,100.000000,0,0.002238,0.605753,9.08022,0.741095,0.749671,0.0252314,1,0.625,8,0.0984594,3,0.997085,0.998062
B1_03,B1,271,1084.0,9,9,0,0,100.000000,0,0.000810,0.707769,7.94856,0.754151,0.72633,0.0104692,1,0.4,9,0.0595019,3,0.997069,0.998241
B1_03,B1,272,1088.0,9,9,0,0,100.000000,0,0.005634,0.820701,8.63512,0.766286,0.697071,0.0194252,1,0.75,9,0.0540288,3,0.997438,0.997997
B1_03,B1,273,1092.0,8,8,0,0,100.000000,0,0.001171,0.612709,8.48676,0.734261,0.744016,0.0229233,1,0.625,8,0.239732,3,0.997188,0.998132
B1_03,B1,274,1096.0,8,8,0,0,100.000000,0,0.001536,0.301799,59.2466,0.660498,0.750876,0.0225527,1,0.222222,8,0.0903776,4,0.982926,0.998611
B1_03,B1,275,1100.0,8,8,0,0,100.000000,0,0.000421,0.638558,8.45695,0.759,0.737037,0.0104745,1,0.875,8,0.149043,3,0.996986,0.998065
B1_03,B1,276,1104.0,8,8,0,0,100.000000,0,0.001970,0.647335,9.79212,0.761217,0.730429,0.0264781,1,0.823529,8,0.138927,3,0.995781,0.997779
B1_03,B1,277,1108.0,9,9,0,0,100.000000,0,0.004348,0.69298,9.59006,0.764574,0.7271,0.0114799,1,0.888889,9,0.169353,3,0.996684,0.997872
B1_03,B1,278,1112.0,8,8,0,0,100.000000,0,0.001767,0.373668,45.1987,0.677037,0.735912,0.0146151,1,0.222222,8,0.127213,4,0.988312,0.998166
B1_03,B1,279,1116.0,8,8,0,0,100.000000,0,0.001860,0.685518,9.34448,0.75867,0.720234,0.0165351,1,0.875,8,0.11442,3,0.997211,0.997753
B1_03,B1,280,1120.0,9,9,0,0,100.000000,0,0.002015,0.321417,67.1567,0.752708,0.706652,0.0194745,1,0.2,9,0.0808113,4,0.995272,0.997841
B1_03,B1,281,1124.0,8,8,0,0,100.000000,0,0.004676,0.715698,9.50312,0.756239,0.75248,0.0320309,1,0.75,8,0.0724071,3,0.997143,0.997768
B1_03,B1,282,1128.0,8,8,0,0,100.000000,0,0.004509,0.690212,9.34299,0.756632,0.759637,0.0127988,1,0.75,8,0.0674061,3,0.996397,0.997801
B1_03,B1,283,1132.0,9,9,0,0,100.000000,0,0.002413,0.676327,10.9904,0.763949,0.742516,0.0139105,1,1,9,0.178079,3,0.997578,0.998194
B1_03,B1,284,1136.0,8,8,0,0,100.000000,0,0.002519,0.565201,10.6479,0.746816,0.742329,0.0122573,1,0.625,8,0.0999626,3,0.996043,0.997776
B1_03,B1,285,1140.0,9,9,0,0,100.000000,0,0.001702,0.667605,11.1997,0.762244,0.756142,0.018392,1,0.823529,9,0.142959,3,0.997343,0.998225
B1_03,B1,286,1144.0,8,8,0,0,100.000000,0,0.007118,0.757017,11.7139,0.762359,0.755942,0.0282889,1,0.8,8,0.110773,3,0.997289,0.998149
B1_03,B1,287,1148.0,9,9,0,0,100.000000,0,0.001986,0.651522,8.92891,0.756238,0.731002,0.0128942,1,0.705882,9,0.175092,3,0.997364,0.997984
B1_03,B1,288,1152.0,8,8,0,0,100.000000,0,0.000559,0.641698,9.34962,0.741299,0.746683,0.00705073,1,0.625,8,0.0985797,3,0.997011,0.99774
B1_03,B1,289,1156.0,8,8,0,0,100.000000,0,0.001970,0.659419,8.41368,0.768174,0.727496,0.0183658,1,0.875,8,0.107163,3,0.995743,0.997198
B1_03,B1,290,1160.0,9,9,0,0,100.000000,0,0.005414,0.857397,7.30411,0.763763,0.733745,0.0113751,1,0.705882,9,0.0934191,3,0.99635,0.997732
B1_03,B1,291,1164.0,9,9,0,0,100.000000,0,0.000716,0.378592,51.4339,0.671848,0.702558,0.0171371,1,0.2,9,0.0897439,4,0.991941,0.997954
B1_03,B1,292,1168.0,9,9,0,0,100.000000,0,0.002255,0.676707,8.33508,0.765065,0.708351,0.0231515,1,0.555556,9,0.0734581,3,0.997416,0.998004
B1_03,B1,293,1172.0,10,10,0,0,100.000000,0,0.002111,0.617944,8.41931,0.763967,0.707795,0.0136054,1,0.666667,10,0.0782691,3,0.996868,0.997657
B1_03,B1,294,1176.0,9,9,0,0,100.000000,0,0.005964,0.242978,65.7622,0.662314,0.742851,0.0758927,1,0.2,9,0.0613546,4,0.994419,0.997976
B1_03,B1,295,1180.0,8,8,0,0,100.000000,0,0.000970,0.356254,72.7672,0.665405,0.753003,0.0210442,1,0.222222,8,0.0766099,4,0.993632,0.997908
B1_03,B1,296,1184.0,8,8,0,0,100.000000,0,0.002856,0.632578,11.297,0.745885,0.733302,0.0161085,1,0.625,8,0.124165,3,0.995889,0.997371
B1_03,B1,297,1188.0,8,8,0,0,100.000000,0,0.001269,0.606207,9.81926,0.749684,0.742915,0.0114329,1,1,8,0.164986,3,0.997108,0.99776
B1_03,B1,298,1192.0,8,8,0,0,100.000000,0,0.001785,0.594517,8.76578,0.738013,0.730621,0.0164407,1,0.625,8,0.129925,3,0.996337,0.997768
B1_04,B1,0,0.0,8,8,0,0,100.000000,0,0.017311,0.834585,7.21117,0.738085,0.494712,0.0135109,1,1,8,0.163141,3,0.995135,0.998371
B1_04,B1,1,4.0,9,9,0,0,100.000000,0,0.000817,0.625032,9.00262,0.740718,0.559001,0.00628539,1,1,9,0.183732,3,0.997667,0.998429
B1_04,B1,2,8.0,9,9,0,0,100.000000,0,0.003215,0.653607,10.0555,0.744299,0.541237,0.0105371,1,1,9,0.158013,3,0.997724,0.998675
B1_04,B1,3,12.0,8,8,0,0,100.000000,0,0.004651,0.644061,13.3813,0.750697,0.551516,0.0106575,1,1,8,0.14995,3,0.99764,0.998391
B1_04,B1,4,16.0,9,9,0,0,100.000000,0,0.001075,0.718893,8.71015,0.751273,0.565596,0.00845288,1,1,9,0.134325,3,0.997718,0.998488
B1_04,B1,5,20.0,8,8,0,0,100.000000,0,0.000312,0.614366,11.4799,0.74425,0.542573,0.00640618,1,1,8,0.172319,3,0.997837,0.998372
B1_04,B1,6,24.0,9,9,0,0,100.000000,0,0.001446,0.700013,8.46279,0.746505,0.549921,0.00660846,1,1,9,0.163495,3,0.996233,0.998575
B1_04,B1,7,28.0,8,8,0,0,100.000000,0,0.000787,0.650698,9.34484,0.738778,0.542496,0.00882632,1,0.941176,8,0.149686,3,0.997935,0.998731
B1_04,B1,8,32.0,9,9,0,0,100.000000,0,0.000910,0.68795,10.1742,0.733936,0.565091,0.00666489,1,1,9,0.142901,3,0.997088,0.998633
B1_04,B1,9,36.0,9,9,0,0,100.000000,0,0.001611,0.738763,9.34048,0.744336,0.544469,0.00922908,1,1,9,0.163949,3,0.996885,0.998641
B1_04,B1,10,40.0,8,8,0,0,100.000000,0,0.001458,0.754047,11.3728,0.74267,0.552136,0.0101057,1,1,8,0.154001,3,0.997849,0.998519
B1_04,B1,11,44.0,9,9,0,0,100.000000,0,0.000869,0.67715,9.6998,0.748596,0.555423,0.00736375,1,1,9,0.173265,3,0.997633,0.998437
B1_04,B1,12,48.0,9,9,0,0,100.000000,0,0.000502,0.640721,9.58313,0.750294,0.539493,0.00972203,1,1,9,0.166545,3,0.997755,0.998964
B1_04,B1,13,52.0,8,8,0,0,100.000000,0,0.005398,0.673949,9.97557,0.747152,0.544367,0.0121262,1,1,8,0.163305,3,0.997278,0.997973
B1_04,B1,14,56.0,9,9,0,0,100.000000,0,0.001443,0.702572,8.08437,0.736126,0.558084,0.0101274,1,1,9,0.155245,3,0.997742,0.998239
B1_04,B1,15,60.0,9,9,0,0,100.000000,0,0.000688,0.687344,9.36751,0.751318,0.530136,0.00805233,1,0.823529,9,0.111058,3,0.997758,0.998301
B1_04,B1,16,64.0,8,8,0,0,100.000000,0,0.002806,0.693055,10.9574,0.747605,0.561583,0.00916268,1,1,8,0.203135,3,0.997824,0.998574
B1_04,B1,17,68.0,9,9,0,0,100.000000,0,0.000688,0.689103,9.33728,0.748274,0.555058,0.00873362,1,0.888889,9,0.11787,3,0.997756,0.998342
B1_04,B1,18,72.0,9,9,0,0,100.000000,0,0.020915,0.720268,9.637,0.747752,0.576145,0.0136319,1,0.941176,9,0.136644,3,0.994245,0.99818
B1_04,B1,19,76.0,8,8,0,0,100.000000,0,0.014151,0.815386,8.30705,0.759011,0.52716,0.010723,1,1,8,0.144946,3,0.996106,0.997727
B1_04,B1,20,80.0,9,9,0,0,100.000000,0,0.079265,0.691082,7.7318,0.746821,0.518707,0.0109481,1,1,9,0.188015,3,0.99768,0.998237
B1_04,B1,21,84.0,9,9,0,0,100.000000,0,0.011056,0.723521,8.74389,0.756132,0.581114,0.0106039,1,1,9,0.144876,3,0.997564,0.99869
B1_04,B1,22,88.0,8,8,0,0,100.000000,0,0.018254,0.696276,7.64721,0.71617,0.537457,0.0111933,1,0.875,8,0.150361,3,0.997564,0.998928
B1_04,B1,23,92.0,9,9,0,0,100.000000,0,0.010012,0.70052,10.6865,0.748974,0.493484,0.00843787,1,1,9,0.203251,3,0.997802,0.998574
B1_04,B1,24,96.0,9,9,0,0,100.000000,0,0.002675,0.719081,8.40958,0.754546,0.552706,0.00873362,1,1,9,0.197047,3,0.997625,0.998714
B1_04,B1,25,100.0,9,9,0,0,100.000000,0,0.000578,0.641834,8.64147,0.733368,0.585213,0.00763018,1,1,9,0.155821,3,0.997953,0.998335
B1_04,B1,26,104.0,8,8,0,0,100.000000,0,0.003990,0.658789,9.95607,0.747143,0.552913,0.0138067,1,0.941176,8,0.173677,3,0.997806,0.998763
B1_04,B1,27,108.0,9,9,0,0,100.000000,0,0.001347,0.681796,8.01856,0.734131,0.499084,0.00526436,1,1,9,0.246184,3,0.997328,0.998228
B1_04,B1,28,112.0,9,9,0,0,100.000000,0,0.005034,0.636792,9.53259,0.75035,0.506394,0.0112142,1,1,9,0.226329,3,0.998027,0.998558
B1_04,B1,29,116.0,9,9,0,0,100.000000,0,0.000999,0.682085,10.7994,0.75276,0.521241,0.00732147,1,1,9,0.233276,3,0.997766,0.998506
B1_04,B1,30,120.0,9,9,0,0,100.000000,0,0.000831,0.68267,9.85385,0.744561,0.523881,0.00741974,1,1,9,0.164463,3,0.997875,0.998623
B1_04,B1,31,124.0,9,9,0,0,100.000000,0,0.003709,0.672541,9.15022,0.749118,0.529238,0.0132722,1,1,9,0.175959,3,0.998029,0.998849
B1_04,B1,32,128.0,8,8,0,0,100.000000,0,0.020311,0.714734,9.32598,0.740597,0.527041,0.012434,1,0.933333,8,0.124698,3,0.996966,0.998568
B1_04,B1,33,132.0,9,9,0,0,100.000000,0,0.001499,0.681299,10.6194,0.752949,0.549789,0.00962229,1,0.941176,9,0.191119,3,0.997399,0.998132
B1_04,B1,34,136.0,9,9,0,0,100.000000,0,0.002449,0.71494,11.4211,0.753819,0.536621,0.007698,1,1,9,0.194067,3,0.99752,0.998342
B1_04,B1,35,140.0,9,9,0,0,100.000000,0,0.001532,0.647978,9.19126,0.749328,0.548628,0.0106811,1,1,9,0.20806,3,0.997734,0.998362
B1_04,B1,36,144.0,9,9,0,0,100.000000,0,0.001532,0.646144,8.99302,0.753041,0.574678,0.0108418,1,1,9,0.213432,3,0.997863,0.998326
B1_04,B1,37,148.0,9,9,0,0,100.000000,0,0.003585,0.690937,9.12347,0.738697,0.538907,0.0104484,1,1,9,0.199389,3,0.997493,0.99858
B1_04,B1,38,152.0,9,9,0,0,100.000000,0,0.001869,0.709477,8.38995,0.746907,0.550999,0.00873185,1,0.941176,9,0.13193,3,0.997494,0.998393
B1_04,B1,39,156.0,8,8,0,0,100.000000,0,0.003960,0.691254,7.98737,0.738255,0.53637,0.00946057,1,0.941176,8,0.18462,3,0.997649,0.998766
B1_04,B1,40,160.0,9,9,0,0,100.000000,0,0.013435,0.713424,7.42597,0.738831,0.531736,0.0119744,1,1,9,0.174012,3,0.997511,0.998618
B1_04,B1,41,164.0,9,9,0,0,100.000000,0,0.127401,0.774694,9.77518,0.758287,0.496635,0.0123976,1,1,9,0.193096,3,0.995342,0.997958
B1_04,B1,42,168.0,9,9,0,0,100.000000,0,0.002296,0.629758,10.5263,0.744892,0.534363,0.0132743,1,1,9,0.24095,3,0.997289,0.998656
B1_04,B1,43,172.0,9,9,0,0,100.000000,0,0.001139,0.679495,8.97474,0.73696,0.56146,0.00691583,1,1,9,0.190343,3,0.997887,0.998769
B1_04,B1,44,176.0,9,9,0,0,100.000000,0,0.092882,0.668624,10.3429,0.743116,0.488372,0.0108418,1,1,9,0.199826,3,0.997583,0.998473
B1_04,B1,45,180.0,8,8,0,0,100.000000,0,0.000661,0.362212,41.0157,0.671714,0.556184,0.00738095,1,0.222222,8,0.102764,4,0.996549,0.998385
B1_04,B1,46,184.0,9,9,0,0,100.000000,0,0.003583,0.65697,9.18326,0.73864,0.513067,0.00586641,1,1,9,0.190571,3,0.997936,0.998504
B1_04,B1,47,188.0,9,9,0,0,100.000000,0,0.001859,0.633157,11.1721,0.759606,0.513378,0.00738669,1,1,9,0.180029,3,0.997293,0.998282
B1_04,B1,48,192.0,9,9,0,0,100.000000,0,0.004540,0.685923,12.2161,0.760816,0.569289,0.0125708,1,1,9,0.169805,3,0.996996,0.99859
B1_04,B1,49,196.0,9,9,0,0,100.000000,0,0.001067,0.633656,9.64545,0.744556,0.523769,0.00525283,1,1,9,0.216387,3,0.998004,0.998828
B1_04,B1,50,200.0,9,9,0,0,100.000000,0,0.000314,0.631148,11.6702,0.748956,0.543049,0.00993808,1,1,9,0.20922,3,0.997677,0.998224
B1_04,B1,51,204.0,9,9,0,0,100.000000,0,0.000534,0.644442,9.86365,0.741385,0.502727,0.00880938,1,1,9,0.145771,3,0.997666,0.998671
B1_04,B1,52,208.0,9,9,0,0,100.000000,0,0.001316,0.652971,10.6494,0.750875,0.543924,0.00962229,1,0.941176,9,0.194839,3,0.997444,0.998355
B1_04,B1,53,212.0,8,8,0,0,100.000000,0,0.000598,0.602615,10.0103,0.743307,0.518881,0.00876988,1,0.941176,8,0.16612,3,0.997333,0.998451
B1_04,B1,54,216.0,9,9,0,0,100.000000,0,0.014825,0.473406,21.2624,0.661931,0.513109,0.00745309,1,0.2,9,0.205375,4,0.992558,0.998713
B1_04,B1,55,220.0,9,9,0,0,100.000000,0,0.010759,0.679535,10.3771,0.749625,0.536978,0.0152687,1,1,9,0.182538,3,0.997502,0.99809
B1_04,B1,56,224.0,9,9,0,0,100.000000,0,0.029594,0.701168,9.47409,0.741315,0.549152,0.0112142,1,1,9,0.190908,3,0.997777,0.998645
B1_04,B1,57,228.0,9,9,0,0,100.000000,0,0.042721,0.63644,11.0947,0.746223,0.515502,0.0108838,1,1,9,0.186563,3,0.997474,0.998207
B1_04,B1,58,232.0,10,10,0,0,100.000000,0,0.001258,0.650959,9.63277,0.74436,0.531878,0.00655092,1,0.947368,10,0.186139,3,0.997265,0.998121
B1_04,B1,59,236.0,10,10,0,0,100.000000,0,0.007162,0.619905,11.2553,0.755005,0.542728,0.0109623,1,0.947368,10,0.177792,3,0.996994,0.998431
B1_04,B1,60,240.0,9,9,0,0,100.000000,0,0.004121,0.615702,11.6491,0.763311,0.527726,0.0220675,1,1,9,0.192052,3,0.997809,0.998755
B1_04,B1,61,244.0,8,8,0,0,100.000000,0,0.008835,0.677931,11.6722,0.74625,0.533596,0.0211226,1,1,8,0.180541,3,0.997634,0.998651
B1_04,B1,62,248.0,9,9,0,0,100.000000,0,0.002824,0.619452,10.5847,0.74916,0.552193,0.0142092,1,1,9,0.158686,3,0.997137,0.998281
B1_04,B1,63,252.0,8,8,0,0,100.000000,0,0.000999,0.422103,39.3661,0.744099,0.559954,0.00711092,1,0.222222,8,0.111754,4,0.995763,0.998405
B1_04,B1,64,256.0,9,9,0,0,100.000000,0,0.000759,0.425326,31.8017,0.66395,0.55044,0.0102694,1,0.2,9,0.133981,4,0.99628,0.99874
B1_04,B1,65,260.0,8,8,0,0,100.000000,0,0.009532,0.676343,12.5379,0.754059,0.532524,0.0112871,1,1,8,0.192137,3,0.997746,0.998705
B1_04,B1,66,264.0,9,9,0,0,100.000000,0,0.006612,0.434674,33.2741,0.741894,0.556964,0.0131425,1,0.2,9,0.147954,4,0.995988,0.998426
B1_04,B1,67,268.0,9,9,0,0,100.000000,0,0.006387,0.680821,10.5122,0.746614,0.533338,0.0119224,1,0.941176,9,0.150818,3,0.997471,0.998085
B1_04,B1,68,272.0,8,8,0,0,100.000000,0,0.002104,0.699153,11.8248,0.743325,0.576323,0.00668964,1,0.933333,8,0.177133,3,0.997069,0.998256
B1_04,B1,69,276.0,9,9,0,0,100.000000,0,0.003988,0.677419,10.8337,0.747852,0.562506,0.0105403,1,1,9,0.168072,3,0.997897,0.998725
B1_04,B1,70,280.0,9,9,0,0,100.000000,0,0.004135,0.595484,15.0556,0.687955,0.546364,0.0110194,1,0.875,9,0.160289,4,0.996519,0.998305
B1_04,B1,71,284.0,9,9,0,0,100.000000,0,0.000630,0.678603,10.936,0.751998,0.525368,0.00989411,1,0.941176,9,0.21238,3,0.997067,0.998515
B1_04,B1,72,288.0,8,8,0,0,100.000000,0,0.233803,0.703549,10.2928,0.738186,0.513569,0.0110423,1,1,8,0.198438,3,0.997434,0.998857
B1_04,B1,73,292.0,9,9,0,0,100.000000,0,0.004912,0.658091,9.55497,0.730842,0.561059,0.0148445,1,1,9,0.140186,3,0.997446,0.998846
B1_04,B1,74,296.0,9,9,0,0,100.000000,0,0.000688,0.540196,20.6327,0.674446,0.51807,0.00379005,1,0.2,9,0.110813,4,0.997133,0.998625
B1_04,B1,75,300.0,8,8,0,0,100.000000,0,0.130917,0.702741,11.2217,0.744725,0.502536,0.0129418,1,1,8,0.18629,3,0.997647,0.998517
B1_04,B1,76,304.0,9,9,0,0,100.000000,0,0.001416,0.439274,20.5054,0.668831,0.485761,0.0104484,1,0.363636,9,0.243444,4,0.996124,0.998563
B1_04,B1,77,308.0,9,9,0,0,100.000000,0,0.007885,0.593765,13.8008,0.703279,0.504629,0.0115535,1,0.615385,9,0.206181,4,0.996552,0.99879
B1_04,B1,78,312.0,8,8,0,0,100.000000,0,0.000672,0.653446,9.74455,0.746146,0.491846,0.0103933,1,1,8,0.147775,3,0.997515,0.998823
B1_04,B1,79,316.0,9,9,0,0,100.000000,0,0.005807,0.497928,27.7856,0.748061,0.487459,0.0122096,1,0.2,9,0.174702,4,0.996858,0.999045
B1_04,B1,80,320.0,9,9,0,0,100.000000,0,0.021978,0.715303,9.13393,0.748581,0.557652,0.0131004,1,1,9,0.187798,3,0.9977,0.99897
B1_04,B1,81,324.0,9,9,0,0,100.000000,0,0.004912,0.659537,10.464,0.73514,0.536357,0.0106965,1,1,9,0.175851,3,0.997305,0.999144
B1_04,B1,82,328.0,8,8,0,0,100.000000,0,0.020361,0.723186,12.0577,0.744512,0.511548,0.0122262,1,0.933333,8,0.143957,3,0.996944,0.99852
B1_04,B1,83,332.0,9,9,0,0,100.000000,0,0.068428,0.504317,35.1487,0.662886,0.512656,0.0129455,1,0.2,9,0.19383,4,0.996346,0.998847
B1_04,B1,84,336.0,9,9,0,0,100.000000,0,0.004489,0.677823,10.7941,0.753492,0.510178,0.0131844,1,1,9,0.151489,3,0.997947,0.99864
B1_04,B1,85,340.0,9,9,0,0,100.000000,0,0.012791,0.680858,11.5623,0.761656,0.472811,0.0171583,1,1,9,0.220205,3,0.996402,0.998676
B1_04,B1,86,344.0,8,8,0,0,100.000000,0,0.041963,0.702468,10.2403,0.740186,0.430997,0.0178493,1,1,8,0.157156,3,0.997806,0.999015
B1_04,B1,87,348.0,10,10,0,0,100.000000,0,0.010460,0.531257,15.875,0.687947,0.474416,0.0111344,1,0.181818,10,0.137972,4,0.996207,0.998342
B1_04,B1,88,352.0,9,9,0,0,100.000000,0,0.003513,0.628941,10.694,0.748894,0.521299,0.0191332,1,1,9,0.155605,3,0.997806,0.998423
B1_04,B1,89,356.0,8,8,0,0,100.000000,0,0.052991,0.661577,10.9107,0.751292,0.511922,0.0126841,1,1,8,0.194206,3,0.997109,0.998926
B1_04,B1,90,360.0,9,9,0,0,100.000000,0,0.002434,0.575144,8.81723,0.746401,0.506947,0.018983,1,1,9,0.129399,3,0.997835,0.998778
B1_04,B1,91,364.0,9,9,0,0,100.000000,0,0.002863,0.633721,10.4644,0.746679,0.533233,0.0185485,1,1,9,0.146997,3,0.997882,0.998382
B1_04,B1,92,368.0,8,8,0,0,100.000000,0,0.005074,0.679352,12.3162,0.745516,0.503961,0.0158087,1,1,8,0.151103,3,0.997906,0.998922
B1_04,B1,93,372.0,9,9,0,0,100.000000,0,0.003988,0.677911,10.7566,0.751314,0.533401,0.0147201,1,1,9,0.122736,3,0.997777,0.998674
B1_04,B1,94,376.0,8,8,0,0,100.000000,0,0.013721,0.7062,11.8176,0.760672,0.489031,0.0166198,1,1,8,0.122998,3,0.996635,0.998908
B1_04,B1,95,380.0,9,9,0,0,100.000000,0,0.003465,0.580371,10.8586,0.747867,0.509075,0.0160586,1,1,9,0.135731,3,0.996728,0.998361
B1_04,B1,96,384.0,8,8,0,0,100.000000,0,0.006259,0.379499,38.2536,0.685743,0.532531,0.017696,1,0.222222,8,0.14922,4,0.993448,0.998032
B1_04,B1,97,388.0,9,9,0,0,100.000000,0,0.014702,0.578191,11.4517,0.750436,0.509726,0.0160056,1,1,9,0.178418,3,0.99746,0.998476
B1_04,B1,98,392.0,9,9,0,0,100.000000,0,0.004817,0.60857,13.1841,0.758293,0.557443,0.013749,1,0.941176,9,0.177797,3,0.997294,0.998801
B1_04,B1,99,396.0,8,8,0,0,100.000000,0,0.004035,0.635852,11.2148,0.745315,0.507785,0.01854,1,1,8,0.139585,3,0.9981,0.998777
B1_04,B1,100,400.0,9,9,0,0,100.000000,0,0.005703,0.40509,35.9943,0.657154,0.54608,0.0141133,1,0.2,9,0.0937623,4,0.996923,0.998618
B1_04,B1,101,404.0,9,9,0,0,100.000000,0,0.084296,0.581452,11.0518,0.752794,0.467443,0.0137508,1,0.941176,9,0.186931,3,0.998139,0.998839
B1_04,B1,102,408.0,9,9,0,0,100.000000,0,0.001244,0.533904,12.7135,0.744244,0.525765,0.0115197,1,1,9,0.212878,3,0.99775,0.998839
B1_04,B1,103,412.0,9,9,0,0,100.000000,0,0.007272,0.564367,13.3682,0.747503,0.46892,0.014218,1,1,9,0.176893,3,0.998015,0.998696
B1_04,B1,104,416.0,10,10,0,0,100.000000,0,0.059652,0.571227,12.2418,0.749315,0.52053,0.0121089,1,1,10,0.204707,3,0.997544,0.998506
B1_04,B1,105,420.0,9,9,0,0,100.000000,0,0.000499,0.563721,13.3889,0.742109,0.490439,0.00813169,1,1,9,0.215867,3,0.99777,0.998464
B1_04,B1,106,424.0,9,9,0,0,100.000000,0,0.000593,0.351061,36.2763,0.675733,0.556539,0.00555716,1,0.2,9,0.158738,4,0.997229,0.998871
B1_04,B1,107,428.0,10,10,0,0,100.000000,0,0.000281,0.528078,11.3515,0.736986,0.543163,0.00525131,1,1,10,0.222446,3,0.997968,0.998687
B1_04,B1,108,432.0,9,9,0,0,100.000000,0,0.000266,0.505258,13.3393,0.718111,0.567366,0.00758953,1,1,9,0.217736,3,0.998027,0.998754
B1_04,B1,109,436.0,9,9,0,0,100.000000,0,0.000759,0.410601,34.321,0.686031,0.551154,0.00776405,1,0.2,9,0.131642,4,0.996794,0.998846
B1_04,B1,110,440.0,9,9,0,0,100.000000,0,0.000759,0.356324,32.2955,0.673869,0.563853,0.00788913,1,0.2,9,0.157765,4,0.996606,0.998591
B1_04,B1,111,444.0,9,9,0,0,100.000000,0,0.000638,0.394527,33.6617,0.67372,0.527324,0.00979528,1,0.2,9,0.259531,4,0.995354,0.998708
B1_04,B1,112,448.0,9,9,0,0,100.000000,0,0.002707,0.54054,12.0615,0.742422,0.522839,0.00639916,1,1,9,0.20051,3,0.998095,0.998825
B1_04,B1,113,452.0,9,9,0,0,100.000000,0,0.004623,0.543541,12.1181,0.740833,0.504605,0.00298281,1,1,9,0.20537,3,0.998225,0.999061
B1_04,B1,114,456.0,9,9,0,0,100.000000,0,0.000800,0.553979,13.0419,0.740656,0.539834,0.00452489,1,1,9,0.203007,3,0.998293,0.99895
B1_04,B1,115,460.0,9,9,0,0,100.000000,0,0.000211,0.572347,11.8311,0.746735,0.528652,0.00708853,1,1,9,0.227129,3,0.997878,0.998472
B1_04,B1,116,464.0,9,9,0,0,100.000000,0,0.000995,0.404721,32.9253,0.675024,0.533518,0.00539464,1,0.2,9,0.111892,4,0.995944,0.998721
B1_04,B1,117,468.0,9,9,0,0,100.000000,0,0.000237,0.556111,13.2481,0.748743,0.533558,0.00608219,1,1,9,0.236535,3,0.997947,0.998617
B1_04,B1,118,472.0,10,10,0,0,100.000000,0,0.000330,0.506299,12.3369,0.738929,0.528014,0.00609756,1,0.947368,10,0.223466,3,0.99823,0.998766
B1_04,B1,119,476.0,9,9,0,0,100.000000,0,0.000798,0.339149,33.849,0.680645,0.53578,0.0080937,1,0.2,9,0.14084,4,0.996217,0.998411
B1_04,B1,120,480.0,9,9,0,0,100.000000,0,0.000237,0.523493,11.6099,0.743317,0.529169,0.00554431,1,1,9,0.222098,3,0.998017,0.998706
B1_04,B1,121,484.0,9,9,0,0,100.000000,0,0.000561,0.517399,12.2119,0.742305,0.51742,0.00721965,1,1,9,0.257697,3,0.998222,0.998793
B1_04,B1,122,488.0,10,10,0,0,100.000000,0,0.001107,0.474499,12.5421,0.738932,0.546197,0.00528944,1,0.947368,10,0.193291,3,0.997631,0.998615
B1_04,B1,123,492.0,9,9,0,0,100.000000,0,0.000450,0.471764,14.3366,0.743091,0.533463,0.00559607,1,1,9,0.179511,3,0.99771,0.998537
B1_04,B1,124,496.0,10,10,0,0,100.000000,0,0.001082,0.485012,12.2059,0.724817,0.568558,0.0029617,1,1,10,0.201832,3,0.997493,0.998039
B1_04,B1,125,500.0,9,9,0,0,100.000000,0,0.000389,0.527502,14.0567,0.736919,0.553656,0.00409468,1,1,9,0.177394,3,0.997678,0.998527
B1_04,B1,126,504.0,9,9,0,0,100.000000,0,0.000527,0.491423,13.4041,0.727183,0.566031,0.00566214,1,1,9,0.161361,3,0.997379,0.99877
B1_04,B1,127,508.0,10,10,0,0,100.000000,0,0.004526,0.454258,13.7306,0.745019,0.505053,0.00588642,1,0.947368,10,0.201104,3,0.997216,0.998955
B1_04,B1,128,512.0,9,9,0,0,100.000000,0,0.000801,0.348458,28.9902,0.686161,0.530665,0.00566214,1,0.2,9,0.180587,4,0.99669,0.998564
B1_04,B1,129,516.0,10,10,0,0,100.000000,0,0.000372,0.558944,11.442,0.740518,0.556839,0.00299622,1,1,10,0.213279,3,0.99709,0.998476
B1_04,B1,130,520.0,9,9,0,0,100.000000,0,0.000655,0.624469,13.5017,0.745532,0.548359,0.00314596,1,1,9,0.161736,3,0.996441,0.998079
B1_04,B1,131,524.0,10,10,0,0,100.000000,0,0.000467,0.501649,11.4105,0.734983,0.527991,0.00451825,1,1,10,0.206092,3,0.997637,0.998227
B1_04,B1,132,528.0,10,10,0,0,100.000000,0,0.000672,0.569125,12.3139,0.742624,0.560597,0.00480358,1,1,10,0.192818,3,0.997761,0.9985
B1_04,B1,133,532.0,9,9,0,0,100.000000,0,0.000372,0.448342,11.884,0.732808,0.542638,0.00419383,1,1,9,0.22287,3,0.997157,0.998446
B1_04,B1,134,536.0,10,10,0,0,100.000000,0,0.001026,0.292891,28.46,0.659171,0.570824,0.00549463,1,0.181818,10,0.279281,4,0.995951,0.998122
B1_04,B1,135,540.0,10,10,0,0,100.000000,0,0.001064,0.487918,11.6938,0.734921,0.573519,0.00400606,1,1,10,0.183476,3,0.997314,0.998358
B1_04,B1,136,544.0,9,9,0,0,100.000000,0,0.002219,0.299417,31.6806,0.658184,0.541601,0.00320697,1,0.2,9,0.20347,4,0.996623,0.99894
B1_04,B1,137,548.0,10,10,0,0,100.000000,0,0.001350,0.378442,15.2086,0.700233,0.535828,0.00608919,1,0.888889,10,0.201089,3,0.996306,0.998117
B1_04,B1,138,552.0,10,10,0,0,100.000000,0,0.000668,0.502115,12.1526,0.742435,0.579485,0.00549463,1,1,10,0.186632,3,0.997666,0.998065
B1_04,B1,139,556.0,9,9,0,0,100.000000,0,0.000487,0.35928,28.5709,0.672444,0.549743,0.00480769,1,0.2,9,0.232598,4,0.996835,0.998633
B1_04,B1,140,560.0,10,10,0,0,100.000000,0,0.001115,0.390198,32.9503,0.66836,0.565109,0.00448957,1,0.181818,10,0.173599,4,0.995716,0.997977
B1_04,B1,141,564.0,9,9,0,0,100.000000,0,0.000652,0.593179,12.6001,0.734408,0.543082,0.00413377,1,1,9,0.187326,3,0.99774,0.998302
B1_04,B1,142,568.0,10,10,0,0,100.000000,0,0.000363,0.528814,11.5992,0.743475,0.544001,0.00544186,1,1,10,0.219153,3,0.997186,0.998337
B1_04,B1,143,572.0,10,10,0,0,100.000000,0,0.000363,0.563565,11.0661,0.738999,0.529574,0.00302506,1,1,10,0.206599,3,0.997569,0.998355
B1_04,B1,144,576.0,9,9,0,0,100.000000,0,0.001047,0.417688,35.3594,0.680745,0.590643,0.0046383,1,0.2,9,0.132717,4,0.995575,0.99817
B1_04,B1,145,580.0,10,10,0,0,100.000000,0,0.000550,0.314391,25.3237,0.732608,0.61882,0.00299622,1,0.333333,10,0.162612,4,0.994851,0.998238
B1_04,B1,146,584.0,9,9,0,0,100.000000,0,0.001047,0.363075,17.1138,0.698781,0.577752,0.00483092,1,0.363636,9,0.129053,4,0.995026,0.998206
B1_04,B1,147,588.0,10,10,0,0,100.000000,0,0.000427,0.492537,11.5998,0.734912,0.564942,0.00400606,1,1,10,0.221075,3,0.99743,0.998295
B1_04,B1,148,592.0,10,10,0,0,100.000000,0,0.001064,0.504129,10.7244,0.736765,0.581946,0.00643087,1,1,10,0.201114,3,0.997832,0.998623
B1_04,B1,149,596.0,9,9,0,0,100.000000,0,0.000339,0.532877,12.3666,0.739079,0.56641,0.00581313,1,1,9,0.21437,3,0.997603,0.998425
B1_04,B1,150,600.0,10,10,0,0,100.000000,0,0.000532,0.408539,15.1832,0.691945,0.591302,0.00454731,1,0.75,10,0.224638,3,0.996623,0.998207
B1_04,B1,151,604.0,10,10,0,0,100.000000,0,0.000795,0.347348,29.7507,0.668777,0.616467,0.00479843,1,0.181818,10,0.177101,4,0.996075,0.998055
B1_04,B1,152,608.0,9,9,0,0,100.000000,0,0.000803,0.531934,11.9359,0.733392,0.563486,0.00419383,1,0.947368,9,0.202294,3,0.997593,0.998178
B1_04,B1,153,612.0,10,10,0,0,100.000000,0,0.001168,0.527252,10.4632,0.748055,0.588577,0.00544186,1,1,10,0.201315,3,0.997642,0.99852
B1_04,B1,154,616.0,9,9,0,0,100.000000,0,0.001021,0.377485,37.6136,0.679507,0.598928,0.00478469,1,0.2,9,0.19177,4,0.996477,0.998386
B1_04,B1,155,620.0,10,10,0,0,100.000000,0,0.000862,0.37103,33.7722,0.667918,0.589354,0.00661418,1,0.181818,10,0.10993,4,0.996594,0.99843
B1_04,B1,156,624.0,10,10,0,0,100.000000,0,0.000826,0.51927,12.647,0.746406,0.556358,0.00641026,1,1,10,0.187551,3,0.997312,0.998195
B1_04,B1,157,628.0,9,9,0,0,100.000000,0,0.000789,0.560102,12.9882,0.735321,0.570247,0.00480769,1,1,9,0.191645,3,0.997333,0.998183
B1_04,B1,158,632.0,10,10,0,0,100.000000,0,0.000862,0.36322,33.9316,0.667432,0.591972,0.0054535,1,0.181818,10,0.156998,4,0.99665,0.998365
B1_04,B1,159,636.0,10,10,0,0,100.000000,0,0.000586,0.549815,10.8052,0.753742,0.565835,0.00479843,1,1,10,0.188363,3,0.997742,0.99871
B1_04,B1,160,640.0,9,9,0,0,100.000000,0,0.000472,0.61943,12.5748,0.739127,0.598384,0.00413377,1,1,9,0.166056,3,0.997501,0.9984
B1_04,B1,161,644.0,10,10,0,0,100.000000,0,0.000819,0.341198,34.6146,0.667441,0.59484,0.00475759,1,0.181818,10,0.136918,4,0.996685,0.998602
B1_04,B1,162,648.0,9,9,0,0,100.000000,0,0.000372,0.486268,11.4728,0.728162,0.551292,0.00318382,1,1,9,0.207366,3,0.997115,0.998276
B1_04,B1,163,652.0,10,10,0,0,100.000000,0,0.000361,0.383659,36.666,0.666817,0.614427,0.00400606,1,0.181818,10,0.111067,4,0.997046,0.998414
B1_04,B1,164,656.0,10,10,0,0,100.000000,0,0.000839,0.519773,12.3171,0.748859,0.605148,0.00456198,1,1,10,0.186925,3,0.997658,0.998837
B1_04,B1,165,660.0,9,9,0,0,100.000000,0,0.000315,0.564789,12.683,0.743031,0.595255,0.00582726,1,1,9,0.216812,3,0.997617,0.998615
B1_04,B1,166,664.0,10,10,0,0,100.000000,0,0.000565,0.32449,32.9705,0.718765,0.591866,0.00645161,1,0.181818,10,0.217475,4,0.996457,0.998526
B1_04,B1,167,668.0,10,10,0,0,100.000000,0,0.000970,0.505084,10.8547,0.743209,0.572176,0.00480358,1,1,10,0.195483,3,0.997534,0.998356
B1_04,B1,168,672.0,9,9,0,0,100.000000,0,0.000671,0.336081,35.0011,0.67284,0.586074,0.00683195,1,0.2,9,0.213237,4,0.993515,0.998128
B1_04,B1,169,676.0,10,10,0,0,100.000000,0,0.000281,0.536089,12.3811,0.738568,0.579914,0.00456198,1,1,10,0.223479,3,0.997909,0.998592
B1_04,B1,170,680.0,10,10,0,0,100.000000,0,0.001083,0.501387,12.2968,0.739046,0.60845,0.00484522,1,1,10,0.199722,3,0.997264,0.998273
B1_04,B1,171,684.0,10,10,0,0,100.000000,0,0.000545,0.393747,43.3086,0.752136,0.593793,0.00608919,1,1,10,0.135881,4,0.995174,0.998218
B1_04,B1,172,688.0,9,9,0,0,100.000000,0,0.000458,0.397456,28.8956,0.734536,0.536326,0.00317617,1,0.947368,9,0.17583,4,0.997799,0.998359
B1_04,B1,173,692.0,10,10,0,0,100.000000,0,0.000826,0.568185,11.032,0.741531,0.595587,0.00398897,1,1,10,0.197796,3,0.997336,0.998144
B1_04,B1,174,696.0,9,9,0,0,100.000000,0,0.000484,0.605228,12.365,0.730533,0.618518,0.00634473,1,1,9,0.200157,3,0.997618,0.998307
B1_04,B1,175,700.0,10,10,0,0,100.000000,0,0.000562,0.505509,11.286,0.75022,0.600669,0.00451825,1,1,10,0.099617,3,0.997419,0.998626
B1_04,B1,176,704.0,10,10,0,0,100.000000,0,0.000594,0.507351,7.60989,0.733268,0.572057,0.00479843,1,0.9,10,0.168123,3,0.997676,0.998613
B1_04,B1,177,708.0,9,9,0,0,100.000000,0,0.000688,0.541638,16.2689,0.705225,0.505117,0.00673248,1,0.2,9,0.152171,4,0.996371,0.998779
B1_04,B1,178,712.0,10,10,0,0,100.000000,0,0.000859,0.570566,11.3885,0.74811,0.572632,0.00398897,1,1,10,0.185876,3,0.99761,0.998761
B1_04,B1,179,716.0,9,9,0,0,100.000000,0,0.002163,0.549015,12.2929,0.744811,0.565561,0.0116642,1,1,9,0.16238,3,0.997755,0.998605
B1_04,B1,180,720.0,10,10,0,0,100.000000,0,0.000639,0.563051,11.4041,0.744788,0.595074,0.00466333,1,1,10,0.1915,3,0.997779,0.998686
B1_04,B1,181,724.0,9,9,0,0,100.000000,0,0.000458,0.487266,10.7148,0.733789,0.53515,0.00407541,1,1,9,0.170934,3,0.997672,0.998387
B1_04,B1,182,728.0,10,10,0,0,100.000000,0,0.000244,0.545607,11.9228,0.7437,0.561136,0.00441942,1,0.947368,10,0.223724,3,0.998002,0.998353
B1_04,B1,183,732.0,9,9,0,0,100.000000,0,0.000285,0.485146,12.8085,0.740179,0.5354,0.00308722,1,1,9,0.216587,3,0.998294,0.998826
B1_04,B1,184,736.0,9,9,0,0,100.000000,0,0.000662,0.494429,11.995,0.743701,0.564744,0.00450871,1,1,9,0.196219,3,0.998229,0.998874
B1_04,B1,185,740.0,10,10,0,0,100.000000,0,0.000639,0.559624,12.4993,0.743656,0.573055,0.00533929,1,1,10,0.196447,3,0.997885,0.998663
B1_04,B1,186,744.0,9,9,0,0,100.000000,0,0.000330,0.545944,12.8495,0.741322,0.568176,0.00311631,1,1,9,0.172383,3,0.997914,0.99847
B1_04,B1,187,748.0,10,10,0,0,100.000000,0,0.000701,0.555592,11.4283,0.740603,0.555341,0.00395106,1,0.947368,10,0.194594,3,0.997835,0.998634
B1_04,B1,188,752.0,9,9,0,0,100.000000,0,0.002288,0.627953,13.2465,0.739805,0.523595,0.00314596,1,1,9,0.178306,3,0.998155,0.998736
B1_04,B1,189,756.0,10,10,0,0,100.000000,0,0.000382,0.563093,12.3268,0.743925,0.574578,0.00539008,1,1,10,0.174818,3,0.99784,0.998795
B1_04,B1,190,760.0,9,9,0,0,100.000000,0,0.000375,0.599295,13.8353,0.751963,0.584164,0.00480769,1,1,9,0.173076,3,0.997407,0.998594
B1_04,B1,191,764.0,10,10,0,0,100.000000,0,0.000441,0.592381,12.0757,0.75397,0.594287,0.0054015,1,1,10,0.167623,3,0.996339,0.998544
B1_04,B1,192,768.0,9,9,0,0,100.000000,0,0.000841,0.571283,12.0457,0.739885,0.548036,0.00462722,1,1,9,0.199884,3,0.997986,0.998493
B1_04,B1,193,772.0,10,10,0,0,100.000000,0,0.000862,0.548167,10.6268,0.740443,0.544108,0.00628931,1,1,10,0.190828,3,0.997556,0.998713
B1_04,B1,194,776.0,9,9,0,0,100.000000,0,0.000337,0.542945,12.3647,0.750519,0.567178,0.0080937,1,1,9,0.141442,3,0.997911,0.998659
B1_04,B1,195,780.0,9,9,0,0,100.000000,0,0.000344,0.594835,9.15671,0.741267,0.581783,0.00407541,1,1,9,0.173321,3,0.997948,0.998541
B1_04,B1,196,784.0,10,10,0,0,100.000000,0,0.000274,0.571094,9.76334,0.746754,0.551605,0.00642796,1,0.947368,10,0.206342,3,0.997994,0.998659
B1_04,B1,197,788.0,9,9,0,0,100.000000,0,0.000738,0.589389,11.6717,0.746367,0.604549,0.00769519,1,1,9,0.187588,3,0.997634,0.998443
B1_04,B1,198,792.0,9,9,0,0,100.000000,0,0.000353,0.512318,10.1373,0.743446,0.554571,0.00449824,1,1,9,0.155232,3,0.99793,0.998463
B1_04,B1,199,796.0,10,10,0,0,100.000000,0,0.001576,0.563335,11.0123,0.735722,0.54666,0.010637,1,0.947368,10,0.248026,3,0.998004,0.998641
B1_04,B1,200,800.0,9,9,0,0,100.000000,0,0.000237,0.536016,11.9662,0.743497,0.547308,0,1,1,9,0.227275,3,0.998288,0.998809
B1_04,B1,201,804.0,9,9,0,0,100.000000,0,0.000237,0.54078,13.1043,0.7493,0.561464,0.00907115,1,1,9,0.207511,3,0.998346,0.998842
B1_04,B1,202,808.0,9,9,0,0,100.000000,0,0.000211,0.593471,12.8982,0.744278,0.554245,0.00790891,1,1,9,0.228782,3,0.997817,0.998388
B1_04,B1,203,812.0,9,9,0,0,100.000000,0,0.000857,0.354896,36.3587,0.740893,0.593583,0.00544362,1,0.2,9,0.181481,4,0.997096,0.99863
B1_04,B1,204,816.0,9,9,0,0,100.000000,0,0.000237,0.580614,12.3701,0.749585,0.531347,0.00545601,1,1,9,0.224142,3,0.997899,0.998721
B1_04,B1,205,820.0,9,9,0,0,100.000000,0,0.000593,0.357352,37.9925,0.672325,0.584466,0.00458716,1,0.2,9,0.107894,4,0.997188,0.998637
B1_04,B1,206,824.0,9,9,0,0,100.000000,0,0.001141,0.595301,11.4479,0.75208,0.560838,0.01285,1,1,9,0.271003,3,0.997978,0.998542
B1_04,B1,207,828.0,9,9,0,0,100.000000,0,0.004054,0.620119,9.77123,0.737361,0.568253,0.0114161,1,1,9,0.158362,3,0.997917,0.998555
B1_04,B1,208,832.0,9,9,0,0,100.000000,0,0.000514,0.564467,11.9502,0.752133,0.516122,0.00819469,1,1,9,0.244311,3,0.998054,0.998907
B1_04,B1,209,836.0,9,9,0,0,100.000000,0,0.006962,0.585762,11.5668,0.765343,0.593081,0.0163466,1,1,9,0.204773,3,0.998028,0.998617
B1_04,B1,210,840.0,9,9,0,0,100.000000,0,0.019623,0.377897,37.8173,0.752362,0.555948,0.0171496,1,0.2,9,0.198581,4,0.992153,0.999131
B1_04,B1,211,844.0,10,10,0,0,100.000000,0,0.013853,0.542478,11.006,0.746628,0.608901,0.0111745,1,1,10,0.198878,3,0.997192,0.998709
B1_04,B1,212,848.0,10,10,0,0,100.000000,0,0.000437,0.508363,11.2392,0.735766,0.581824,0.00965904,1,1,10,0.249577,3,0.997225,0.998368
B1_04,B1,213,852.0,9,9,0,0,100.000000,0,0.000375,0.544151,13.956,0.753456,0.563562,0.00952381,1,1,9,0.164443,3,0.997548,0.998824
B1_04,B1,214,856.0,10,10,0,0,100.000000,0,0.000317,0.543738,11.2462,0.755447,0.575771,0.0101952,1,1,10,0.218102,3,0.99715,0.998718
B1_04,B1,215,860.0,9,9,0,0,100.000000,0,0.001244,0.562498,11.6693,0.751572,0.577013,0.0105873,1,1,9,0.227625,3,0.998173,0.998678
B1_04,B1,216,864.0,9,9,0,0,100.000000,0,0.010016,0.611376,10.1795,0.747002,0.565326,0.0110383,1,0.947368,9,0.20307,3,0.9979,0.998832
B1_04,B1,217,868.0,9,9,0,0,100.000000,0,0.002095,0.60338,11.7604,0.745873,0.504221,0.00892857,1,1,9,0.188572,3,0.99796,0.998903
B1_04,B1,218,872.0,9,9,0,0,100.000000,0,0.005445,0.600719,10.6941,0.745355,0.559866,0.0127409,1,1,9,0.193248,3,0.997975,0.998551
B1_04,B1,219,876.0,9,9,0,0,100.000000,0,0.001957,0.607313,12.524,0.761997,0.557493,0.0188312,1,1,9,0.160018,3,0.998089,0.998741
B1_04,B1,220,880.0,9,9,0,0,100.000000,0,0.000249,0.569859,10.8401,0.74319,0.566635,0.00642187,1,1,9,0.245681,3,0.998104,0.998515
B1_04,B1,221,884.0,9,9,0,0,100.000000,0,0.000419,0.573398,12.0179,0.746629,0.583175,0.00660847,1,1,9,0.116631,3,0.997249,0.998687
B1_04,B1,222,888.0,10,10,0,0,100.000000,0,0.003555,0.53257,9.70972,0.752037,0.603672,0.0286876,1,0.947368,10,0.183461,3,0.998032,0.998675
B1_04,B1,223,892.0,8,8,0,0,100.000000,0,0.000384,0.553433,14.3848,0.739307,0.558585,0.0090834,1,1,8,0.134361,3,0.997788,0.998719
B1_04,B1,224,896.0,9,9,0,0,100.000000,0,0.002932,0.583326,10.4878,0.737417,0.498558,0.00875111,1,1,9,0.190261,3,0.997334,0.998425
B1_04,B1,225,900.0,9,9,0,0,100.000000,0,0.001141,0.580728,11.4815,0.753842,0.561347,0.0108385,1,1,9,0.207147,3,0.998022,0.998869
B1_04,B1,226,904.0,9,9,0,0,100.000000,0,0.002546,0.5764,10.2428,0.741204,0.558018,0.0136992,1,1,9,0.172632,3,0.998233,0.998926
B1_04,B1,227,908.0,9,9,0,0,100.000000,0,0.001696,0.563246,10.1339,0.739405,0.556588,0.0122708,1,1,9,0.270884,3,0.996842,0.998595
B1_04,B1,228,912.0,9,9,0,0,100.000000,0,0.009190,0.669534,9.73939,0.753579,0.5596,0.0135122,1,1,9,0.183993,3,0.997834,0.998764
B1_04,B1,229,916.0,9,9,0,0,100.000000,0,0.014933,0.684031,8.5253,0.748638,0.540938,0.0119317,1,0.888889,9,0.192785,3,0.997639,0.998805
B1_04,B1,230,920.0,9,9,0,0,100.000000,0,0.001055,0.709815,11.6896,0.757425,0.547707,0.00769434,1,1,9,0.20779,3,0.996667,0.998348
B1_04,B1,231,924.0,9,9,0,0,100.000000,0,0.003760,0.633001,11.0274,0.751942,0.536296,0.0107289,1,1,9,0.166712,3,0.997437,0.998477
B1_04,B1,232,928.0,9,9,0,0,100.000000,0,0.000564,0.579867,11.6884,0.74881,0.538175,0.00947823,1,1,9,0.190609,3,0.997941,0.998738
B1_04,B1,233,932.0,9,9,0,0,100.000000,0,0.001849,0.763602,8.8321,0.765901,0.581258,0.0098395,1,1,9,0.189777,3,0.998049,0.998456
B1_04,B1,234,936.0,9,9,0,0,100.000000,0,0.020847,0.669266,10.467,0.75593,0.551122,0.0124957,1,1,9,0.202978,3,0.996179,0.998657
B1_04,B1,235,940.0,10,10,0,0,100.000000,0,0.007335,0.42276,28.4555,0.681874,0.570317,0.0113851,1,0.181818,10,0.133157,4,0.994811,0.998604
B1_04,B1,236,944.0,9,9,0,0,100.000000,0,0.000372,0.512549,13.1186,0.735856,0.551376,0.00696657,1,1,9,0.210733,3,0.997203,0.998077
B1_04,B1,237,948.0,10,10,0,0,100.000000,0,0.000427,0.510292,12.7352,0.743534,0.538698,0.00657895,1,0.947368,10,0.266462,3,0.997044,0.998367
B1_04,B1,238,952.0,10,10,0,0,100.000000,0,0.000537,0.346157,27.9696,0.662753,0.568381,0.00549463,1,0.181818,10,0.264318,4,0.996653,0.998582
B1_04,B1,239,956.0,10,10,0,0,100.000000,0,0.000437,0.449981,12.1227,0.736194,0.556128,0.00460656,1,1,10,0.231458,3,0.996582,0.99794
B1_04,B1,240,960.0,10,10,0,0,100.000000,0,0.000415,0.440356,13.0062,0.72466,0.563806,0.00614875,1,1,10,0.243693,3,0.996934,0.998815
B1_04,B1,241,964.0,9,9,0,0,100.000000,0,0.000317,0.552563,11.8,0.733582,0.543506,0.00425565,1,1,9,0.218226,3,0.996766,0.998333
B1_04,B1,242,968.0,10,10,0,0,100.000000,0,0.000500,0.562289,9.46543,0.741769,0.508993,0.010039,1,1,10,0.134059,3,0.997569,0.998745
B1_04,B1,243,972.0,9,9,0,0,100.000000,0,0.000841,0.553598,13.0657,0.749752,0.546051,0.00913378,1,0.941176,9,0.187771,3,0.996341,0.998676
B1_04,B1,244,976.0,9,9,0,0,100.000000,0,0.000237,0.580033,11.6071,0.744963,0.55064,0.00967411,1,1,9,0.210154,3,0.998018,0.998996
B1_04,B1,245,980.0,9,9,0,0,100.000000,0,0.010016,0.565499,12.6993,0.748418,0.571929,0.0123822,1,0.947368,9,0.204123,3,0.997972,0.998889
B1_04,B1,246,984.0,9,9,0,0,100.000000,0,0.001281,0.39219,37.3129,0.753975,0.517877,0.00900901,1,0.2,9,0.263324,4,0.997043,0.999151
B1_04,B1,247,988.0,9,9,0,0,100.000000,0,0.000237,0.619344,11.7983,0.751164,0.535376,0.00629126,1,1,9,0.214211,3,0.998113,0.998654
B1_04,B1,248,992.0,10,10,0,0,100.000000,0,0.002239,0.602602,10.6559,0.752847,0.536836,0.0113384,1,0.947368,10,0.171358,3,0.99802,0.99865
B1_04,B1,249,996.0,9,9,0,0,100.000000,0,0.003018,0.579275,13.0461,0.749892,0.542635,0.0130393,1,1,9,0.170385,3,0.997636,0.998333
B1_04,B1,250,1000.0,10,10,0,0,100.000000,0,0.000419,0.556515,11.1991,0.734852,0.560581,0.0101031,1,0.947368,10,0.172318,3,0.997708,0.998719
B1_04,B1,251,1004.0,9,9,0,0,100.000000,0,0.000430,0.53009,11.4601,0.751265,0.545149,0.0105034,1,1,9,0.156133,3,0.997309,0.998378
B1_04,B1,252,1008.0,10,10,0,0,100.000000,0,0.000595,0.622858,11.4122,0.740567,0.586537,0.00597345,1,1,10,0.151966,3,0.997783,0.998452
B1_04,B1,253,1012.0,9,9,0,0,100.000000,0,0.000684,0.59226,12.5064,0.747759,0.573011,0.0041536,1,1,9,0.192454,3,0.997428,0.998962
B1_04,B1,254,1016.0,10,10,0,0,100.000000,0,0.000458,0.59229,12.1935,0.753771,0.498225,0.00945483,1,1,10,0.176883,3,0.997326,0.998618
B1_04,B1,255,1020.0,9,9,0,0,100.000000,0,0.000608,0.644495,11.9427,0.741839,0.561805,0.00473934,1,1,9,0.139597,3,0.997568,0.998579
B1_04,B1,256,1024.0,10,10,0,0,100.000000,0,0.000901,0.379606,36.9959,0.682637,0.539087,0.00979263,1,0.181818,10,0.100577,4,0.995748,0.998454
B1_04,B1,257,1028.0,9,9,0,0,100.000000,0,0.002940,0.383371,34.342,0.675955,0.536681,0.0138889,1,0.2,9,0.21051,4,0.996639,0.998605
B1_04,B1,258,1032.0,9,9,0,0,100.000000,0,0.001049,0.612244,11.4976,0.743292,0.530675,0.0164929,1,1,9,0.242098,3,0.997825,0.998638
B1_04,B1,259,1036.0,9,9,0,0,100.000000,0,0.001366,0.596226,12.2931,0.739815,0.559503,0.0109744,1,1,9,0.208278,3,0.998295,0.999008
B1_04,B1,260,1040.0,10,10,0,0,100.000000,0,0.007335,0.424967,20.0006,0.700047,0.527645,0.012466,1,0.181818,10,0.114368,4,0.994308,0.998557
B1_04,B1,261,1044.0,8,8,0,0,100.000000,0,0.003231,0.628568,13.8861,0.749928,0.497551,0.00917443,1,1,8,0.192286,3,0.99785,0.998956
B1_04,B1,262,1048.0,10,10,0,0,100.000000,0,0.046745,0.585894,9.7333,0.74384,0.498579,0.014812,1,0.947368,10,0.203313,3,0.997695,0.99878
B1_04,B1,263,1052.0,9,9,0,0,100.000000,0,0.004098,0.625713,11.8324,0.749862,0.567465,0.0105975,1,1,9,0.140851,3,0.997522,0.998515
B1_04,B1,264,1056.0,10,10,0,0,100.000000,0,0.004330,0.562394,12.3153,0.728067,0.504194,0.0107688,1,1,10,0.169899,3,0.997486,0.998879
B1_04,B1,265,1060.0,9,9,0,0,100.000000,0,0.003002,0.582544,9.48425,0.739316,0.499706,0.00683195,1,1,9,0.185086,3,0.997123,0.998365
B1_04,B1,266,1064.0,10,10,0,0,100.000000,0,0.005841,0.618764,10.9889,0.758526,0.537307,0.0196337,1,1,10,0.193656,3,0.997488,0.998605
B1_04,B1,267,1068.0,9,9,0,0,100.000000,0,0.000815,0.684683,11.1647,0.742172,0.56612,0.0091129,1,1,9,0.182106,3,0.997587,0.998757
B1_04,B1,268,1072.0,10,10,0,0,100.000000,0,0.006904,0.671203,9.18273,0.762998,0.541829,0.0149376,1,1,10,0.178601,3,0.99717,0.998715
B1_04,B1,269,1076.0,9,9,0,0,100.000000,0,0.003389,0.584415,10.1454,0.745035,0.51927,0.0106843,1,1,9,0.246152,3,0.998063,0.998709
B1_04,B1,270,1080.0,9,9,0,0,100.000000,0,0.000697,0.667802,9.91503,0.746955,0.503693,0.0104003,1,1,9,0.174572,3,0.997896,0.998515
B1_04,B1,271,1084.0,10,10,0,0,100.000000,0,0.000698,0.678255,11.2243,0.754749,0.510322,0.0100709,1,1,10,0.155509,3,0.997137,0.998728
B1_04,B1,272,1088.0,9,9,0,0,100.000000,0,0.000964,0.653911,10.1709,0.738168,0.50003,0.00640618,1,1,9,0.21098,3,0.997708,0.998401
B1_04,B1,273,1092.0,10,10,0,0,100.000000,0,0.000398,0.607678,11.5937,0.753851,0.529352,0.00662128,1,1,10,0.181172,3,0.997834,0.998525
B1_04,B1,274,1096.0,10,10,0,0,100.000000,0,0.000789,0.603533,10.108,0.759446,0.517404,0.00668592,1,1,10,0.215928,3,0.995885,0.998416
B1_04,B1,275,1100.0,10,10,0,0,100.000000,0,0.001227,0.645491,10.2711,0.743003,0.483882,0.00768594,1,1,10,0.271129,3,0.99741,0.998268
B1_04,B1,276,1104.0,10,10,0,0,100.000000,0,0.001130,0.389582,26.2352,0.666056,0.552088,0.00960081,1,0.333333,10,0.115618,4,0.995451,0.998324
B1_04,B1,277,1108.0,10,10,0,0,100.000000,0,0.000537,0.373678,34.2636,0.678181,0.575405,0.0058475,1,0.181818,10,0.206534,4,0.99651,0.998592
B1_04,B1,278,1112.0,11,11,0,0,100.000000,0,0.000767,0.66363,7.95197,0.732622,0.576165,0.00676148,1,0.952381,11,0.126215,3,0.997538,0.998296
B1_04,B1,279,1116.0,10,10,0,0,100.000000,0,0.007713,0.470843,34.0436,0.682164,0.557987,0.0106989,1,0.181818,10,0.127725,4,0.99535,0.998239
B1_04,B1,280,1120.0,11,11,0,0,100.000000,0,0.015954,0.515737,14.5731,0.716787,0.495362,0.0180556,1,0.166667,11,0.187282,3,0.992521,0.998401
B1_04,B1,281,1124.0,11,11,0,0,100.000000,0,0.000307,0.596169,9.14034,0.735764,0.560607,0.00431034,1,1,11,0.245736,3,0.997433,0.998634
B1_04,B1,282,1128.0,11,11,0,0,100.000000,0,0.000583,0.453221,35.0588,0.684414,0.534236,0.00486102,1,0.166667,11,0.194521,4,0.993552,0.997886
B1_04,B1,283,1132.0,11,11,0,0,100.000000,0,0.000337,0.424205,28.5043,0.672818,0.560084,0.00657895,1,0.166667,11,0.154929,4,0.993621,0.997268
B1_04,B1,284,1136.0,11,11,0,0,100.000000,0,0.000249,0.514039,28.8575,0.687273,0.5503,0.00546448,1,0.166667,11,0.291876,4,0.991318,0.998027
B1_04,B1,285,1140.0,10,10,0,0,100.000000,0,0.085349,0.693486,8.29616,0.746769,0.492049,0.0166378,1,1,10,0.196168,3,0.995929,0.99857
B1_04,B1,286,1144.0,10,10,0,0,100.000000,0,0.005467,0.737667,7.79581,0.752537,0.534283,0.0179983,1,1,10,0.26867,3,0.996018,0.99799
B1_04,B1,287,1148.0,10,10,0,0,100.000000,0,0.015211,0.786593,8.4364,0.757244,0.516166,0.0132344,1,1,10,0.145773,3,0.995721,0.998433
B1_04,B1,288,1152.0,10,10,0,0,100.000000,0,0.000963,0.541402,34.2022,0.652983,0.532702,0.00915349,1,0.181818,10,0.131228,4,0.993211,0.998086
B1_04,B1,289,1156.0,10,10,0,0,100.000000,0,0.000498,0.566418,8.91011,0.714278,0.531373,0.00856802,1,1,10,0.149519,3,0.996913,0.998268
B1_04,B1,290,1160.0,10,10,0,0,100.000000,0,0.001151,0.748844,8.59878,0.747904,0.528397,0.00313921,1,1,10,0.223577,3,0.996426,0.998313
B1_04,B1,291,1164.0,10,10,0,0,100.000000,0,0.001367,0.628792,8.59709,0.74379,0.557019,0.00752923,1,0.9,10,0.190856,3,0.997429,0.998599
B1_04,B1,292,1168.0,10,10,0,0,100.000000,0,0.001096,0.494486,31.9309,0.665358,0.57736,0.00966731,1,0.181818,10,0.0958732,4,0.994483,0.998671
B1_04,B1,293,1172.0,11,11,0,0,100.000000,0,0.000349,0.594499,8.69128,0.728324,0.529607,0.00865801,1,1,11,0.220155,3,0.995989,0.997802
B1_04,B1,294,1176.0,11,11,0,0,100.000000,0,0.009453,0.719893,8.17402,0.734846,0.509141,0.0216976,1,1,11,0.244214,3,0.990696,0.997227
B1_04,B1,295,1180.0,11,11,0,0,100.000000,0,0.003998,0.424402,33.9666,0.653617,0.547836,0.0150292,1,0.166667,11,0.182182,4,0.986855,0.99782
B1_04,B1,296,1184.0,11,11,0,0,100.000000,0,0.002880,0.638439,8.83379,0.737599,0.556128,0.0158372,1,1,11,0.139976,3,0.997082,0.998406
B1_04,B1,297,1188.0,11,11,0,0,100.000000,0,0.000307,0.600136,8.20673,0.748057,0.534651,0.0069373,1,1,11,0.253381,3,0.996306,0.998072
B1_04,B1,298,1192.0,11,11,0,0,100.000000,0,0.000358,0.43283,34.5194,0.676304,0.541064,0.00710198,1,0.166667,11,0.178047,4,0.994648,0.998669
B1_05,B1,0,0.0,9,9,0,0,100.000000,0,0.001037,0.784279,10.5099,0.728632,0.626291,0.00570253,1,1,9,0.141724,3,0.995018,0.998497
B1_05,B1,1,4.0,10,10,0,0,100.000000,0,0.000424,0.775791,9.91015,0.757706,0.718388,0.00638978,1,0.947368,10,0.148833,3,0.997494,0.998787
B1_05,B1,2,8.0,9,9,0,0,100.000000,0,0.000814,0.787566,9.5583,0.759837,0.71379,0.007497,1,1,9,0.121921,3,0.997275,0.998231
B1_05,B1,3,12.0,10,10,0,0,100.000000,0,0.000816,0.814763,10.6755,0.758989,0.696764,0.00636943,1,1,10,0.160743,3,0.995095,0.998214
B1_05,B1,4,16.0,9,9,0,0,100.000000,0,0.000466,0.817306,7.00857,0.756801,0.73151,0.00673435,1,1,9,0.174428,3,0.997413,0.998612
B1_05,B1,5,20.0,10,10,0,0,100.000000,0,0.000793,0.805377,8.83114,0.753775,0.706842,0.00632911,1,0.947368,10,0.145698,3,0.996944,0.998267
B1_05,B1,6,24.0,9,9,0,0,100.000000,0,0.000599,0.870729,9.76562,0.761181,0.649598,0.0066047,1,1,9,0.130115,3,0.995251,0.99786
B1_05,B1,7,28.0,10,10,0,0,100.000000,0,0.000836,0.781903,8.16381,0.769344,0.6746,0.00702675,1,0.9,10,0.142913,3,0.994415,0.998128
B1_05,B1,8,32.0,9,9,0,0,100.000000,0,0.000599,0.887934,9.55727,0.756956,0.680503,0.00665205,1,1,9,0.160804,3,0.996971,0.997398
B1_05,B1,9,36.0,10,10,0,0,100.000000,0,0.000762,0.768017,10.4758,0.751085,0.668961,0.0054015,1,1,10,0.148591,3,0.995098,0.997946
B1_05,B1,10,40.0,9,9,0,0,100.000000,0,0.000602,0.837606,7.31802,0.764463,0.733385,0.00570253,1,0.888889,9,0.134939,3,0.996883,0.99827
B1_05,B1,11,44.0,10,10,0,0,100.000000,0,0.001131,0.768331,7.39566,0.756737,0.693953,0.00446124,1,1,10,0.196375,3,0.996558,0.997894
B1_05,B1,12,48.0,9,9,0,0,100.000000,0,0.000599,0.880602,9.60515,0.77063,0.662249,0.00813169,1,1,9,0.127907,3,0.996283,0.998271
B1_05,B1,13,52.0,10,10,0,0,100.000000,0,0.006225,0.768325,8.12132,0.731648,0.695579,0.0132433,1,0.777778,10,0.0385064,3,0.997619,0.998192
B1_05,B1,14,56.0,9,9,0,0,100.000000,0,0.000555,0.823434,9.32487,0.759761,0.689173,0.00769519,1,1,9,0.207594,3,0.997711,0.998296
B1_05,B1,15,60.0,9,9,0,0,100.000000,0,0.002982,0.828814,9.35314,0.761722,0.741148,0.0129785,1,1,9,0.170733,3,0.996571,0.998141
B1_05,B1,16,64.0,9,9,0,0,100.000000,0,0.010670,0.795498,8.77195,0.764082,0.639238,0.0134634,1,1,9,0.201117,3,0.993312,0.998647
B1_05,B1,17,68.0,10,10,0,0,100.000000,0,0.000698,0.838734,7.84241,0.760561,0.700108,0.00580786,1,0.888889,10,0.122283,3,0.994282,0.998172
B1_05,B1,18,72.0,9,9,0,0,100.000000,0,0.000530,0.644161,9.2117,0.72446,0.749908,0.00401868,1,0.823529,9,0.0863085,3,0.996226,0.998422
B1_05,B1,19,76.0,9,9,0,0,100.000000,0,0.000670,0.628081,10.2973,0.762269,0.684472,0.00805605,1,0.888889,9,0.189872,3,0.989084,0.998138
B1_05,B1,20,80.0,10,10,0,0,100.000000,0,0.000533,0.66295,11.2637,0.772436,0.661404,0.00462475,1,0.947368,10,0.181273,3,0.996351,0.998516
B1_05,B1,21,84.0,9,9,0,0,100.000000,0,0.000439,0.623936,13.5306,0.75266,0.699489,0.00642187,1,1,9,0.176618,3,0.996754,0.998422
B1_05,B1,22,88.0,9,9,0,0,100.000000,0,0.000168,0.608871,13.2556,0.749233,0.70465,0.00648722,1,1,9,0.221655,3,0.995789,0.998807
B1_05,B1,23,92.0,9,9,0,0,100.000000,0,0.000177,0.598518,13.4499,0.733442,0.692387,0.00651711,1,1,9,0.177493,3,0.996815,0.99869
B1_05,B1,24,96.0,9,9,0,0,100.000000,0,0.002035,0.784701,11.3076,0.756072,0.724327,0.00605435,1,1,9,0.20092,3,0.996593,0.998457
B1_05,B1,25,100.0,9,9,0,0,100.000000,0,0.000437,0.74979,10.1776,0.765302,0.664005,0.00716992,1,1,9,0.208909,3,0.993206,0.998594
B1_05,B1,26,104.0,10,10,0,0,100.000000,0,0.000617,0.683767,9.29453,0.765891,0.706722,0.00766733,1,0.842105,10,0.186389,3,0.997444,0.998358
B1_05,B1,27,108.0,9,9,0,0,100.000000,0,0.000597,0.693552,10.2269,0.760238,0.698814,0.00462963,1,0.888889,9,0.19751,3,0.99628,0.998549
B1_05,B1,28,112.0,9,9,0,0,100.000000,0,0.001049,0.720926,9.84095,0.762208,0.647735,0.00783733,1,1,9,0.199794,3,0.995405,0.998192
B1_05,B1,29,116.0,9,9,0,0,100.000000,0,0.003145,0.722052,12.476,0.771396,0.674638,0.0113395,1,1,9,0.156128,3,0.997482,0.998239
B1_05,B1,30,120.0,9,9,0,0,100.000000,0,0.000190,0.529289,11.1454,0.767939,0.697225,0.00628539,1,0.777778,9,0.208445,3,0.995667,0.998675
B1_05,B1,31,124.0,9,9,0,0,100.000000,0,0.000267,0.4694,13.0186,0.767186,0.703639,0.00993808,1,0.888889,9,0.194519,3,0.997183,0.998671
B1_05,B1,32,128.0,8,8,0,0,100.000000,0,0.002692,0.607174,17.5671,0.772194,0.67128,0.0164066,1,1,8,0.201045,3,0.997994,0.998344
B1_05,B1,33,132.0,9,9,0,0,100.000000,0,0.000618,0.592248,14.0267,0.76829,0.699962,0.0105868,1,1,9,0.1682,3,0.997783,0.998658
B1_05,B1,34,136.0,9,9,0,0,100.000000,0,0.000182,0.505662,11.3767,0.761993,0.653297,0.00880938,1,1,9,0.258823,3,0.995683,0.998686
B1_05,B1,35,140.0,9,9,0,0,100.000000,0,0.000423,0.457961,13.2169,0.757498,0.682428,0.00628539,1,1,9,0.202913,3,0.996917,0.998566
B1_05,B1,36,144.0,9,9,0,0,100.000000,0,0.000182,0.448655,9.81989,0.732561,0.71546,0.00821284,1,1,9,0.224251,3,0.997301,0.998672
B1_05,B1,37,148.0,9,9,0,0,100.000000,0,0.000272,0.463621,13.807,0.771823,0.680033,0.00617954,1,1,9,0.238859,3,0.993555,0.9979
B1_05,B1,38,152.0,9,9,0,0,100.000000,0,0.000691,0.434584,15.7099,0.729447,0.707637,0.0107434,1,0.823529,9,0.173232,3,0.997255,0.99876
B1_05,B1,39,156.0,8,8,0,0,100.000000,0,0.000260,0.482021,18.6324,0.740496,0.690869,0.00432472,1,0.933333,8,0.153032,3,0.994591,0.998667
B1_05,B1,40,160.0,9,9,0,0,100.000000,0,0.000281,0.489524,11.0438,0.751075,0.706717,0.00924934,1,0.888889,9,0.235362,3,0.996291,0.998393
B1_05,B1,41,164.0,9,9,0,0,100.000000,0,0.000377,0.568829,13.9522,0.765509,0.671549,0.00434783,1,1,9,0.181789,3,0.99703,0.998431
B1_05,B1,42,168.0,9,9,0,0,100.000000,0,0.000219,0.508453,11.2566,0.758088,0.673831,0.00865567,1,0.888889,9,0.17368,3,0.992595,0.998635
B1_05,B1,43,172.0,8,8,0,0,100.000000,0,0.000483,0.551733,11.1972,0.740765,0.624981,0.0102821,1,1,8,0.194007,3,0.995614,0.998416
B1_05,B1,44,176.0,9,9,0,0,100.000000,0,0.000301,0.459875,12.7536,0.755365,0.666262,0.00440529,1,1,9,0.218423,3,0.998084,0.998509
B1_05,B1,45,180.0,8,8,0,0,100.000000,0,0.001811,0.577313,17.457,0.771567,0.622626,0.0368738,1,1,8,0.18255,3,0.998272,0.998588
B1_05,B1,46,184.0,9,9,0,0,100.000000,0,0.006715,0.536699,11.2598,0.749404,0.695742,0.0231411,1,0.705882,9,0.203248,3,0.996064,0.998426
B1_05,B1,47,188.0,10,10,0,0,100.000000,0,0.002844,0.47924,15.1659,0.75676,0.733387,0.0136092,1,1,10,0.191981,3,0.997998,0.998363
B1_05,B1,48,192.0,10,10,0,0,100.000000,0,0.000250,0.472072,11.1242,0.74389,0.716694,0.00489829,1,0.9,10,0.268236,3,0.996135,0.997952
B1_05,B1,49,196.0,10,10,0,0,100.000000,0,0.000311,0.473937,13.8068,0.766154,0.686166,0.00649351,1,1,10,0.232648,3,0.996675,0.998445
B1_05,B1,50,200.0,9,9,0,0,100.000000,0,0.000494,0.464611,14.5147,0.76211,0.649466,0.00898933,1,0.888889,9,0.184607,3,0.995417,0.998187
B1_05,B1,51,204.0,10,10,0,0,100.000000,0,0.000267,0.401386,14.5936,0.750483,0.654908,0.00457674,1,1,10,0.207594,3,0.997323,0.998306
B1_05,B1,52,208.0,10,10,0,0,100.000000,0,0.000487,0.465747,16.2074,0.76426,0.680669,0.00608919,1,1,10,0.187911,3,0.997389,0.998423
B1_05,B1,53,212.0,9,9,0,0,100.000000,0,0.000264,0.571682,13.7423,0.755609,0.645238,0.00742568,1,1,9,0.174285,3,0.997032,0.998037
B1_05,B1,54,216.0,10,10,0,0,100.000000,0,0.000288,0.479907,12.4364,0.761561,0.680103,0.00765466,1,0.947368,10,0.156609,3,0.996395,0.998056
B1_05,B1,55,220.0,9,9,0,0,100.000000,0,0.000308,0.468172,8.99961,0.757061,0.670399,0.00405633,1,0.888889,9,0.224704,3,0.993349,0.998299
B1_05,B1,56,224.0,9,9,0,0,100.000000,0,0.000399,0.48594,14.2278,0.762678,0.690799,0.00469484,1,0.888889,9,0.189392,3,0.997364,0.998104
B1_05,B1,57,228.0,10,10,0,0,100.000000,0,0.000299,0.423835,12.8721,0.730899,0.693854,0.0092114,1,1,10,0.196962,3,0.99126,0.998621
B1_05,B1,58,232.0,9,9,0,0,100.000000,0,0.000172,0.543476,16.1504,0.757828,0.657767,0.00737308,1,1,9,0.163153,3,0.997756,0.998621
B1_05,B1,59,236.0,10,10,0,0,100.000000,0,0.000441,0.508706,13.1287,0.764454,0.675576,0.0054535,1,1,10,0.187536,3,0.995884,0.998312
B1_05,B1,60,240.0,9,9,0,0,100.000000,0,0.000248,0.407409,10.5836,0.742666,0.693838,0.00423484,1,0.888889,9,0.23147,3,0.996783,0.998264
B1_05,B1,61,244.0,10,10,0,0,100.000000,0,0.000253,0.522105,11.8133,0.768326,0.680549,0.00757074,1,0.947368,10,0.216233,3,0.993719,0.998389
B1_05,B1,62,248.0,10,10,0,0,100.000000,0,0.000311,0.482617,11.4654,0.762732,0.714522,0.00591721,1,0.947368,10,0.208822,3,0.995482,0.998476
B1_05,B1,63,252.0,9,9,0,0,100.000000,0,0.000166,0.452669,12.174,0.769138,0.717931,0.00616725,1,0.888889,9,0.215966,3,0.997245,0.998712
B1_05,B1,64,256.0,9,9,0,0,100.000000,0,0.000427,0.469267,17.3593,0.77049,0.699457,0.00450871,1,1,9,0.202558,3,0.997327,0.998199
B1_05,B1,65,260.0,9,9,0,0,100.000000,0,0.000551,0.450471,12.0891,0.77095,0.733888,0.013663,1,0.777778,9,0.250179,3,0.996788,0.998643
B1_05,B1,66,264.0,10,10,0,0,100.000000,0,0.000172,0.550302,12.4241,0.767118,0.673646,0.00609756,1,0.947368,10,0.226021,3,0.996627,0.998605
B1_05,B1,67,268.0,9,9,0,0,100.000000,0,0.000164,0.514988,12.8334,0.77068,0.685668,0.00783733,1,1,9,0.256039,3,0.997659,0.998588
B1_05,B1,68,272.0,9,9,0,0,100.000000,0,0.000153,0.555143,14.2272,0.767151,0.722539,0.00434678,1,0.823529,9,0.235027,3,0.997787,0.998583
B1_05,B1,69,276.0,9,9,0,0,100.000000,0,0.002926,0.51046,10.928,0.761825,0.723711,0.0110337,1,0.777778,9,0.202405,3,0.997246,0.998325
B1_05,B1,70,280.0,9,9,0,0,100.000000,0,0.000452,0.47422,14.4849,0.749267,0.714506,0.00390982,1,0.75,9,0.184472,3,0.9961,0.99843
B1_05,B1,71,284.0,9,9,0,0,100.000000,0,0.000166,0.427288,13.21,0.752755,0.744271,0.00995319,1,0.941176,9,0.244018,3,0.997739,0.99868
B1_05,B1,72,288.0,8,8,0,0,100.000000,0,0.000262,0.475056,14.6598,0.760863,0.684912,0.00946057,1,0.875,8,0.223405,3,0.997239,0.998134
B1_05,B1,73,292.0,9,9,0,0,100.000000,0,0.000716,0.390847,11.6853,0.743861,0.692645,0.00732147,1,1,9,0.204531,3,0.997209,0.998446
B1_05,B1,74,296.0,9,9,0,0,100.000000,0,0.000166,0.449156,11.1819,0.764849,0.718475,0.00690055,1,0.888889,9,0.23608,3,0.997445,0.998604
B1_05,B1,75,300.0,9,9,0,0,100.000000,0,0.000404,0.537421,12.6296,0.754007,0.674794,0.0102162,1,1,9,0.200449,3,0.996925,0.998183
B1_05,B1,76,304.0,9,9,0,0,100.000000,0,0.000178,0.491112,15.0084,0.762227,0.670989,0.00819469,1,1,9,0.234782,3,0.998038,0.998549
B1_05,B1,77,308.0,9,9,0,0,100.000000,0,0.000653,0.360555,12.4672,0.756813,0.751069,0.00292996,1,0.823529,9,0.201717,3,0.998087,0.998497
B1_05,B1,78,312.0,8,8,0,0,100.000000,0,0.000301,0.462316,16.7817,0.757444,0.713983,0.0062091,1,1,8,0.19095,3,0.997585,0.998638
B1_05,B1,79,316.0,9,9,0,0,100.000000,0,0.000281,0.475162,11.5922,0.771293,0.705353,0.00924934,1,0.888889,9,0.222485,3,0.997103,0.998384
B1_05,B1,80,320.0,9,9,0,0,100.000000,0,0.000281,0.474603,11.2533,0.771504,0.718687,0.00851205,1,0.888889,9,0.223047,3,0.997351,0.99845
B1_05,B1,81,324.0,9,9,0,0,100.000000,0,0.000178,0.416299,12.5478,0.760166,0.737331,0.00625758,1,1,9,0.22047,3,0.997321,0.998575
B1_05,B1,82,328.0,9,9,0,0,100.000000,0,0.000267,0.413371,17.4239,0.740592,0.785588,0.00589254,1,0.941176,9,0.183024,3,0.997113,0.998687
B1_05,B1,83,332.0,9,9,0,0,100.000000,0,0.000166,0.420345,11.9979,0.761359,0.717272,0.00773237,1,0.888889,9,0.241668,3,0.997253,0.998616
B1_05,B1,84,336.0,9,9,0,0,100.000000,0,0.000349,0.444411,10.5462,0.74011,0.679406,0.00697765,1,0.941176,9,0.279412,3,0.994903,0.99847
B1_05,B1,85,340.0,8,8,0,0,100.000000,0,0.000162,0.537708,13.4878,0.769067,0.673411,0.00809802,1,0.875,8,0.243698,3,0.997409,0.998751
B1_05,B1,86,344.0,10,10,0,0,100.000000,0,0.000250,0.454036,10.9817,0.76371,0.721236,0.0089622,1,0.777778,10,0.230172,3,0.997167,0.998269
B1_05,B1,87,348.0,9,9,0,0,100.000000,0,0.000308,0.489111,9.92152,0.767933,0.690263,0.00882229,1,0.888889,9,0.232572,3,0.993439,0.998087
B1_05,B1,88,352.0,9,9,0,0,100.000000,0,0.004530,0.499774,11.8882,0.763894,0.710356,0.0159039,1,1,9,0.199578,3,0.997404,0.998513
B1_05,B1,89,356.0,9,9,0,0,100.000000,0,0.000166,0.492338,13.8113,0.76467,0.722476,0.00738669,1,0.888889,9,0.241121,3,0.997458,0.998608
B1_05,B1,90,360.0,9,9,0,0,100.000000,0,0.000297,0.49563,12.7127,0.762493,0.63433,0.00809802,1,0.941176,8,0.2217,3,0.996719,0.9984
B1_05,B1,91,364.0,8,8,0,0,100.000000,0,0.001486,0.505498,16.6035,0.754491,0.70077,0.0165171,1,0.941176,9,0.160124,3,0.995546,0.998474
B1_05,B1,92,368.0,9,9,0,0,100.000000,0,0.000301,0.488257,12.9704,0.767529,0.696669,0.00637033,1,0.947368,9,0.231238,3,0.997438,0.998495
B1_05,B1,93,372.0,10,10,0,0,100.000000,0,0.000394,0.502783,14.2651,0.761005,0.677434,0.0103219,1,0.888889,10,0.201377,3,0.996629,0.99857
B1_05,B1,94,376.0,9,9,0,0,100.000000,0,0.000453,0.496194,12.2741,0.762944,0.59758,0.00994823,1,0.947368,9,0.17653,3,0.997826,0.998212
B1_05,B1,95,380.0,10,10,0,0,100.000000,0,0.000442,0.44247,10.1864,0.757273,0.726837,0.00661418,1,1,10,0.205083,3,0.995764,0.998301
B1_05,B1,96,384.0,9,9,0,0,100.000000,0,0.000248,0.416095,12.7627,0.752335,0.694246,0.00321476,1,0.888889,9,0.208486,3,0.996484,0.998191
B1_05,B1,97,388.0,10,10,0,0,100.000000,0,0.003288,0.494104,9.49405,0.767945,0.703602,0.0111575,1,0.9,10,0.203815,3,0.989579,0.998031
B1_05,B1,98,392.0,9,9,0,0,100.000000,0,0.000272,0.477788,11.5121,0.747843,0.626735,0.00985515,1,1,9,0.211378,3,0.995489,0.998013
B1_05,B1,99,396.0,10,10,0,0,100.000000,0,0.000274,0.490724,11.8033,0.769998,0.661513,0.00766733,1,0.947368,10,0.212677,3,0.993355,0.998422
B1_05,B1,100,400.0,9,9,0,0,100.000000,0,0.000716,0.410443,9.7261,0.746772,0.653618,0.00462963,1,1,9,0.203396,3,0.99717,0.998481
B1_05,B1,101,404.0,9,9,0,0,100.000000,0,0.000308,0.506191,10.6557,0.7662,0.648944,0.00460829,1,0.888889,9,0.222829,3,0.99542,0.998304
B1_05,B1,102,408.0,9,9,0,0,100.000000,0,0.000356,0.562319,12.5961,0.762374,0.681043,0.00550612,1,0.888889,9,0.205397,3,0.997403,0.998565
B1_05,B1,103,412.0,9,9,0,0,100.000000,0,0.000602,0.614067,12.2127,0.767873,0.654539,0.00602677,1,0.888889,9,0.201321,3,0.996791,0.998412
B1_05,B1,104,416.0,9,9,0,0,100.000000,0,0.000558,0.53107,12.1175,0.74561,0.697997,0.0135428,1,1,9,0.238427,3,0.994978,0.998652
B1_05,B1,105,420.0,9,9,0,0,100.000000,0,0.000716,0.49871,12.9529,0.754534,0.690035,0.00704058,1,1,9,0.20229,3,0.995976,0.998408
B1_05,B1,106,424.0,9,9,0,0,100.000000,0,0.001144,0.488856,9.98734,0.720952,0.630918,0.0105156,1,0.888889,9,0.215847,3,0.995544,0.998417
B1_05,B1,107,428.0,9,9,0,0,100.000000,0,0.000168,0.573772,10.8503,0.75672,0.668199,0.00437625,1,1,9,0.21227,3,0.996565,0.998631
B1_05,B1,108,432.0,9,9,0,0,100.000000,0,0.000309,0.433279,11.584,0.728152,0.714249,0.0054068,1,1,9,0.227268,3,0.99527,0.998374
B1_05,B1,109,436.0,9,9,0,0,100.000000,0,0.000273,0.490024,8.6096,0.755966,0.682219,0.00776405,1,0.777778,9,0.23423,3,0.997066,0.998504
B1_05,B1,110,440.0,10,10,0,0,100.000000,0,0.000157,0.549362,14.9016,0.761536,0.684593,0.00752849,1,0.888889,10,0.22686,3,0.998315,0.998718
B1_05,B1,111,444.0,9,9,0,0,100.000000,0,0.000153,0.531893,12.7553,0.768964,0.67976,0.00639916,1,0.888889,9,0.214554,3,0.997406,0.998616
B1_05,B1,112,448.0,9,9,0,0,100.000000,0,0.000168,0.544297,14.0838,0.764206,0.683314,0.0077465,1,1,9,0.23697,3,0.997076,0.998648
B1_05,B1,113,452.0,9,9,0,0,100.000000,0,0.000281,0.476117,15.9717,0.756803,0.722539,0.0062349,1,0.941176,9,0.236637,3,0.997527,0.99843
B1_05,B1,114,456.0,9,9,0,0,100.000000,0,0.000229,0.535554,17.7666,0.765267,0.67961,0.0076771,1,0.941176,9,0.219161,3,0.997822,0.99827
B1_05,B1,115,460.0,9,9,0,0,100.000000,0,0.000251,0.55998,14.8172,0.76347,0.679215,0.00898896,1,1,9,0.20896,3,0.996597,0.99835
B1_05,B1,116,464.0,9,9,0,0,100.000000,0,0.000483,0.491721,16.8742,0.751381,0.65419,0.00704058,1,1,9,0.18413,3,0.997707,0.998485
B1_05,B1,117,468.0,9,9,0,0,100.000000,0,0.000265,0.494937,12.8993,0.762559,0.637249,0.0098395,1,1,9,0.237208,3,0.997661,0.998207
B1_05,B1,118,472.0,9,9,0,0,100.000000,0,0.000168,0.533778,13.6731,0.762881,0.676489,0.00597235,1,1,9,0.244723,3,0.995876,0.998686
B1_05,B1,119,476.0,9,9,0,0,100.000000,0,0.000168,0.533956,12.9962,0.757442,0.622876,0.00843709,1,1,9,0.229856,3,0.996254,0.998637
B1_05,B1,120,480.0,9,9,0,0,100.000000,0,0.001158,0.503157,13.4744,0.759673,0.674911,0.0105873,1,0.888889,9,0.261246,3,0.992283,0.998542
B1_05,B1,121,484.0,9,9,0,0,100.000000,0,0.000717,0.562417,12.9901,0.772214,0.65896,0.011134,1,0.888889,9,0.2567,3,0.99734,0.998163
B1_05,B1,122,488.0,9,9,0,0,100.000000,0,0.000308,0.482383,11.3419,0.759911,0.629003,0.00783503,1,0.888889,9,0.214791,3,0.994426,0.998303
B1_05,B1,123,492.0,9,9,0,0,100.000000,0,0.000293,0.499774,12.1075,0.747393,0.71143,0.00442627,1,1,9,0.191478,3,0.992542,0.998618
B1_05,B1,124,496.0,9,9,0,0,100.000000,0,0.000555,0.513927,13.6917,0.750933,0.604553,0.00648722,1,1,9,0.189779,3,0.997865,0.998257
B1_05,B1,125,500.0,10,10,0,0,100.000000,0,0.000246,0.529718,15.239,0.768798,0.663469,0.00520308,1,1,10,0.238079,3,0.9976,0.998407
B1_05,B1,126,504.0,9,9,0,0,100.000000,0,0.000248,0.45425,13.9551,0.766961,0.670119,0.00721965,1,0.888889,9,0.206797,3,0.997704,0.998295
B1_05,B1,127,508.0,9,9,0,0,100.000000,0,0.000853,0.437774,13.5055,0.766618,0.677925,0.0112161,1,1,9,0.236011,3,0.995443,0.998281
B1_05,B1,128,512.0,9,9,0,0,100.000000,0,0.000164,0.574455,15.2888,0.767415,0.686858,0.00549351,1,1,9,0.233484,3,0.998146,0.998637
B1_05,B1,129,516.0,9,9,0,0,100.000000,0,0.000168,0.537987,13.6395,0.766158,0.66986,0.00762442,1,1,9,0.237553,3,0.994011,0.998605
B1_05,B1,130,520.0,10,10,0,0,100.000000,0,0.000170,0.511534,10.6986,0.757158,0.64911,0.0100096,1,0.842105,10,0.233876,3,0.996531,0.998804
B1_05,B1,131,524.0,9,9,0,0,100.000000,0,0.000263,0.588908,13.1952,0.760517,0.697472,0.00398173,1,1,9,0.190507,3,0.997333,0.998736
B1_05,B1,132,528.0,9,9,0,0,100.000000,0,0.000275,0.522436,12.5406,0.760116,0.636531,0.00765964,1,0.888889,9,0.219665,3,0.997513,0.998541
B1_05,B1,133,532.0,9,9,0,0,100.000000,0,0.000356,0.536418,13.5188,0.756919,0.650849,0.00769519,1,0.888889,9,0.202131,3,0.997261,0.998781
B1_05,B1,134,536.0,9,9,0,0,100.000000,0,0.000344,0.533964,14.4063,0.756634,0.612051,0.00723638,1,1,9,0.170274,3,0.996885,0.998189
B1_05,B1,135,540.0,10,10,0,0,100.000000,0,0.000522,0.474558,14.9874,0.761156,0.611531,0.00583181,1,0.947368,10,0.180514,3,0.99747,0.998442
B1_05,B1,136,544.0,9,9,0,0,100.000000,0,0.000294,0.578921,11.6154,0.760225,0.578047,0.0101135,1,0.941176,9,0.207488,3,0.996651,0.998701
B1_05,B1,137,548.0,9,9,0,0,100.000000,0,0.000704,0.601083,10.2788,0.766321,0.576215,0.00469484,1,0.888889,9,0.17724,3,0.995446,0.997955
B1_05,B1,138,552.0,10,10,0,0,100.000000,0,0.000622,0.539502,10.647,0.756559,0.662675,0.0121392,1,0.9,10,0.228465,3,0.992762,0.998651
B1_05,B1,139,556.0,10,10,0,0,100.000000,0,0.000810,0.590514,12.1411,0.759382,0.661776,0.0119803,1,1,10,0.236328,3,0.99369,0.998111
B1_05,B1,140,560.0,10,10,0,0,100.000000,0,0.000303,0.497371,10.5362,0.748876,0.743632,0.00942424,1,1,10,0.2591,3,0.997589,0.998382
B1_05,B1,141,564.0,11,11,0,0,100.000000,0,0.000327,0.466019,10.6339,0.754549,0.664356,0.00900599,1,1,11,0.227391,3,0.991406,0.998488
B1_05,B1,142,568.0,10,10,0,0,100.000000,0,0.001628,0.603871,13.4022,0.780623,0.677028,0.0154799,1,1,10,0.19423,3,0.997284,0.998296
B1_05,B1,143,572.0,9,9,0,0,100.000000,0,0.000427,0.467067,17.5373,0.753094,0.701441,0.00468317,1,1,9,0.2053,3,0.997752,0.998349
B1_05,B1,144,576.0,10,10,0,0,100.000000,0,0.000703,0.487401,15.2504,0.767015,0.675616,0.00922996,1,1,10,0.205535,3,0.997818,0.998381
B1_05,B1,145,580.0,10,10,0,0,100.000000,0,0.000380,0.621712,6.72477,0.756008,0.673543,0.00897913,1,0.947368,10,0.1759,3,0.992425,0.998093
B1_05,B1,146,584.0,9,9,0,0,100.000000,0,0.000473,0.664276,9.85413,0.776774,0.746731,0.00473934,1,1,9,0.14877,3,0.996659,0.998389
B1_05,B1,147,588.0,9,9,0,0,100.000000,0,0.000368,0.515971,13.3537,0.770596,0.673959,0.00938967,1,0.888889,9,0.201411,3,0.996942,0.998213
B1_05,B1,148,592.0,10,10,0,0,100.000000,0,0.000266,0.523536,10.0132,0.731203,0.675012,0.00780092,1,1,10,0.171257,3,0.993202,0.998262
B1_05,B1,149,596.0,10,10,0,0,100.000000,0,0.000358,0.579443,12.1357,0.771038,0.657057,0.00475759,1,0.947368,10,0.191044,3,0.995818,0.998313
B1_05,B1,150,600.0,9,9,0,0,100.000000,0,0.000393,0.554791,16.1536,0.753066,0.643608,0.0067991,1,1,9,0.189366,3,0.997572,0.998228
B1_05,B1,151,604.0,10,10,0,0,100.000000,0,0.000326,0.608966,14.3069,0.762121,0.709358,0.00796097,1,1,10,0.177829,3,0.997813,0.99829
B1_05,B1,152,608.0,9,9,0,0,100.000000,0,0.000273,0.575127,13.4581,0.765104,0.719495,0.00458341,1,0.888889,9,0.15217,3,0.996264,0.998004
B1_05,B1,153,612.0,10,10,0,0,100.000000,0,0.000346,0.549393,10.5112,0.765127,0.615506,0.00597345,1,0.9,10,0.177126,3,0.99527,0.998183
B1_05,B1,154,616.0,9,9,0,0,100.000000,0,0.000540,0.637864,11.4718,0.75836,0.72111,0.00628444,1,0.888889,9,0.18484,3,0.997249,0.998235
B1_05,B1,155,620.0,10,10,0,0,100.000000,0,0.000266,0.563917,13.7482,0.761807,0.718502,0.00597345,1,1,10,0.146197,3,0.997265,0.998053
B1_05,B1,156,624.0,9,9,0,0,100.000000,0,0.000622,0.69208,16.7779,0.768539,0.670031,0.00742568,1,1,9,0.15369,3,0.997927,0.998177
B1_05,B1,157,628.0,10,10,0,0,100.000000,0,0.000257,0.616917,9.71729,0.766279,0.68279,0.00475759,1,0.9,10,0.179628,3,0.99539,0.99899
B1_05,B1,158,632.0,9,9,0,0,100.000000,0,0.000592,0.641753,14.9006,0.756062,0.704819,0.00744338,1,1,9,0.187574,3,0.997263,0.998065
B1_05,B1,159,636.0,10,10,0,0,100.000000,0,0.000449,0.605334,15.0226,0.762475,0.722083,0.00535049,1,1,10,0.185893,3,0.997877,0.998404
B1_05,B1,160,640.0,9,9,0,0,100.000000,0,0.000328,0.58028,12.5972,0.742387,0.713366,0.00666798,1,0.941176,9,0.119882,3,0.996805,0.998543
B1_05,B1,161,644.0,10,10,0,0,100.000000,0,0.000381,0.622535,13.3651,0.759449,0.650659,0.00701189,1,1,10,0.160347,3,0.997369,0.998167
B1_05,B1,162,648.0,9,9,0,0,100.000000,0,0.000403,0.576376,15.8091,0.758392,0.705246,0.00631444,1,1,9,0.184859,3,0.993546,0.998204
B1_05,B1,163,652.0,10,10,0,0,100.000000,0,0.000459,0.570035,10.6442,0.77017,0.691593,0.00471247,1,0.9,10,0.197653,3,0.995972,0.998379
B1_05,B1,164,656.0,9,9,0,0,100.000000,0,0.000406,0.688861,12.4498,0.758625,0.693631,0.00670243,1,1,9,0.165465,3,0.997329,0.998023
B1_05,B1,165,660.0,10,10,0,0,100.000000,0,0.000294,0.559426,13.8708,0.74734,0.688738,0.00788547,1,0.947368,10,0.162295,3,0.997346,0.998471
B1_05,B1,166,664.0,9,8,0,1,94.117647,0,0.000832,0.48308,4.72325,0.762385,0.681877,0.00689989,1,0.666667,8,0.111268,3,0.971632,0.998034
B1_05,B1,167,668.0,10,6,2,4,66.666667,1,0.975501,0.506584,2.83452,0.776775,0.743159,0.255966,0.857143,0.470588,8,0.0570609,3,0.946431,0.997868
B1_05,B1,168,672.0,9,9,0,0,100.000000,0,0.000284,0.612402,11.0105,0.768057,0.682082,0.00907022,1,0.888889,9,0.237686,3,0.994741,0.998317
B1_05,B1,169,676.0,10,10,0,0,100.000000,0,0.000266,0.520025,14.509,0.759981,0.679412,0.00448957,1,1,10,0.164394,3,0.99582,0.99823
B1_05,B1,170,680.0,9,9,0,0,100.000000,0,0.000496,0.509153,12.4007,0.737348,0.645636,0.00625473,1,1,9,0.18605,3,0.99334,0.9984
B1_05,B1,171,684.0,10,10,0,0,100.000000,0,0.000191,0.502875,13.7113,0.761567,0.675453,0.00767865,1,0.947368,10,0.15265,3,0.997476,0.998734
B1_05,B1,172,688.0,9,9,0,0,100.000000,0,0.000257,0.578462,17.6981,0.764528,0.716134,0.00311631,1,1,9,0.172888,3,0.997752,0.998111
B1_05,B1,173,692.0,9,9,0,0,100.000000,0,0.000253,0.656147,16.4067,0.758947,0.655571,0.00411413,1,1,9,0.151328,3,0.99786,0.998851
B1_05,B1,174,696.0,10,10,0,0,100.000000,0,0.000294,0.572811,15.296,0.761707,0.665856,0.00475759,1,0.947368,10,0.159131,3,0.997819,0.998383
B1_05,B1,175,700.0,10,10,0,0,100.000000,0,0.000231,0.579939,12.2886,0.765695,0.689666,0.00396782,1,0.9,10,0.206216,3,0.997547,0.998336
B1_05,B1,176,704.0,9,9,0,0,100.000000,0,0.000299,0.572926,15.8073,0.76361,0.712318,0.00459429,1,1,9,0.160643,3,0.996867,0.998375
B1_05,B1,177,708.0,10,10,0,0,100.000000,0,0.000312,0.518143,14.9815,0.751528,0.705397,0.00630915,1,0.888889,10,0.149022,3,0.997448,0.998504
B1_05,B1,178,712.0,9,9,0,0,100.000000,0,0.000368,0.578802,12.0883,0.760675,0.629136,0.0046383,1,0.888889,9,0.183494,3,0.997018,0.998312
B1_05,B1,179,716.0,10,10,0,0,100.000000,0,0.000407,0.530535,11.7684,0.737738,0.71374,0.00599878,1,1,10,0.182448,3,0.996781,0.998304
B1_05,B1,180,720.0,9,9,0,0,100.000000,0,0.000461,0.672964,13.7435,0.759866,0.659392,0.00413377,1,1,9,0.127996,3,0.997671,0.998448
B1_05,B1,181,724.0,10,10,0,0,100.000000,0,0.000286,0.514799,11.3867,0.775129,0.681821,0.00544186,1,0.9,10,0.206479,3,0.995444,0.998386
B1_05,B1,182,728.0,9,9,0,0,100.000000,0,0.000368,0.568613,13.4925,0.767564,0.653638,0.0046383,1,0.888889,9,0.196131,3,0.996811,0.998138
B1_05,B1,183,732.0,10,10,0,0,100.000000,0,0.000500,0.499409,11.5674,0.758762,0.734385,0.0030186,1,1,10,0.186084,3,0.991707,0.99836
B1_05,B1,184,736.0,10,10,0,0,100.000000,0,0.000301,0.606765,11.3536,0.767822,0.723949,0.00299622,1,0.947368,10,0.176668,3,0.99698,0.998452
B1_05,B1,185,740.0,9,9,0,0,100.000000,0,0.000453,0.635834,16.1313,0.756342,0.724061,0.00478469,1,1,9,0.175788,3,0.997876,0.998532
B1_05,B1,186,744.0,10,10,0,0,100.000000,0,0.000246,0.495871,12.1637,0.747114,0.716881,0.00787717,1,0.947368,10,0.180183,3,0.995272,0.998691
B1_05,B1,187,748.0,9,9,0,0,100.000000,0,0.000360,0.416062,11.3593,0.732714,0.745486,0.00934579,1,1,9,0.180574,3,0.996197,0.998284
B1_05,B1,188,752.0,9,9,0,0,100.000000,0,0.000248,0.440873,10.9007,0.757653,0.69571,0.00400012,1,0.888889,9,0.223318,3,0.99703,0.99816
B1_05,B1,189,756.0,9,9,0,0,100.000000,0,0.000182,0.458942,13.0634,0.74401,0.681991,0.00723638,1,1,9,0.220236,3,0.99558,0.998595
B1_05,B1,190,760.0,10,10,0,0,100.000000,0,0.000275,0.424295,12.5541,0.743764,0.656625,0.00387737,1,1,10,0.210723,3,0.996062,0.998238
B1_05,B1,191,764.0,9,9,0,0,100.000000,0,0.000286,0.504899,13.7789,0.759892,0.711699,0.00654261,1,1,9,0.16461,3,0.996778,0.998239
B1_05,B1,192,768.0,10,10,0,0,100.000000,0,0.000441,0.422033,15.6875,0.753375,0.712005,0.00588642,1,0.947368,10,0.190506,3,0.997239,0.998234
B1_05,B1,193,772.0,9,9,0,0,100.000000,0,0.002036,0.445394,11.7383,0.743917,0.715029,0.0126405,1,1,9,0.184014,3,0.996495,0.998277
B1_05,B1,194,776.0,9,9,0,0,100.000000,0,0.000427,0.501755,16.467,0.758926,0.652728,0.00730409,1,1,9,0.200463,3,0.997726,0.997988
B1_05,B1,195,780.0,9,9,0,0,100.000000,0,0.000192,0.476631,16.1683,0.750069,0.680813,0.00934579,1,1,9,0.159036,3,0.99544,0.998612
B1_05,B1,196,784.0,10,10,0,0,100.000000,0,0.000403,0.462687,9.41907,0.757017,0.671585,0.006316,1,0.842105,10,0.201244,3,0.99691,0.998306
B1_05,B1,197,788.0,9,9,0,0,100.000000,0,0.000635,0.527507,12.9601,0.763982,0.651926,0.0122262,1,1,9,0.160461,3,0.995918,0.99873
B1_05,B1,198,792.0,10,10,0,0,100.000000,0,0.000407,0.515511,12.073,0.766536,0.660566,0.00780092,1,1,10,0.199705,3,0.993944,0.998141
B1_05,B1,199,796.0,9,9,0,0,100.000000,0,0.000456,0.556909,10.5839,0.760254,0.688899,0.00454043,1,0.777778,9,0.194949,3,0.995705,0.998352
B1_05,B1,200,800.0,9,9,0,0,100.000000,0,0.000456,0.5155,9.07044,0.764137,0.674672,0.00805605,1,0.777778,9,0.189041,3,0.995719,0.998338
B1_05,B1,201,804.0,10,10,0,0,100.000000,0,0.000253,0.608022,13.1442,0.770705,0.703549,0.0103744,1,0.947368,10,0.217678,3,0.995576,0.998407
B1_05,B1,202,808.0,9,9,0,0,100.000000,0,0.003348,0.665392,11.5452,0.764293,0.701305,0.0108749,1,1,9,0.197375,3,0.996178,0.998509
B1_05,B1,203,812.0,9,9,0,0,100.000000,0,0.001530,0.693459,11.2637,0.761677,0.715852,0.0115197,1,0.888889,9,0.213064,3,0.997516,0.998795
B1_05,B1,204,816.0,9,9,0,0,100.000000,0,0.001003,0.553423,10.9127,0.769298,0.664032,0.0158681,1,0.888889,9,0.240785,3,0.995184,0.998369
B1_05,B1,205,820.0,9,9,0,0,100.000000,0,0.000380,0.616165,14.7298,0.762552,0.642762,0.00776704,1,1,9,0.205146,3,0.998076,0.998562
B1_05,B1,206,824.0,9,9,0,0,100.000000,0,0.000417,0.582723,12.9087,0.763638,0.704125,0.00634865,1,0.888889,9,0.191356,3,0.996304,0.998359
B1_05,B1,207,828.0,9,9,0,0,100.000000,0,0.001008,0.587235,12.4355,0.748688,0.707555,0.011134,1,0.888889,9,0.209349,3,0.995336,0.998401
B1_05,B1,208,832.0,9,9,0,0,100.000000,0,0.000247,0.626108,14.8158,0.769253,0.7016,0.00769434,1,1,9,0.228185,3,0.996251,0.998758
B1_05,B1,209,836.0,9,9,0,0,100.000000,0,0.000906,0.493726,13.056,0.719912,0.651466,0.0115214,1,1,9,0.221268,3,0.987998,0.998468
B1_05,B1,210,840.0,9,9,0,0,100.000000,0,0.000356,0.589658,16.4657,0.766667,0.672366,0.00854963,1,0.941176,9,0.205015,3,0.997745,0.998804
B1_05,B1,211,844.0,8,8,0,0,100.000000,0,0.000173,0.562567,16.1961,0.773382,0.648627,0.00795542,1,1,8,0.213605,3,0.997453,0.998752
B1_05,B1,212,848.0,9,9,0,0,100.000000,0,0.004617,0.743105,5.17807,0.770388,0.727017,0.0175248,1,0.625,9,0.0405456,3,0.986292,0.998725
B1_05,B1,213,852.0,10,10,0,0,100.000000,0,0.000498,0.488584,11.2372,0.757297,0.689988,0.00850125,1,0.9,10,0.196793,3,0.992603,0.99834
B1_05,B1,214,856.0,9,9,0,0,100.000000,0,0.000183,0.599077,17.2974,0.745336,0.688657,0.00708853,1,0.875,9,0.163948,3,0.9966,0.99858
B1_05,B1,215,860.0,9,9,0,0,100.000000,0,0.000182,0.494891,13.3455,0.751198,0.687377,0.00642824,1,1,9,0.221943,3,0.997199,0.998708
B1_05,B1,216,864.0,9,9,0,0,100.000000,0,0.000407,0.496731,14.4254,0.747923,0.699446,0.00752069,1,0.888889,9,0.178027,3,0.995063,0.998236
B1_05,B1,217,868.0,9,9,0,0,100.000000,0,0.000182,0.424234,14.8379,0.74677,0.690646,0.00704058,1,1,9,0.262799,3,0.997246,0.998671
B1_05,B1,218,872.0,9,9,0,0,100.000000,0,0.000572,0.492884,12.3819,0.75822,0.658621,0.0114418,1,1,9,0.235022,3,0.996678,0.998754
B1_05,B1,219,876.0,9,9,0,0,100.000000,0,0.002385,0.595496,11.1184,0.775976,0.664087,0.0140262,1,0.888889,9,0.184515,3,0.996553,0.998373
B1_05,B1,220,880.0,9,9,0,0,100.000000,0,0.000235,0.474687,16.2787,0.752947,0.649427,0.00997553,1,1,9,0.178838,3,0.998008,0.998646
B1_05,B1,221,884.0,9,9,0,0,100.000000,0,0.000182,0.439114,16.4841,0.759262,0.621182,0.00998245,1,1,9,0.244886,3,0.99536,0.998741
B1_05,B1,222,888.0,9,9,0,0,100.000000,0,0.000178,0.477046,14.0252,0.750939,0.722794,0.00745309,1,1,9,0.213304,3,0.997747,0.998673
B1_05,B1,223,892.0,9,9,0,0,100.000000,0,0.000166,0.435545,10.6033,0.754665,0.640515,0.00892857,1,0.888889,9,0.242856,3,0.997204,0.998614
B1_05,B1,224,896.0,9,9,0,0,100.000000,0,0.000153,0.590065,12.3328,0.751262,0.710413,0.00787296,1,0.941176,9,0.218216,3,0.997538,0.998633
B1_05,B1,225,900.0,9,9,0,0,100.000000,0,0.000298,0.501599,12.1924,0.765812,0.684745,0.00762587,1,0.888889,9,0.237613,3,0.997013,0.998539
B1_05,B1,226,904.0,9,9,0,0,100.000000,0,0.000168,0.600025,13.5317,0.770294,0.716045,0.00390982,1,1,9,0.213749,3,0.997199,0.998612
B1_05,B1,227,908.0,9,9,0,0,100.000000,0,0.000277,0.539782,13.5369,0.748243,0.632868,0.00599944,1,1,9,0.211546,3,0.997986,0.998471
B1_05,B1,228,912.0,9,9,0,0,100.000000,0,0.000168,0.542151,15.0617,0.77521,0.625844,0.00755495,1,1,9,0.221471,3,0.997267,0.99859
B1_05,B1,229,916.0,9,9,0,0,100.000000,0,0.000164,0.587395,17.1683,0.765039,0.658534,0.0077465,1,1,9,0.207354,3,0.998288,0.998678
B1_05,B1,230,920.0,9,9,0,0,100.000000,0,0.000164,0.532874,13.9484,0.755118,0.661079,0.00634865,1,1,9,0.244054,3,0.997583,0.998604
B1_05,B1,231,924.0,9,9,0,0,100.000000,0,0.000164,0.589096,15.9454,0.765293,0.689081,0.00442627,1,1,9,0.223136,3,0.99761,0.99863
B1_05,B1,232,928.0,9,9,0,0,100.000000,0,0.000445,0.551039,17.0774,0.766309,0.644743,0.00762442,1,1,9,0.191403,3,0.998092,0.998486
B1_05,B1,233,932.0,9,9,0,0,100.000000,0,0.002608,0.610218,11.9811,0.767986,0.635302,0.0105873,1,0.888889,9,0.20563,3,0.996967,0.998698
B1_05,B1,234,936.0,10,10,0,0,100.000000,0,0.000308,0.445509,16.2639,0.748937,0.643289,0.0100096,1,0.888889,10,0.238564,3,0.997163,0.99853
B1_05,B1,235,940.0,9,9,0,0,100.000000,0,0.000168,0.545186,13.5349,0.758915,0.628472,0.00642824,1,1,9,0.226928,3,0.995347,0.998659
B1_05,B1,236,944.0,9,9,0,0,100.000000,0,0.000457,0.583855,11.8438,0.768404,0.649144,0.00636316,1,1,9,0.197411,3,0.995886,0.998463
B1_05,B1,237,948.0,9,9,0,0,100.000000,0,0.000251,0.578093,10.4277,0.758985,0.679203,0.00442627,1,1,9,0.24579,3,0.994175,0.998349
B1_05,B1,238,952.0,9,9,0,0,100.000000,0,0.000508,0.562591,13.1397,0.770802,0.656345,0.0125683,1,0.888889,9,0.247461,3,0.997525,0.998651
B1_05,B1,239,956.0,9,9,0,0,100.000000,0,0.001292,0.503277,12.6224,0.741681,0.679927,0.0109244,1,1,9,0.191954,3,0.997148,0.998578
B1_05,B1,240,960.0,9,9,0,0,100.000000,0,0.000683,0.49032,11.1928,0.768833,0.637358,0.0134212,1,0.888889,9,0.238138,3,0.995225,0.998719
B1_05,B1,241,964.0,9,9,0,0,100.000000,0,0.000404,0.620963,12.1071,0.767581,0.666416,0.00783733,1,0.888889,9,0.239117,3,0.996573,0.998523
B1_05,B1,242,968.0,9,9,0,0,100.000000,0,0.000242,0.582335,13.3374,0.766574,0.593602,0.00905046,1,1,9,0.242993,3,0.99293,0.99865
B1_05,B1,243,972.0,9,9,0,0,100.000000,0,0.000869,0.533397,16.0805,0.76629,0.64472,0.0109744,1,1,9,0.227241,3,0.997517,0.998378
B1_05,B1,244,976.0,10,10,0,0,100.000000,0,0.000172,0.547195,11.2022,0.75781,0.632674,0.00572556,1,0.947368,10,0.210014,3,0.996425,0.998577
B1_05,B1,245,980.0,9,9,0,0,100.000000,0,0.000285,0.523151,13.3386,0.763073,0.662353,0.00648722,1,1,9,0.23254,3,0.996286,0.998479
B1_05,B1,246,984.0,9,9,0,0,100.000000,0,0.000281,0.511146,13.4117,0.767837,0.631583,0.00849507,1,0.888889,9,0.240694,3,0.997113,0.998456
B1_05,B1,247,988.0,9,9,0,0,100.000000,0,0.000309,0.498048,11.311,0.740635,0.665178,0.00834218,1,1,9,0.248737,3,0.990329,0.998514
B1_05,B1,248,992.0,9,9,0,0,100.000000,0,0.000322,0.560188,9.16385,0.761913,0.61479,0.00965195,1,0.888889,9,0.236816,3,0.994046,0.998292
B1_05,B1,249,996.0,9,9,0,0,100.000000,0,0.001958,0.492226,14.6085,0.751019,0.611729,0.014374,1,1,9,0.211727,3,0.99581,0.998367
B1_05,B1,250,1000.0,9,9,0,0,100.000000,0,0.000301,0.506121,14.7209,0.745466,0.652555,0.0079818,1,1,9,0.238177,3,0.997314,0.998456
B1_05,B1,251,1004.0,10,10,0,0,100.000000,0,0.000550,0.580021,10.8755,0.761046,0.648568,0.0118121,1,1,10,0.230914,3,0.99713,0.998709
B1_05,B1,252,1008.0,9,9,0,0,100.000000,0,0.000166,0.506284,12.7456,0.755398,0.662813,0.00605435,1,0.888889,9,0.22122,3,0.997439,0.998637
B1_05,B1,253,1012.0,9,9,0,0,100.000000,0,0.000182,0.457022,11.4268,0.743549,0.663711,0.00400012,1,1,9,0.238609,3,0.996874,0.998583
B1_05,B1,254,1016.0,9,9,0,0,100.000000,0,0.000178,0.509571,12.9421,0.764194,0.645668,0.00716992,1,1,9,0.217832,3,0.997824,0.998623
B1_05,B1,255,1020.0,9,9,0,0,100.000000,0,0.000428,0.586729,12.8724,0.758061,0.543196,0.0064576,1,1,9,0.193903,3,0.997762,0.998592
B1_05,B1,256,1024.0,9,9,0,0,100.000000,0,0.000309,0.512876,11.5456,0.74082,0.704356,0.00398173,1,1,9,0.236105,3,0.995807,0.99847
B1_05,B1,257,1028.0,10,10,0,0,100.000000,0,0.000706,0.450913,11.6089,0.74946,0.619899,0.0135931,1,0.947368,10,0.208493,3,0.997654,0.998593
B1_05,B1,258,1032.0,9,9,0,0,100.000000,0,0.000251,0.561333,12.329,0.765673,0.68516,0.00859351,1,1,9,0.214295,3,0.997239,0.998279
B1_05,B1,259,1036.0,9,9,0,0,100.000000,0,0.000452,0.499861,13.7032,0.768719,0.661918,0.00765964,1,0.888889,9,0.192897,3,0.997232,0.998425
B1_05,B1,260,1040.0,9,9,0,0,100.000000,0,0.000309,0.42389,10.1405,0.739754,0.648901,0.00898604,1,1,9,0.217149,3,0.995564,0.998446
B1_05,B1,261,1044.0,10,10,0,0,100.000000,0,0.000487,0.480091,12.5192,0.760588,0.621857,0.00462475,1,1,10,0.186,3,0.997761,0.99837
B1_05,B1,262,1048.0,9,9,0,0,100.000000,0,0.000289,0.524959,13.1887,0.765164,0.619178,0.00648168,1,1,9,0.210398,3,0.997381,0.998442
B1_05,B1,263,1052.0,9,9,0,0,100.000000,0,0.000381,0.433047,12.6121,0.751842,0.60963,0.00449824,1,0.888889,9,0.217559,3,0.996387,0.998237
B1_05,B1,264,1056.0,10,10,0,0,100.000000,0,0.000534,0.541839,11.7577,0.771201,0.657863,0.00617284,1,0.842105,10,0.200381,3,0.99689,0.998457
B1_05,B1,265,1060.0,9,9,0,0,100.000000,0,0.000177,0.533255,12.3532,0.765753,0.63693,0.0104199,1,1,9,0.160991,3,0.994101,0.998633
B1_05,B1,266,1064.0,9,9,0,0,100.000000,0,0.000716,0.459586,12.0903,0.742061,0.670228,0.0102082,1,1,9,0.201517,3,0.995959,0.998421
B1_05,B1,267,1068.0,10,10,0,0,100.000000,0,0.000355,0.50798,9.78288,0.768547,0.664788,0.00462475,1,0.8,10,0.200404,3,0.99654,0.998256
B1_05,B1,268,1072.0,9,9,0,0,100.000000,0,0.000437,0.485387,13.2691,0.751487,0.630041,0.00450871,1,1,9,0.190968,3,0.997237,0.998337
B1_05,B1,269,1076.0,9,9,0,0,100.000000,0,0.000655,0.522532,16.6553,0.761764,0.586681,0.00660847,1,1,9,0.18247,3,0.997042,0.998227
B1_05,B1,270,1080.0,10,10,0,0,100.000000,0,0.000420,0.461888,11.1408,0.752586,0.614858,0.00694581,1,0.9,10,0.157866,3,0.994967,0.998167
B1_05,B1,271,1084.0,9,9,0,0,100.000000,0,0.000264,0.594737,15.2041,0.753731,0.69814,0.00670243,1,1,9,0.159209,3,0.996469,0.998332
B1_05,B1,272,1088.0,9,9,0,0,100.000000,0,0.000423,0.422531,14.8555,0.743349,0.645721,0.00805605,1,1,9,0.202461,3,0.99541,0.998563
B1_05,B1,273,1092.0,10,10,0,0,100.000000,0,0.000327,0.454746,13.0013,0.735605,0.671125,0.00588642,1,0.947368,10,0.164133,3,0.995507,0.998444
B1_05,B1,274,1096.0,9,9,0,0,100.000000,0,0.000368,0.53064,12.7582,0.764389,0.662581,0.0066395,1,0.888889,9,0.187064,3,0.996963,0.998312
B1_05,B1,275,1100.0,10,10,0,0,100.000000,0,0.000456,0.415639,9.66687,0.756561,0.713737,0.00623053,1,0.8,10,0.184577,3,0.996259,0.998374
B1_05,B1,276,1104.0,9,9,0,0,100.000000,0,0.000299,0.542406,14.4963,0.748538,0.6907,0.00667082,1,1,9,0.170097,3,0.997009,0.998485
B1_05,B1,277,1108.0,9,9,0,0,100.000000,0,0.000854,0.663228,13.2257,0.773272,0.597879,0.00473934,1,1,9,0.177757,3,0.994746,0.997945
B1_05,B1,278,1112.0,10,10,0,0,100.000000,0,0.000312,0.564708,9.36218,0.758456,0.727665,0.00649569,1,0.842105,10,0.167219,3,0.996118,0.998495
B1_05,B1,279,1116.0,9,9,0,0,100.000000,0,0.000408,0.508454,14.3336,0.749616,0.730106,0.00628444,1,1,9,0.17766,3,0.997237,0.998463
B1_05,B1,280,1120.0,10,10,0,0,100.000000,0,0.000266,0.55024,12.3202,0.770036,0.655387,0.00594207,1,0.9,10,0.175435,3,0.996841,0.998518
B1_05,B1,281,1124.0,9,9,0,0,100.000000,0,0.000488,0.62418,15.0237,0.76932,0.660269,0.0041536,1,1,9,0.17811,3,0.996182,0.997948
B1_05,B1,282,1128.0,10,10,0,0,100.000000,0,0.000275,0.387147,11.9543,0.74091,0.726739,0.00787617,1,0.947368,10,0.229957,3,0.99625,0.998098
B1_05,B1,283,1132.0,10,10,0,0,100.000000,0,0.000164,0.444118,11.8836,0.768618,0.659053,0.00404504,1,1,10,0.221263,3,0.995326,0.998599
B1_05,B1,284,1136.0,10,10,0,0,100.000000,0,0.000441,0.475556,13.4551,0.766636,0.679313,0.00956607,1,0.947368,10,0.18306,3,0.997097,0.998241
B1_05,B1,285,1140.0,9,9,0,0,100.000000,0,0.000399,0.552226,14.2616,0.755454,0.723984,0.0046383,1,1,9,0.17897,3,0.996995,0.998527
B1_05,B1,286,1144.0,10,10,0,0,100.000000,0,0.000500,0.464129,12.9286,0.760582,0.714463,0.0054535,1,1,10,0.183856,3,0.997134,0.998408
B1_05,B1,287,1148.0,9,9,0,0,100.000000,0,0.000275,0.543255,13.2086,0.749812,0.618013,0.00411413,1,1,9,0.173244,3,0.996812,0.997935
B1_05,B1,288,1152.0,10,10,0,0,100.000000,0,0.000460,0.580333,11.0418,0.758144,0.661926,0.00826234,1,0.842105,10,0.189133,3,0.991938,0.998252
B1_05,B1,289,1156.0,9,9,0,0,100.000000,0,0.000299,0.576557,11.7733,0.763735,0.626944,0.00652727,1,1,9,0.173492,3,0.996686,0.998391
B1_05,B1,290,1160.0,9,9,0,0,100.000000,0,0.000263,0.604427,15.8615,0.759999,0.716014,0.00813169,1,1,9,0.192178,3,0.997944,0.998569
B1_05,B1,291,1164.0,10,10,0,0,100.000000,0,0.000512,0.429606,12.4039,0.761718,0.641731,0.0085453,1,0.947368,10,0.182131,3,0.987337,0.998092
B1_05,B1,292,1168.0,9,9,0,0,100.000000,0,0.000597,0.393878,15.0496,0.737168,0.614007,0.00446711,1,1,9,0.192211,3,0.99716,0.998518
B1_05,B1,293,1172.0,9,9,0,0,100.000000,0,0.000182,0.466356,12.0695,0.745564,0.695657,0.00460829,1,1,9,0.221339,3,0.996621,0.998718
B1_05,B1,294,1176.0,9,9,0,0,100.000000,0,0.000168,0.541304,12.949,0.752463,0.697477,0.00648722,1,1,9,0.226207,3,0.996619,0.998684
B1_05,B1,295,1180.0,10,10,0,0,100.000000,0,0.000147,0.53112,14.3871,0.774695,0.628565,0.00681732,1,1,10,0.209366,3,0.997582,0.998556
B1_05,B1,296,1184.0,9,9,0,0,100.000000,0,0.000643,0.5336,17.3063,0.769792,0.667003,0.00913378,1,1,9,0.20045,3,0.99807,0.998476
B1_05,B1,297,1188.0,9,9,0,0,100.000000,0,0.000164,0.536896,17.0515,0.763622,0.678853,0.00715349,1,1,9,0.234373,3,0.998054,0.998878
B1_05,B1,298,1192.0,9,9,0,0,100.000000,0,0.000684,0.497814,12.5318,0.766964,0.612672,0.00554431,1,1,9,0.184161,3,0.994587,0.998516
B1_06,B1,0,0.0,10,5,5,5,50.000000,1,0.870632,0.681308,23.1338,0.696709,0.64832,0.144568,1,0.307692,10,0.092616,3,0.955583,0.99594
B1_06,B1,1,4.0,10,9,0,1,94.736842,0,0.918697,0.642388,35.446,0.710291,0.691973,0.275916,0.875,0.363636,9,0.0669953,3,0.973568,0.996161
B1_06,B1,2,8.0,10,10,0,0,100.000000,0,0.000470,0.581576,37.496,0.693265,0.709878,0.00808122,1,0,10,0.063343,3,0.987234,0.995468
B1_06,B1,3,12.0,10,10,0,0,100.000000,0,0.002582,0.474653,20.8067,0.67228,0.670506,0.0244674,1,0,10,0.103642,4,0.976606,0.99446
B1_06,B1,4,16.0,11,11,0,0,100.000000,0,0.000785,0.565937,28.1681,0.687598,0.655382,0.0211441,1,0,11,0.0669105,3,0.975574,0.997647
B1_06,B1,5,20.0,10,9,1,1,90.000000,0,0.618871,0.526101,26.3159,0.680198,0.684039,0.140215,0.888889,0.307692,10,0.0755224,3,0.955681,0.99365
B1_06,B1,6,24.0,10,8,2,2,80.000000,0,0.725849,0.544841,26.8841,0.682885,0.686858,0.0778206,1,0,10,0.0998431,4,0.947003,0.995255
B1_06,B1,7,28.0,9,6,1,3,75.000000,1,0.825770,0.572659,27.1207,0.700527,0.668193,0.3968,0.833333,0.4,7,0.0824483,3,0.968115,0.991988
B1_06,B1,8,32.0,10,10,0,0,100.000000,0,0.001320,0.525699,21.7937,0.682765,0.688709,0.0118895,1,0.142857,10,0.0700321,3,0.982749,0.993758
B1_06,B1,9,36.0,10,10,0,0,100.000000,0,0.000525,0.602612,33.7501,0.698921,0.63169,0.00803793,1,0,10,0.0509557,4,0.9862,0.994629
B1_06,B1,10,40.0,9,9,0,0,100.000000,0,0.000890,0.66651,34.878,0.710483,0.657626,0.00959765,1,0.181818,9,0.0774281,3,0.984003,0.996058
B1_06,B1,11,44.0,10,10,0,0,100.000000,0,0.001792,0.550816,37.7262,0.731092,0.645438,0.0182479,1,0.166667,10,0.0421628,3,0.983231,0.993966
B1_06,B1,12,48.0,10,10,0,0,100.000000,0,0.004945,0.513163,28.5969,0.68467,0.706891,0.0134963,1,0,9,0.071702,3,0.982757,0.994381
B1_06,B1,13,52.0,9,4,4,5,47.058824,1,0.752456,0.486457,17.948,0.684128,0.693471,0.12096,1,0.285714,9,0.101527,3,0.903925,0.949483
B1_06,B1,14,56.0,10,10,0,0,100.000000,0,0.093634,0.62233,26.6816,0.683745,0.723483,0.0556992,1,0.153846,10,0.0808198,3,0.978172,0.990856
B1_06,B1,15,60.0,9,6,2,3,70.588235,1,0.973368,0.502732,22.3394,0.68878,0.676526,0.32055,0.857143,0.333333,8,0.0637694,3,0.929535,0.994122
B1_06,B1,16,64.0,10,9,1,1,90.000000,0,0.529913,0.565411,26.8468,0.690173,0.66824,0.0725029,1,0,10,0.0798036,4,0.945841,0.984717
B1_06,B1,17,68.0,9,9,0,0,100.000000,0,0.021225,0.520031,20.6803,0.674975,0.637784,0.0322242,1,0,9,0.130327,4,0.970532,0.996391
B1_06,B1,18,72.0,9,9,0,0,100.000000,0,0.005432,0.560168,26.0708,0.689638,0.633625,0.0166157,1,0.333333,9,0.0739454,4,0.972601,0.995564
B1_06,B1,19,76.0,10,9,1,1,90.000000,0,0.005293,0.592163,37.4419,0.695423,0.675211,0.0350749,1,0.166667,10,0.0736333,3,0.96753,0.993615
B1_06,B1,20,80.0,9,8,1,1,88.888889,0,0.284167,0.622464,38.8985,0.719769,0.638798,0.0520491,1,0.181818,9,0.0818821,3,0.969658,0.987166
B1_06,B1,21,84.0,10,10,0,0,100.000000,0,0.101800,0.67593,37.6654,0.71869,0.685277,0.0469791,1,0.166667,10,0.0530427,3,0.968071,0.990763
B1_06,B1,22,88.0,9,9,0,0,100.000000,0,0.004700,0.669479,35.946,0.698495,0.653741,0.0270896,1,0.181818,9,0.0583148,3,0.978449,0.99369
B1_06,B1,23,92.0,9,8,1,1,88.888889,0,0.020373,1.15583,3.34755,0.811277,0.65009,0.0689575,1,0.777778,9,0.111114,3,0.965947,0.989829
B1_06,B1,24,96.0,9,9,0,0,100.000000,0,0.029293,0.640948,37.5256,0.697409,0.661144,0.0332554,1,0,9,0.0610393,3,0.958298,0.985287
B1_06,B1,25,100.0,9,8,2,1,84.210526,0,0.931397,0.822749,51.8924,0.713668,0.66187,0.179409,0.777778,0,10,0.0515278,3,0.949883,0.992907
B1_06,B1,26,104.0,10,6,5,4,57.142857,1,0.988941,0.716199,36.2227,0.804552,0.631396,0.183525,0.8,0.153846,11,0.0359171,3,0.885922,0.99336
B1_06,B1,27,108.0,9,7,2,2,77.777778,1,0.952024,0.597614,26.9986,0.683468,0.700861,0.160929,0.875,0,9,0.0819559,3,0.949319,0.994783
B1_06,B1,28,112.0,10,8,2,2,80.000000,0,0.905888,0.63043,25.7847,0.689263,0.644699,0.151878,0.888889,0.153846,10,0.0638536,4,0.940725,0.994103
B1_06,B1,29,116.0,9,7,2,2,77.777778,1,0.668606,0.788111,49.7241,0.726748,0.660849,0.135361,1,0.2,9,0.0482023,3,0.948271,0.989857
B1_06,B1,30,120.0,9,9,0,0,100.000000,0,0.041198,1.23687,5.16243,0.804031,0.633082,0.0398901,1,0.153846,10,0.065231,3,0.948595,0.98744
B1_06,B1,31,124.0,10,10,0,0,100.000000,0,0.496952,0.724274,33.9059,0.68262,0.637064,0.052265,1,0.181818,9,0.0542198,3,0.969014,0.992107
B1_06,B1,32,128.0,10,8,2,2,80.000000,0,0.505731,0.561025,20.7406,0.685441,0.668654,0.0862613,1,0.142857,10,0.102979,3,0.951863,0.988191
B1_06,B1,33,132.0,9,9,0,0,100.000000,0,0.274046,0.623512,35.0804,0.681072,0.693469,0.0486166,1,0,9,0.0389475,4,0.966151,0.994353
B1_06,B1,34,136.0,10,10,0,0,100.000000,0,0.000919,1.20513,1.96879,0.80655,0.653237,0.0158032,1,0.470588,10,0.112001,3,0.976606,0.995187
B1_06,B1,35,140.0,9,7,2,2,77.777778,1,0.974639,0.6536,35.0908,0.696816,0.69575,0.174895,0.888889,0.166667,10,0.079265,3,0.957013,0.996097
B1_06,B1,36,144.0,10,9,1,1,90.000000,0,0.781038,0.581607,28.7845,0.699842,0.643451,0.0783936,1,0.333333,9,0.0854924,3,0.949243,0.995007
B1_06,B1,37,148.0,10,10,0,0,100.000000,0,0.066699,0.811277,55.9183,0.712741,0.651603,0.043628,1,0.181818,10,0.0793352,3,0.975408,0.993654
B1_06,B1,38,152.0,10,9,1,1,90.000000,0,0.583430,1.08929,2.40447,0.805326,0.675374,0.0910112,1,0.470588,10,0.0986296,3,0.949321,0.994238
B1_06,B1,39,156.0,9,9,0,0,100.000000,0,0.005449,0.795999,34.5054,0.717536,0.663821,0.0216235,1,0.2,9,0.10177,3,0.979607,0.993762
B1_06,B1,40,160.0,10,10,0,0,100.000000,0,0.001163,1.13812,2.72124,0.781761,0.629134,0.0163328,1,0.736842,10,0.071823,3,0.980269,0.994691
B1_06,B1,41,164.0,10,10,0,0,100.000000,0,0.000162,1.1956,4.55219,0.778666,0.650139,0.0324348,1,0.375,11,0.0696816,3,0.975807,0.994181
B1_06,B1,42,168.0,11,9,2,2,81.818182,0,0.500896,1.13571,1.79384,0.803382,0.632074,0.0990148,1,0.842105,9,0.0762395,3,0.957769,0.99459
B1_06,B1,43,172.0,9,9,0,0,100.000000,0,0.007561,1.17872,1.49491,0.814755,0.67317,0.0216146,1,0.8,10,0.1181,3,0.957866,0.997499
B1_06,B1,44,176.0,10,10,0,0,100.000000,0,0.445678,1.12093,5.74146,0.81578,0.608459,0.0597505,1,0.625,10,0.0773004,3,0.967544,0.994023
B1_06,B1,45,180.0,10,9,0,1,94.736842,0,0.003570,1.10067,2.81121,0.794396,0.615004,0.0224488,1,0.75,9,0.0636548,3,0.970463,0.996737
B1_06,B1,46,184.0,9,8,1,1,88.888889,0,0.864755,1.22575,4.44111,0.805355,0.597646,0.0769404,1,0.428571,9,0.0623436,3,0.950467,0.99531
B1_06,B1,47,188.0,10,8,1,2,84.210526,0,0.963265,0.770675,60.5745,0.727403,0.677404,0.208792,0.875,0,9,0.0457754,3,0.966661,0.997902
B1_06,B1,48,192.0,9,9,0,0,100.000000,0,0.057815,0.669579,41.3856,0.735487,0.609416,0.0288151,1,0.2,9,0.0973424,3,0.9802,0.996675
B1_06,B1,49,196.0,10,10,0,0,100.000000,0,0.000827,1.12072,3.52566,0.797625,0.676868,0.0114945,1,0.666667,10,0.0445848,3,0.989191,0.994287
B1_06,B1,50,200.0,10,10,0,0,100.000000,0,0.000301,0.678345,52.1638,0.796935,0.657548,0.014288,1,0,10,0.108282,3,0.989085,0.994995
B1_06,B1,51,204.0,9,9,0,0,100.000000,0,0.011353,0.695712,52.6148,0.708775,0.629509,0.0172083,1,0.2,9,0.066102,3,0.988307,0.996202
B1_06,B1,52,208.0,10,10,0,0,100.000000,0,0.000843,1.1141,3.55379,0.780269,0.661537,0.018073,1,0.777778,10,0.0784562,3,0.975626,0.995439
B1_06,B1,53,212.0,9,8,1,1,88.888889,0,0.873383,1.18153,3.45812,0.826811,0.613421,0.101873,1,0.625,9,0.0202761,3,0.933312,0.997043
B1_06,B1,54,216.0,10,10,0,0,100.000000,0,0.000570,1.2361,2.7242,0.816744,0.630904,0.0176117,1,0.666667,10,0.0602551,3,0.984974,0.994152
B1_06,B1,55,220.0,10,10,0,0,100.000000,0,0.000270,1.10021,2.75575,0.811893,0.622316,0.00757074,1,0.9,10,0.0749725,3,0.988552,0.99702
B1_06,B1,56,224.0,9,9,0,0,100.000000,0,0.008166,0.729898,53.987,0.725268,0.657429,0.0215447,1,0.2,9,0.159353,3,0.98097,0.995481
B1_06,B1,57,228.0,10,9,1,1,90.000000,0,0.980373,1.12123,3.26025,0.811548,0.574042,0.156623,0.888889,0.333333,10,0.022304,3,0.946587,0.993175
B1_06,B1,58,232.0,10,8,2,2,80.000000,0,0.699610,0.7027,55.1367,0.696249,0.650865,0.115943,0.888889,0,10,0.0374595,3,0.950814,0.994442
B1_06,B1,59,236.0,10,10,0,0,100.000000,0,0.148461,0.711889,54.0184,0.709563,0.65209,0.0488094,1,0,10,0.0494424,4,0.974164,0.995857
B1_06,B1,60,240.0,10,9,1,1,90.000000,0,0.645679,0.613724,41.1828,0.704446,0.673106,0.12643,1,0,10,0.046376,3,0.949163,0.988515
B1_06,B1,61,244.0,10,8,1,2,84.210526,0,0.134070,0.714755,47.5152,0.822492,0.661987,0.169091,1,0,9,0.171087,3,0.989976,0.996077
B1_06,B1,62,248.0,10,9,1,1,90.000000,0,0.743388,1.11055,5.01942,0.776668,0.673351,0.0897273,1,0.125,10,0.0335014,3,0.942312,0.995665
B1_06,B1,63,252.0,10,10,0,0,100.000000,0,0.000644,1.08666,3.44919,0.833497,0.678924,0.0141662,1,0.631579,10,0.0627562,3,0.971328,0.994201
B1_06,B1,64,256.0,10,10,0,0,100.000000,0,0.013424,0.553343,79.9805,0.69393,0.669935,0.0252256,1,0.181818,10,0.175418,3,0.950982,0.994615
B1_06,B1,65,260.0,10,10,0,0,100.000000,0,0.000220,1.21078,2.82297,0.842999,0.663278,0.0243874,1,0.555556,10,0.0722908,3,0.985116,0.993969
B1_06,B1,66,264.0,9,9,0,0,100.000000,0,0.008195,1.19685,2.54201,0.81585,0.653398,0.0141854,1,0.526316,9,0.0993619,3,0.939979,0.997042
B1_06,B1,67,268.0,9,9,0,0,100.000000,0,0.315107,0.787715,55.2776,0.711122,0.66248,0.049492,1,0,9,0.0587508,3,0.961197,0.995884
B1_06,B1,68,272.0,10,9,1,1,90.000000,0,0.017777,1.21201,1.65615,0.8235,0.629048,0.0514141,1,0.666667,10,0.0283416,3,0.976547,0.996377
B1_06,B1,69,276.0,10,10,0,0,100.000000,0,0.002280,0.691902,53.6705,0.808412,0.683043,0.0159966,1,0.181818,10,0.165086,3,0.979389,0.994831
B1_06,B1,70,280.0,10,10,0,0,100.000000,0,0.001118,1.21801,2.19145,0.820038,0.646786,0.0181968,1,0.8,10,0.076797,3,0.966699,0.994455
B1_06,B1,71,284.0,10,10,0,0,100.000000,0,0.010040,1.1509,5.64483,0.814112,0.674169,0.0280179,1,0.133333,10,0.13867,3,0.980327,0.994675
B1_06,B1,72,288.0,9,9,0,0,100.000000,0,0.003242,0.682435,49.3244,0.718281,0.659024,0.0198578,1,0,9,0.0381702,3,0.981296,0.995833
B1_06,B1,73,292.0,10,10,0,0,100.000000,0,0.000972,0.668781,55.0726,0.700979,0.673863,0.024282,1,0,10,0.0630985,3,0.977187,0.993814
B1_06,B1,74,296.0,9,9,0,0,100.000000,0,0.086687,1.09997,2.82636,0.808189,0.658627,0.0394035,1,0.526316,9,0.0523262,3,0.945906,0.994662
B1_06,B1,75,300.0,10,10,0,0,100.000000,0,0.040254,0.617236,38.4176,0.69898,0.684247,0.0299954,1,0,10,0.0448641,3,0.947138,0.991437
B1_06,B1,76,304.0,9,7,2,2,77.777778,1,0.789493,0.73508,55.4363,0.70326,0.680284,0.148285,1,0,9,0.0440278,3,0.954904,0.990424
B1_06,B1,77,308.0,10,10,0,0,100.000000,0,0.005516,0.772723,49.8985,0.720708,0.643797,0.0138587,1,0,10,0.0442426,3,0.96077,0.987504
B1_06,B1,78,312.0,10,10,0,0,100.000000,0,0.004818,0.729947,53.9427,0.702985,0.668541,0.0160097,1,0,10,0.0545047,3,0.984429,0.993991
B1_06,B1,79,316.0,10,7,3,3,70.000000,1,0.618189,0.63427,35.8576,0.68631,0.635077,0.0606869,1,0,10,0.077801,3,0.958806,0.985851
B1_06,B1,80,320.0,10,10,0,0,100.000000,0,0.004032,0.568182,36.5533,0.724666,0.663018,0.0177567,1,0,10,0.0471012,3,0.987496,0.996072
B1_06,B1,81,324.0,10,10,0,0,100.000000,0,0.001141,0.294746,18.3225,0.676033,0.655864,0.0117084,1,0.133333,10,0.131319,4,0.989385,0.995895
B1_06,B1,82,328.0,11,11,0,0,100.000000,0,0.000234,0.326857,17.3453,0.665039,0.673882,0.0125711,1,0,11,0.11425,4,0.982391,0.992878
B1_06,B1,83,332.0,10,10,0,0,100.000000,0,0.001723,0.34585,18.9309,0.670018,0.704444,0.0114705,1,0.133333,10,0.0919895,4,0.985867,0.995528
B1_06,B1,84,336.0,9,9,0,0,100.000000,0,0.002365,0.368766,29.8021,0.674504,0.651004,0.0199184,1,0.166667,9,0.0836185,4,0.986335,0.996371
B1_06,B1,85,340.0,10,10,0,0,100.000000,0,0.001188,0.472103,29.7467,0.683392,0.696901,0.0182217,1,0,10,0.0683965,4,0.993297,0.994978
B1_06,B1,86,344.0,9,9,0,0,100.000000,0,0.000142,0.3856,22.5967,0.673581,0.650285,0.0083674,1,0,9,0.103033,4,0.988511,0.993714
B1_06,B1,87,348.0,10,10,0,0,100.000000,0,0.003411,0.51161,38.9715,0.712314,0.67583,0.0140266,1,0,10,0.0553497,4,0.980475,0.994824
B1_06,B1,88,352.0,10,10,0,0,100.000000,0,0.002582,0.360224,22.9484,0.674779,0.654924,0.0254993,1,0.285714,10,0.0984532,3,0.979418,0.994894
B1_06,B1,89,356.0,10,10,0,0,100.000000,0,0.002950,0.364605,22.9773,0.677615,0.691521,0.0235102,1,0,10,0.0930695,4,0.983645,0.994295
B1_06,B1,90,360.0,9,9,0,0,100.000000,0,0.013350,0.355375,22.8388,0.675951,0.650952,0.0276811,1,0.153846,9,0.10124,4,0.977246,0.997427
B1_06,B1,91,364.0,10,10,0,0,100.000000,0,0.005388,0.277635,15.4324,0.669916,0.723434,0.0165017,1,0.25,10,0.151413,4,0.966902,0.995233
B1_06,B1,92,368.0,10,10,0,0,100.000000,0,0.026915,0.30497,15.1891,0.664547,0.69925,0.0305446,1,0.25,10,0.102209,4,0.957296,0.993212
B1_06,B1,93,372.0,10,9,1,1,90.000000,0,0.671778,0.364021,19.439,0.674835,0.707269,0.0715711,1,0.266667,10,0.115583,4,0.95387,0.992145
B1_06,B1,94,376.0,9,9,0,0,100.000000,0,0.003476,0.356802,22.3914,0.676698,0.677157,0.018368,1,0.153846,9,0.0865675,4,0.975789,0.99432
B1_06,B1,95,380.0,10,10,0,0,100.000000,0,0.042190,0.508864,70.7776,0.730765,0.644296,0.040684,1,0.181818,10,0.0828528,3,0.982046,0.995247
B1_06,B1,96,384.0,10,10,0,0,100.000000,0,0.002428,0.528505,72.5295,0.691534,0.642227,0.0163213,1,0.181818,10,0.1807,3,0.986615,0.996505
B1_06,B1,97,388.0,10,10,0,0,100.000000,0,0.000748,0.963541,13.3503,0.821463,0.622661,0.00771951,1,0.153846,10,0.052154,3,0.992975,0.996216
B1_06,B1,98,392.0,10,10,0,0,100.000000,0,0.000578,0.871812,11.3526,0.788779,0.64821,0.0102671,1,0.133333,10,0.14551,3,0.984341,0.995093
B1_06,B1,99,396.0,9,9,0,0,100.000000,0,0.000992,0.972665,10.3895,0.798287,0.664735,0.0233237,1,0.428571,9,0.0902123,3,0.991555,0.994945
B1_06,B1,100,400.0,10,8,1,2,84.210526,0,0.236438,1.05134,6.5036,0.822655,0.665697,0.218689,0.875,0.428571,9,0.123813,3,0.979851,0.993154
B1_06,B1,101,404.0,10,9,1,1,90.000000,0,0.241975,0.495966,42.4275,0.693921,0.683261,0.112953,1,0.333333,10,0.0760221,4,0.966939,0.994056
B1_06,B1,102,408.0,9,9,0,0,100.000000,0,0.000987,1.11164,6.013,0.811682,0.653271,0.0209975,1,0.666667,9,0.0695455,3,0.989836,0.994342
B1_06,B1,103,412.0,10,10,0,0,100.000000,0,0.002308,0.600944,54.5805,0.691559,0.686191,0.0239303,1,0,10,0.0635884,3,0.984877,0.99653
B1_06,B1,104,416.0,10,10,0,0,100.000000,0,0.000088,1.115,2.93334,0.843292,0.680473,0.0103025,1,0.9,10,0.113969,3,0.991312,0.994999
B1_06,B1,105,420.0,9,9,0,0,100.000000,0,0.000710,1.04558,8.18114,0.80151,0.66198,0.00803711,1,0.266667,9,0.0636679,3,0.976921,0.99439
B1_06,B1,106,424.0,10,10,0,0,100.000000,0,0.000069,1.04186,3.27212,0.82603,0.671588,0.0102915,1,0.421053,10,0.0661657,3,0.989697,0.995533
B1_06,B1,107,428.0,9,9,0,0,100.000000,0,0.000766,0.614294,72.4863,0.830093,0.619074,0.0108547,1,0.2,9,0.105811,3,0.985865,0.994191
B1_06,B1,108,432.0,10,10,0,0,100.000000,0,0.002050,0.59384,63.8716,0.71931,0.625872,0.0156177,1,0,10,0.0793404,3,0.98305,0.992825
B1_06,B1,109,436.0,10,8,2,2,80.000000,0,0.406328,0.692736,58.3101,0.697573,0.650355,0.112866,1,0.181818,10,0.0587888,4,0.95636,0.993712
B1_06,B1,110,440.0,9,9,0,0,100.000000,0,0.052580,0.444467,28.0443,0.678381,0.642199,0.0427277,1,0,9,0.0843302,4,0.97762,0.994747
B1_06,B1,111,444.0,10,10,0,0,100.000000,0,0.003697,0.478383,42.6459,0.700051,0.655668,0.0167633,1,0.166667,10,0.0490449,3,0.977533,0.996826
B1_06,B1,112,448.0,10,10,0,0,100.000000,0,0.001497,0.445925,28.8247,0.693366,0.648493,0.0162757,1,0,10,0.066782,4,0.97262,0.992808
B1_06,B1,113,452.0,10,10,0,0,100.000000,0,0.001723,0.397326,21.8316,0.670648,0.658979,0.0169882,1,0,10,0.0912796,4,0.985534,0.995367
B1_06,B1,114,456.0,11,10,0,1,95.238095,0,0.004033,0.38587,18.3971,0.679361,0.635562,0.0148344,1,0.266667,10,0.124325,4,0.973549,0.995336
B1_06,B1,115,460.0,10,9,2,1,85.714286,0,0.981727,0.470375,22.6337,0.676724,0.660765,0.178843,0.8,0.133333,11,0.0760062,3,0.936937,0.994385
B1_06,B1,116,464.0,9,9,0,0,100.000000,0,0.847529,0.417978,14.5832,0.675733,0.647041,0.0629954,1,0.133333,9,0.146145,4,0.926063,0.994303
B1_06,B1,117,468.0,10,10,0,0,100.000000,0,0.002582,0.438612,21.6946,0.68154,0.65737,0.0183942,1,0.142857,10,0.129253,4,0.976709,0.995518
B1_06,B1,118,472.0,9,9,0,0,100.000000,0,0.006226,0.429529,22.2947,0.684084,0.614387,0.0168034,1,0,9,0.125443,4,0.967091,0.991761
B1_06,B1,119,476.0,10,8,2,2,80.000000,0,0.363098,0.45607,17.1792,0.67683,0.658341,0.118094,1,0.133333,10,0.100622,4,0.962936,0.995447
B1_06,B1,120,480.0,9,8,1,1,88.888889,0,0.003650,1.2186,2.92138,0.816663,0.677664,0.0476014,1,0.888889,9,0.0545677,3,0.977952,0.995185
B1_06,B1,121,484.0,9,9,0,0,100.000000,0,0.008432,0.539829,25.0097,0.680219,0.6478,0.0152854,1,0.166667,9,0.0730678,3,0.952905,0.988867
B1_06,B1,122,488.0,10,10,0,0,100.000000,0,0.006801,0.78077,50.6999,0.728581,0.647479,0.0185699,1,0,10,0.0988825,3,0.970932,0.996945
B1_06,B1,123,492.0,10,10,0,0,100.000000,0,0.030137,0.441795,16.8683,0.675254,0.67431,0.0415168,1,0.133333,10,0.0786507,4,0.970449,0.992762
B1_06,B1,124,496.0,10,10,0,0,100.000000,0,0.011967,0.438031,21.7915,0.674347,0.676611,0.0214502,1,0.142857,10,0.106855,4,0.960232,0.995378
B1_06,B1,125,500.0,10,10,0,0,100.000000,0,0.009639,0.697148,57.2102,0.702264,0.671299,0.0218291,1,0,10,0.0398021,3,0.981715,0.995568
B1_06,B1,126,504.0,9,9,0,0,100.000000,0,0.002825,1.04334,4.43883,0.800945,0.631564,0.0322581,1,0.705882,9,0.147653,3,0.974407,0.995721
B1_06,B1,127,508.0,9,9,0,0,100.000000,0,0.016706,0.707792,52.2937,0.719818,0.639587,0.0176115,1,0,9,0.0540911,3,0.978674,0.994421
B1_06,B1,128,512.0,10,10,0,0,100.000000,0,0.020588,0.656641,37.7407,0.698996,0.656471,0.0451842,1,0,10,0.0728005,3,0.976404,0.991675
B1_06,B1,129,516.0,9,9,0,0,100.000000,0,0.000286,0.678457,36.0004,0.70869,0.698863,0.00813169,1,0,9,0.11422,3,0.966865,0.993744
B1_06,B1,130,520.0,10,10,0,0,100.000000,0,0.002689,0.609242,29.4412,0.698902,0.644111,0.0246222,1,0.307692,10,0.064473,3,0.978407,0.99469
B1_06,B1,131,524.0,10,9,1,1,90.000000,0,0.943804,0.781116,56.9619,0.716924,0.672998,0.173071,0.888889,0,10,0.109138,3,0.935708,0.985445
B1_06,B1,132,528.0,10,9,1,1,90.000000,0,0.387876,0.425477,19.2713,0.67476,0.62868,0.0648962,1,0.133333,10,0.128655,3,0.971351,0.995404
B1_06,B1,133,532.0,10,8,2,2,80.000000,0,0.559199,0.664599,35.5732,0.692956,0.641397,0.0679436,1,0,10,0.0807723,3,0.958065,0.993828
B1_06,B1,134,536.0,9,6,3,3,66.666667,1,0.854900,0.663891,17.7608,0.705477,0.643718,0.14298,0.875,0.307692,9,0.105235,3,0.925383,0.993689
B1_06,B1,135,540.0,10,9,1,1,90.000000,0,0.162942,0.403151,15.2666,0.678267,0.648773,0.0570331,1,0.25,10,0.122736,3,0.971585,0.993977
B1_06,B1,136,544.0,10,10,0,0,100.000000,0,0.041130,0.586472,27.407,0.690768,0.652163,0.0410457,1,0.307692,10,0.0719781,4,0.975802,0.995374
B1_06,B1,137,548.0,9,9,0,0,100.000000,0,0.003044,0.398689,22.3665,0.680184,0.692181,0.0109863,1,0,9,0.140571,3,0.983373,0.995932
B1_06,B1,138,552.0,9,9,0,0,100.000000,0,0.003476,0.505603,28.2904,0.699752,0.658829,0.0227251,1,0,9,0.0894254,4,0.978467,0.99568
B1_06,B1,139,556.0,10,7,2,3,73.684211,1,0.935517,0.514132,16.0489,0.671013,0.70337,0.178038,1,0,9,0.149692,4,0.949222,0.993201
B1_06,B1,140,560.0,9,9,0,0,100.000000,0,0.001695,0.587665,20.9147,0.688549,0.671084,0.0175324,1,0,9,0.13405,4,0.969499,0.992192
B1_06,B1,141,564.0,10,6,3,4,63.157895,1,0.967582,0.576651,19.3747,0.684004,0.664652,0.240707,0.875,0.153846,9,0.102867,4,0.934604,0.989102
B1_06,B1,142,568.0,9,9,1,0,94.736842,0,0.808647,0.507635,16.1044,0.678256,0.662673,0.0966882,1,0.266667,10,0.0973765,3,0.953371,0.996572
B1_06,B1,143,572.0,10,8,1,2,84.210526,0,0.339490,0.589541,25.3326,0.685878,0.672435,0.0724084,1,0.333333,9,0.062965,4,0.9657,0.994648
B1_06,B1,144,576.0,9,8,1,1,88.888889,0,0.744555,0.748186,29.9731,0.701158,0.665919,0.0719791,1,0.181818,9,0.0805846,3,0.927947,0.989404
B1_06,B1,145,580.0,10,6,4,4,60.000000,1,0.792693,1.1356,4.21781,0.790244,0.699094,0.155783,1,0.625,10,0.0499188,3,0.951138,0.993117
B1_06,B1,146,584.0,9,6,4,3,63.157895,1,0.996732,0.769848,35.9972,0.702552,0.617922,0.242746,0.777778,0.333333,10,0.0634429,3,0.909884,0.988999
B1_06,B1,147,588.0,10,7,3,3,70.000000,1,0.994115,0.974542,38.2893,0.811072,0.620455,0.190159,0.888889,0,10,0.0955012,3,0.894094,0.995559
B1_06,B1,148,592.0,9,7,2,2,77.777778,1,0.863787,0.766304,33.0322,0.707869,0.614746,0.124613,1,0.181818,9,0.0903249,3,0.952389,0.987807
B1_06,B1,149,596.0,10,10,0,0,100.000000,0,0.004889,0.626882,25.5921,0.689212,0.628049,0.0156719,1,0.153846,10,0.0628911,3,0.973774,0.996526
B1_06,B1,150,600.0,9,3,6,6,33.333333,1,0.975685,1.30153,1.16634,0.818453,0.65448,0.226762,0.875,0.470588,9,0.0719071,3,0.923765,0.967278
B1_06,B1,151,604.0,10,7,3,3,70.000000,1,0.827049,0.861108,52.2051,0.722791,0.675952,0.135656,1,0,10,0.0500058,3,0.927897,0.985607
B1_06,B1,152,608.0,9,6,3,3,66.666667,1,0.677926,0.912678,35.0125,0.810344,0.684443,0.10436,1,0.2,9,0.143428,3,0.905295,0.979396
B1_06,B1,153,612.0,10,5,4,5,52.631579,1,0.987191,0.55705,10.9588,0.74721,0.657901,0.289869,0.875,0.166667,9,0.053717,3,0.936407,0.9945
B1_06,B1,154,616.0,10,10,0,0,100.000000,0,0.000773,0.611105,59.8442,0.803869,0.663197,0.0248545,1,0.181818,10,0.105447,4,0.972664,0.995012
B1_06,B1,155,620.0,9,9,0,0,100.000000,0,0.002867,1.18805,3.59523,0.810814,0.681573,0.0105186,1,0.625,9,0.186069,3,0.973764,0.996396
B1_06,B1,156,624.0,9,8,1,1,88.888889,0,0.003216,1.23197,2.69772,0.820369,0.687215,0.0495327,1,0.666667,9,0.051633,3,0.975924,0.99353
B1_06,B1,157,628.0,10,10,0,0,100.000000,0,0.008176,0.960128,4.54742,0.771842,0.673872,0.0547919,1,0.133333,10,0.0959968,3,0.985231,0.995727
B1_06,B1,158,632.0,10,8,0,2,88.888889,0,0.934586,1.28194,2.12643,0.806242,0.622604,0.364262,0.714286,0.588235,8,0.0468915,3,0.952446,0.991514
B1_06,B1,159,636.0,9,9,0,0,100.000000,0,0.035684,1.30989,0.92686,0.793903,0.652213,0.0421898,1,0.470588,9,0.100104,3,0.955555,0.991885
B1_06,B1,160,640.0,10,10,0,0,100.000000,0,0.119869,0.621653,20.3432,0.691933,0.665651,0.0412497,1,0,10,0.0698456,3,0.953099,0.989838
B1_06,B1,161,644.0,9,8,1,1,88.888889,0,0.077004,1.30013,1.6409,0.803014,0.642717,0.0880631,1,0.736842,9,0.0955822,3,0.969523,0.990938
B1_06,B1,162,648.0,10,5,5,5,50.000000,1,0.729851,0.766686,30.494,0.708129,0.673586,0.144166,0.888889,0.166667,10,0.0853973,3,0.949097,0.993448
B1_06,B1,163,652.0,10,9,1,1,90.000000,0,0.385022,0.631361,35.1566,0.728635,0.620485,0.0530983,1,0,10,0.0635206,3,0.971242,0.99477
B1_06,B1,164,656.0,9,8,1,1,88.888889,0,0.575867,0.603105,25.1141,0.689486,0.685591,0.118272,1,0.166667,9,0.119106,3,0.960004,0.993552
B1_06,B1,165,660.0,10,6,3,4,63.157895,1,0.997689,1.28424,1.48088,0.794696,0.608989,0.361508,0.75,0.470588,9,0.055654,3,0.921235,0.985176
B1_06,B1,166,664.0,9,9,0,0,100.000000,0,0.094936,0.619894,39.5975,0.712839,0.631998,0.0351628,1,0.181818,9,0.0647768,3,0.94868,0.994967
B1_06,B1,167,668.0,10,10,0,0,100.000000,0,0.434623,0.643822,33.1897,0.692434,0.627883,0.0707986,1,0,10,0.0623197,3,0.968692,0.996273
B1_06,B1,168,672.0,9,4,6,5,42.105263,1,0.470913,0.48178,17.5045,0.677328,0.64956,0.127086,1,0.666667,10,0.103533,4,0.937345,0.990152
B1_06,B1,169,676.0,10,9,1,1,90.000000,0,0.968085,0.882634,46.7807,0.794687,0.662794,0.166766,0.888889,0.181818,10,0.0737705,3,0.912275,0.989982
B1_06,B1,170,680.0,9,9,0,0,100.000000,0,0.035615,1.13132,4.71251,0.793515,0.619839,0.0334074,1,0.266667,9,0.0430465,3,0.970329,0.996828
B1_06,B1,171,684.0,10,9,1,1,90.000000,0,0.902771,0.760638,49.7481,0.782264,0.611911,0.0949959,1,0,10,0.0608702,3,0.941632,0.992056
B1_06,B1,172,688.0,10,10,0,0,100.000000,0,0.001810,1.08524,4.49392,0.822728,0.649827,0.0302339,1,0.777778,10,0.0761971,3,0.982782,0.995177
B1_06,B1,173,692.0,9,9,0,0,100.000000,0,0.017467,0.636017,62.0766,0.690922,0.682029,0.0112243,1,0.2,9,0.060185,4,0.95442,0.994989
B1_06,B1,174,696.0,10,9,1,1,90.000000,0,0.119014,1.17562,2.81271,0.820109,0.66153,0.137216,1,0.7,10,0.0796814,3,0.968535,0.990973
B1_06,B1,175,700.0,10,10,0,0,100.000000,0,0.000949,1.16783,2.05787,0.803041,0.666105,0.0237712,1,0.555556,10,0.129194,3,0.981649,0.995526
B1_06,B1,176,704.0,9,9,0,0,100.000000,0,0.004191,1.2039,4.78735,0.826319,0.711928,0.0320967,1,0.625,9,0.0580155,3,0.975687,0.992939
B1_06,B1,177,708.0,10,10,0,0,100.000000,0,0.003266,1.01693,6.71507,0.775215,0.628766,0.0172087,1,0.625,10,0.100048,3,0.984938,0.99493
B1_06,B1,178,712.0,9,9,0,0,100.000000,0,0.000301,1.24102,2.08477,0.824697,0.642322,0.0152105,1,1,9,0.171801,3,0.987124,0.994972
B1_06,B1,179,716.0,10,10,0,0,100.000000,0,0.005552,0.693468,59.711,0.704752,0.653319,0.0192557,1,0,10,0.0590894,3,0.984951,0.995107
B1_06,B1,180,720.0,10,10,0,0,100.000000,0,0.001159,1.01893,10.1449,0.796136,0.644839,0.0169516,1,0.375,10,0.159541,3,0.990065,0.996612
B1_06,B1,181,724.0,9,9,0,0,100.000000,0,0.002376,1.0897,5.89878,0.795367,0.651866,0.0137972,1,0.533333,9,0.0962558,3,0.979354,0.995155
B1_06,B1,182,728.0,10,10,0,0,100.000000,0,0.001594,0.958634,6.43936,0.773944,0.65752,0.0123806,1,0.352941,10,0.072892,3,0.992723,0.996763
B1_06,B1,183,732.0,10,10,0,0,100.000000,0,0.002950,0.485834,28.79,0.668575,0.646646,0.0197311,1,0,10,0.08572,4,0.974544,0.995236
B1_06,B1,184,736.0,9,9,0,0,100.000000,0,0.003084,0.699728,63.6004,0.713561,0.711104,0.0102135,1,0,9,0.0416249,3,0.984611,0.995582
B1_06,B1,185,740.0,10,10,0,0,100.000000,0,0.000597,1.11149,5.29047,0.807002,0.634677,0.00956607,1,0.470588,10,0.0272523,3,0.989188,0.996705
B1_06,B1,186,744.0,10,10,0,0,100.000000,0,0.000264,1.08123,4.90407,0.817952,0.661384,0.0102915,1,0.666667,10,0.080632,3,0.981957,0.993909
B1_06,B1,187,748.0,9,9,0,0,100.000000,0,0.006580,0.990407,5.41234,0.771993,0.602891,0.0161523,1,0.5,9,0.0947991,3,0.990415,0.996799
B1_06,B1,188,752.0,10,10,0,0,100.000000,0,0.003723,0.738714,55.3863,0.788468,0.635375,0.0186889,1,0,10,0.0703748,3,0.979945,0.994377
B1_06,B1,189,756.0,10,10,0,0,100.000000,0,0.002710,0.611816,39.9621,0.685245,0.638614,0.015174,1,0.166667,10,0.0503733,3,0.975982,0.992408
B1_06,B1,190,760.0,9,9,0,0,100.000000,0,0.001464,1.19396,2.08212,0.787653,0.635603,0.0129061,1,0.705882,9,0.0850124,3,0.988078,0.995612
B1_06,B1,191,764.0,10,9,1,1,90.000000,0,0.523135,0.590371,37.3285,0.70236,0.667907,0.0625507,1,0.166667,10,0.0665326,4,0.954917,0.990227
B1_06,B1,192,768.0,10,10,0,0,100.000000,0,0.010310,1.03256,6.1341,0.801409,0.613044,0.0109774,1,0.555556,10,0.092331,3,0.98638,0.996133
B1_06,B1,193,772.0,9,9,0,0,100.000000,0,0.010324,0.758749,58.2746,0.742432,0.644137,0.0215211,1,0.2,9,0.0373776,3,0.984036,0.996153
B1_06,B1,194,776.0,10,10,0,0,100.000000,0,0.003003,1.19323,3.67711,0.81011,0.640532,0.0292891,1,0.842105,10,0.0363368,3,0.980618,0.995021
B1_06,B1,195,780.0,10,10,0,0,100.000000,0,0.020705,0.733009,62.551,0.701987,0.639182,0.0170249,1,0.181818,10,0.101394,3,0.979672,0.996053
B1_06,B1,196,784.0,10,10,0,0,100.000000,0,0.005727,0.735557,47.821,0.798137,0.61977,0.0140804,1,0.181818,10,0.0602148,3,0.985679,0.996319
B1_06,B1,197,788.0,9,9,0,0,100.000000,0,0.001223,1.0179,6.08728,0.797237,0.587537,0.007497,1,0.5,9,0.0430729,3,0.993218,0.996446
B1_06,B1,198,792.0,10,10,0,0,100.000000,0,0.014168,1.06032,5.50489,0.783462,0.663285,0.0277494,1,0.5,10,0.035025,3,0.979792,0.996396
B1_06,B1,199,796.0,10,10,0,0,100.000000,0,0.004290,0.716407,62.2977,0.708183,0.677325,0.0126683,1,0.181818,10,0.0871405,3,0.98965,0.994471
B1_06,B1,200,800.0,9,9,0,0,100.000000,0,0.005878,0.532976,38.3304,0.693414,0.675463,0.0106445,1,0.181818,9,0.051171,4,0.98361,0.99598
B1_06,B1,201,804.0,10,10,0,0,100.000000,0,0.010310,1.10482,6.47931,0.786536,0.601691,0.0121482,1,0.588235,10,0.092485,3,0.988607,0.994945
B1_06,B1,202,808.0,10,10,0,0,100.000000,0,0.001553,0.968245,8.1557,0.813143,0.676887,0.0130293,1,0.666667,10,0.128533,3,0.989125,0.997059
B1_06,B1,203,812.0,9,9,0,0,100.000000,0,0.000132,0.646245,67.545,0.826301,0.688048,0.00671624,1,0,9,0.130722,3,0.992466,0.997132
B1_06,B1,204,816.0,10,10,0,0,100.000000,0,0.002689,0.678957,42.5138,0.719836,0.683265,0.0170249,1,0,10,0.0634005,3,0.978251,0.994245
B1_06,B1,205,820.0,10,10,0,0,100.000000,0,0.009851,0.792549,45.9854,0.703026,0.622361,0.0158591,1,0,10,0.0409104,3,0.982738,0.993872
B1_06,B1,206,824.0,9,9,0,0,100.000000,0,0.004844,1.12192,4.89564,0.786403,0.62516,0.021919,1,0.285714,9,0.0547167,3,0.977042,0.995515
B1_06,B1,207,828.0,10,10,0,0,100.000000,0,0.000869,1.1815,3.21462,0.814993,0.651007,0.0209999,1,0.555556,10,0.0817713,3,0.971347,0.995292
B1_06,B1,208,832.0,10,10,0,0,100.000000,0,0.103194,1.17877,3.31458,0.790157,0.726843,0.0497162,1,0.375,10,0.0489208,3,0.968895,0.995467
B1_06,B1,209,836.0,9,8,1,1,88.888889,0,0.957573,0.92485,43.659,0.694546,0.629326,0.157121,0.875,0,9,0.0499537,3,0.947048,0.995906
B1_06,B1,210,840.0,10,10,0,0,100.000000,0,0.170430,0.68683,22.0102,0.697479,0.652378,0.0418112,1,0.153846,10,0.0905566,4,0.939747,0.992119
B1_06,B1,211,844.0,10,8,2,2,80.000000,0,0.715692,0.78462,28.721,0.691324,0.632938,0.136185,0.888889,0.166667,10,0.0701216,3,0.928558,0.993617
B1_06,B1,212,848.0,10,9,1,1,90.000000,0,0.068754,0.935991,47.3272,0.729203,0.640032,0.0412989,1,0,10,0.049162,3,0.963089,0.991518
B1_06,B1,213,852.0,9,8,1,1,88.888889,0,0.595769,0.712927,22.7008,0.698342,0.648403,0.0920437,1,0.166667,9,0.105539,3,0.935903,0.986944
B1_06,B1,214,856.0,10,6,3,4,63.157895,1,0.246062,0.750621,49.0488,0.82621,0.666135,0.0707977,1,0,9,0.101765,3,0.965456,0.995555
B1_06,B1,215,860.0,10,7,2,3,73.684211,1,0.791831,0.688032,27.7122,0.703735,0.668511,0.124796,1,0.181818,9,0.0779158,4,0.954823,0.995574
B1_06,B1,216,864.0,9,8,1,1,88.888889,0,0.250033,0.47969,18.5494,0.680172,0.639598,0.0430502,1,0.307692,9,0.082922,4,0.971731,0.995648
B1_06,B1,217,868.0,10,10,0,0,100.000000,0,0.875223,0.666209,25.597,0.692696,0.584169,0.0484794,1,0.153846,10,0.0640666,3,0.937907,0.990398
B1_06,B1,218,872.0,10,10,0,0,100.000000,0,0.248231,0.520613,20.0612,0.676219,0.660977,0.0499395,1,0,10,0.102302,4,0.960609,0.990658
B1_06,B1,219,876.0,10,9,1,1,90.000000,0,0.538969,0.598987,22.5889,0.696993,0.663619,0.0840392,1,0.153846,10,0.0832312,3,0.944888,0.989891
B1_06,B1,220,880.0,9,8,1,1,88.888889,0,0.600883,0.791945,25.8223,0.696863,0.650276,0.0784297,1,0.181818,9,0.0730311,3,0.955413,0.99229
B1_06,B1,221,884.0,10,3,6,7,31.578947,1,0.988751,1.04183,13.9989,0.760884,0.726149,0.244565,0.875,0.181818,9,0.0729629,3,0.922684,0.976331
B1_06,B1,222,888.0,10,10,0,0,100.000000,0,0.041324,0.595139,27.5514,0.691195,0.687931,0.0370905,1,0.461538,10,0.063763,3,0.964238,0.995308
B1_06,B1,223,892.0,10,10,0,0,100.000000,0,0.568304,0.731829,24.326,0.71229,0.65426,0.0675615,1,0,10,0.0838309,3,0.94725,0.992999
B1_06,B1,224,896.0,10,7,3,3,70.000000,1,0.985681,0.747406,23.8879,0.697175,0.694455,0.194136,0.888889,0.307692,10,0.0697292,3,0.904032,0.972694
B1_06,B1,225,900.0,9,1,7,8,11.764706,1,0.993693,0.807368,23.9935,0.719856,0.655366,0.322452,0.857143,0.545455,8,0.054968,3,0.882561,0.953312
B1_06,B1,226,904.0,10,6,4,4,60.000000,1,0.985681,0.747406,23.75,0.713479,0.643884,0.190856,0.888889,0,10,0.0737731,3,0.904738,0.95928
B1_06,B1,227,908.0,9,6,2,3,70.588235,1,0.998677,0.810084,20.8807,0.724181,0.600765,0.177713,1,0,8,0.0524187,3,0.904426,0.960795
B1_06,B1,228,912.0,10,4,5,6,42.105263,1,0.998090,0.74008,13.3099,0.699803,0.564912,0.337857,0.75,0.285714,9,0.107471,3,0.900636,0.984693
B1_06,B1,229,916.0,9,8,1,1,88.888889,0,0.538434,0.874408,29.9332,0.773227,0.636108,0.0774316,1,0.166667,10,0.0380258,3,0.949126,0.978323
B1_06,B1,230,920.0,10,6,3,4,63.157895,1,0.975474,0.905574,27.99,0.705254,0.65132,0.197016,1,0,8,0.0500024,3,0.932174,0.988966
B1_06,B1,231,924.0,10,6,4,4,60.000000,1,0.601358,1.4072,0.718413,0.790014,0.686019,0.12601,1,0.5,10,0.118584,3,0.914986,0.970541
B1_06,B1,232,928.0,9,6,4,3,63.157895,1,0.988674,1.06385,23.5623,0.735361,0.6779,0.203359,0.888889,0,10,0.0491954,3,0.91903,0.982675
B1_06,B1,233,932.0,10,6,2,4,66.666667,1,0.991511,0.85622,31.4004,0.754376,0.72725,0.233496,0.857143,0,8,0.0432708,3,0.899523,0.96776
B1_06,B1,234,936.0,10,5,4,5,52.631579,1,0.721382,0.828756,20.9282,0.711742,0.650348,0.112919,1,0,9,0.119163,3,0.879447,0.964593
B1_06,B1,235,940.0,10,6,4,4,60.000000,1,0.984809,0.695733,15.2007,0.695179,0.696695,0.187406,0.777778,0.266667,10,0.0756859,3,0.92481,0.95931
B1_06,B1,236,944.0,9,7,2,2,77.777778,1,0.674211,1.34738,0.120381,0.805839,0.68159,0.116697,1,0.2,9,0.0153539,3,0.910819,0.982229
B1_06,B1,237,948.0,10,7,3,3,70.000000,1,0.475322,0.976869,39.2262,0.736277,0.70515,0.116234,1,0,10,0.0574025,3,0.950063,0.991522
B1_06,B1,238,952.0,10,8,2,2,80.000000,0,0.582029,1.03284,30.8675,0.803691,0.625891,0.0957919,1,0,10,0.0172518,3,0.920502,0.978435
B1_06,B1,239,956.0,9,7,2,2,77.777778,1,0.981090,0.867846,22.918,0.720131,0.63404,0.16199,1,0,9,0.0792127,3,0.900338,0.970449
B1_06,B1,240,960.0,10,9,1,1,90.000000,0,0.820637,0.88475,26.0906,0.72566,0.687348,0.0987008,1,0.333333,10,0.0489842,3,0.918533,0.963695
B1_06,B1,241,964.0,10,5,3,5,55.555556,1,0.972916,0.991895,22.7059,0.735892,0.659675,0.250525,0.857143,0,8,0.0764581,3,0.94178,0.984788
B1_06,B1,242,968.0,9,5,5,4,52.631579,1,0.655711,0.96274,40.2661,0.745606,0.679126,0.130176,1,0,10,0.044982,3,0.943509,0.989596
B1_06,B1,243,972.0,10,9,2,1,85.714286,0,0.996762,1.10698,26.6661,0.75888,0.550574,0.173201,0.8,0.166667,11,0.0838255,3,0.901992,0.991807
B1_06,B1,244,976.0,9,3,6,6,33.333333,1,0.990499,1.32992,1.50181,0.796988,0.678409,0.254617,0.75,0.375,9,0.0637025,3,0.888199,0.947895
B1_06,B1,245,980.0,10,8,2,2,80.000000,0,0.983624,1.20603,3.22563,0.790699,0.641404,0.16804,1,0.428571,10,0.0749207,3,0.905922,0.982226
B1_06,B1,246,984.0,10,9,1,1,90.000000,0,0.499996,0.694187,24.8894,0.700529,0.683846,0.0675622,1,0.153846,10,0.0583057,3,0.935984,0.981448
B1_06,B1,247,988.0,10,8,2,2,80.000000,0,0.915508,0.605392,36.337,0.717756,0.704948,0.159917,1,0.166667,10,0.0613058,3,0.928554,0.987541
B1_06,B1,248,992.0,10,10,0,0,100.000000,0,0.001570,0.498487,27.8397,0.696419,0.683775,0.0122276,1,0,10,0.0693626,4,0.98845,0.995868
B1_06,B1,249,996.0,9,9,0,0,100.000000,0,0.608148,0.536845,13.6808,0.674787,0.704605,0.0447298,1,0.133333,9,0.0676468,3,0.923593,0.98507
B1_06,B1,250,1000.0,10,4,6,6,40.000000,1,0.924127,0.457277,16.4702,0.672222,0.697104,0.162369,0.888889,0.266667,10,0.111829,4,0.930045,0.993332
B1_06,B1,251,1004.0,9,8,1,1,88.888889,0,0.554814,0.501921,27.2964,0.669513,0.662574,0.157477,0.875,0.166667,9,0.0805626,4,0.976056,0.995708
B1_06,B1,252,1008.0,10,10,0,0,100.000000,0,0.021491,0.602946,25.1971,0.694446,0.708462,0.0308577,1,0.153846,10,0.0791067,3,0.969953,0.994463
B1_06,B1,253,1012.0,10,9,1,1,90.000000,0,0.010742,0.674662,34.5164,0.69475,0.661439,0.0324709,1,0.166667,10,0.0698969,3,0.969775,0.995732
B1_06,B1,254,1016.0,9,9,0,0,100.000000,0,0.056332,0.878377,41.3882,0.72568,0.66696,0.0304997,1,0,9,0.0713333,3,0.982151,0.996125
B1_06,B1,255,1020.0,10,8,1,2,84.210526,0,0.921124,0.684563,23.3659,0.709438,0.614387,0.0894984,1,0,9,0.0844075,3,0.943847,0.995487
B1_06,B1,256,1024.0,9,4,6,5,42.105263,1,0.986060,0.564243,16.0708,0.684522,0.70157,0.214201,0.777778,0.266667,10,0.109612,3,0.885379,0.978007
B1_06,B1,257,1028.0,10,4,6,6,40.000000,1,0.982865,0.606605,19.493,0.675495,0.661551,0.278517,0.888889,0.285714,10,0.0780432,3,0.916488,0.967698
B1_06,B1,258,1032.0,9,8,1,1,88.888889,0,0.981724,0.573305,18.8697,0.678208,0.68917,0.176107,0.875,0.153846,9,0.11342,4,0.938149,0.995637
B1_06,B1,259,1036.0,10,8,2,2,80.000000,0,0.869027,0.910322,38.2428,0.73074,0.622486,0.111224,1,0.181818,10,0.0442882,3,0.924769,0.990526
B1_06,B1,260,1040.0,10,10,0,0,100.000000,0,0.045205,1.09573,2.51095,0.780395,0.680808,0.0619441,1,0.631579,10,0.0618912,3,0.96586,0.994385
B1_06,B1,261,1044.0,9,6,3,3,66.666667,1,0.306439,1.03644,2.91479,0.804222,0.631849,0.0507647,1,0.235294,9,0.0428664,3,0.923337,0.989758
B1_06,B1,262,1048.0,10,8,2,2,80.000000,0,0.526191,1.28181,1.61972,0.80764,0.632036,0.0914117,1,0.4,10,0.0909183,3,0.929682,0.993716
B1_06,B1,263,1052.0,10,10,0,0,100.000000,0,0.008270,0.822968,43.501,0.714775,0.658345,0.0239336,1,0,10,0.0552573,3,0.95063,0.991699
B1_06,B1,264,1056.0,10,10,0,0,100.000000,0,0.014966,1.18721,3.83935,0.80302,0.638737,0.0172865,1,0.153846,10,0.0534582,3,0.921583,0.980232
B1_06,B1,265,1060.0,10,10,0,0,100.000000,0,0.448557,1.03466,5.00112,0.779112,0.664903,0.113313,1,0.4,10,0.129166,3,0.936316,0.992561
B1_06,B1,266,1064.0,9,5,4,4,55.555556,1,0.662732,1.1501,3.84036,0.775821,0.647662,0.134947,1,0.307692,9,0.0402405,3,0.931834,0.986014
B1_06,B1,267,1068.0,10,8,1,2,84.210526,0,0.990722,0.60588,39.5322,0.69875,0.670268,0.22996,0.875,0.181818,9,0.0674852,3,0.890004,0.979051
B1_06,B1,268,1072.0,10,6,3,4,63.157895,1,0.901939,1.06767,4.451,0.81702,0.667797,0.197334,1,0.533333,9,0.0832086,3,0.961259,0.987648
B1_06,B1,269,1076.0,10,10,0,0,100.000000,0,0.069826,1.13301,6.19516,0.807411,0.665867,0.0480565,1,0.4,10,0.0645767,3,0.950722,0.983355
B1_06,B1,270,1080.0,9,8,0,1,94.117647,0,0.989063,1.21551,2.15645,0.802441,0.607326,0.309115,0.857143,0.4,8,0.0778098,3,0.957523,0.985209
B1_06,B1,271,1084.0,10,9,1,1,90.000000,0,0.263802,1.19774,1.77918,0.820684,0.643065,0.0771058,1,0.25,10,0.0344068,3,0.928361,0.990866
B1_06,B1,272,1088.0,10,7,3,3,70.000000,1,0.553142,0.782967,45.7799,0.718008,0.705583,0.104759,1,0,10,0.0610408,3,0.928737,0.959988
B1_06,B1,273,1092.0,9,7,2,2,77.777778,1,0.769792,1.25727,2.92905,0.825255,0.690944,0.0919837,1,0.4,9,0.0468104,3,0.927471,0.991496
B1_06,B1,274,1096.0,10,8,2,2,80.000000,0,0.791346,1.30244,1.69279,0.806513,0.626834,0.116734,1,0.470588,10,0.078192,3,0.91298,0.988092
B1_06,B1,275,1100.0,10,8,1,2,84.210526,0,0.844330,0.726674,35.0707,0.689227,0.688479,0.14905,1,0.181818,9,0.0535441,3,0.941144,0.98337
B1_06,B1,276,1104.0,9,7,2,2,77.777778,1,0.988281,1.24113,2.04765,0.801106,0.644548,0.321471,0.75,0.142857,9,0.0520896,3,0.919503,0.982296
B1_06,B1,277,1108.0,9,9,0,0,100.000000,0,0.000837,0.623803,29.9671,0.712491,0.683796,0.00985515,1,0.181818,9,0.0518065,4,0.965184,0.996437
B1_06,B1,278,1112.0,10,6,5,4,57.142857,1,0.978361,0.714525,53.4242,0.711786,0.650135,0.201891,0.8,0.166667,11,0.0364484,3,0.902929,0.984101
B1_06,B1,279,1116.0,9,9,0,0,100.000000,0,0.001597,0.616036,78.0363,0.692639,0.646253,0.0256578,1,0.2,9,0.0957879,4,0.980022,0.993573
B1_06,B1,280,1120.0,10,10,0,0,100.000000,0,0.001448,0.534753,41.4479,0.677557,0.650627,0.0248391,1,0.166667,10,0.0827246,4,0.979442,0.99165
B1_06,B1,281,1124.0,9,9,0,0,100.000000,0,0.000165,0.62285,73.456,0.776087,0.652296,0.00930233,1,0.2,9,0.115377,3,0.989268,0.996884
B1_06,B1,282,1128.0,9,9,0,0,100.000000,0,0.001061,1.04032,8.32134,0.790377,0.67166,0.0179048,1,0.153846,9,0.0965046,3,0.986974,0.994014
B1_06,B1,283,1132.0,9,8,1,1,88.888889,0,0.358162,1.07078,10.0071,0.826315,0.627768,0.0428984,1,0,9,0.0745047,3,0.941325,0.995029
B1_06,B1,284,1136.0,9,8,1,1,88.888889,0,0.370207,1.21986,3.6913,0.815407,0.66953,0.0791129,1,0.352941,9,0.0686274,3,0.958541,0.991046
B1_06,B1,285,1140.0,9,6,4,3,63.157895,1,0.964480,0.909481,40.2694,0.723006,0.641273,0.156961,0.888889,0,10,0.0519746,3,0.913345,0.990379
B1_06,B1,286,1144.0,9,8,1,1,88.888889,0,0.087597,0.957521,7.02696,0.787615,0.676557,0.0712555,1,0.533333,9,0.148687,3,0.977688,0.994847
B1_06,B1,287,1148.0,10,4,5,6,42.105263,1,0.971089,0.635602,17.8146,0.705034,0.690902,0.254842,0.875,0.166667,9,0.0976245,3,0.940648,0.993957
B1_06,B1,288,1152.0,9,9,0,0,100.000000,0,0.492375,0.985973,6.4904,0.796115,0.664005,0.081586,1,0.4,9,0.0804156,3,0.973447,0.99588
B1_06,B1,289,1156.0,9,9,0,0,100.000000,0,0.001743,1.00823,7.07627,0.795993,0.695403,0.0197334,1,0.5,9,0.0532966,3,0.979637,0.994226
B1_06,B1,290,1160.0,10,10,0,0,100.000000,0,0.001113,0.982177,6.31816,0.785953,0.666619,0.0162908,1,0.5,10,0.0843152,3,0.987311,0.994341
B1_06,B1,291,1164.0,10,10,0,0,100.000000,0,0.001677,0.645923,71.0467,0.697269,0.668722,0.020271,1,0.181818,10,0.0541917,4,0.975626,0.992859
B1_06,B1,292,1168.0,9,9,0,0,100.000000,0,0.012765,1.13224,5.24183,0.812774,0.654775,0.0325641,1,0.4,9,0.0415584,3,0.963017,0.994927
B1_06,B1,293,1172.0,10,10,0,0,100.000000,0,0.071059,0.647509,64.9242,0.711698,0.680234,0.0357989,1,0,10,0.0381239,3,0.981321,0.996286
B1_06,B1,294,1176.0,10,10,0,0,100.000000,0,0.000556,0.658518,68.9387,0.701459,0.687762,0.0103342,1,0,10,0.0491703,3,0.978668,0.994836
B1_06,B1,295,1180.0,10,10,0,0,100.000000,0,0.003980,1.07176,5.51008,0.841093,0.634854,0.0131859,1,0.631579,10,0.0783151,3,0.971936,0.995028
B1_06,B1,296,1184.0,9,9,0,0,100.000000,0,0.006740,0.493255,44.6539,0.684123,0.682622,0.0160853,1,0.363636,9,0.0461769,4,0.970403,0.994423
B1_06,B1,297,1188.0,10,9,1,1,90.000000,0,0.821610,0.662029,68.5635,0.694651,0.702288,0.163854,0.888889,0,10,0.0521934,3,0.964772,0.99492
B1_06,B1,298,1192.0,9,8,1,1,88.888889,0,0.447511,0.603779,71.5096,0.710731,0.67121,0.078039,1,0.2,9,0.0921929,3,0.965189,0.994715
B1_07,B1,0,0.0,10,7,4,3,66.666667,1,0.970850,0.887303,3.49292,0.761328,0.614277,0.179531,0.7,0.6,11,0.117292,3,0.911728,0.992827
B1_07,B1,1,4.0,11,11,0,0,100.000000,0,0.017275,0.934818,2.45122,0.76715,0.616605,0.0598778,1,0.7,11,0.0905319,3,0.977714,0.993443
B1_07,B1,2,8.0,11,11,0,0,100.000000,0,0.812270,0.906383,4.63816,0.746869,0.610113,0.0936622,1,0.235294,11,0.0641093,3,0.94965,0.992111
B1_07,B1,3,12.0,11,11,0,0,100.000000,0,0.010954,0.947271,4.1911,0.750902,0.603879,0.035844,1,0.857143,11,0.051905,3,0.971634,0.994723
B1_07,B1,4,16.0,11,11,0,0,100.000000,0,0.812999,0.952003,3.34816,0.768172,0.585344,0.120825,0.9,0.352941,11,0.0304653,3,0.938562,0.992374
B1_07,B1,5,20.0,10,9,1,1,90.000000,0,0.785764,0.948179,3.43563,0.747151,0.558591,0.0813909,1,0.555556,10,0.0687715,3,0.948143,0.992111
B1_07,B1,6,24.0,11,11,0,0,100.000000,0,0.022787,0.957883,3.06597,0.740246,0.574249,0.0439058,1,0.842105,11,0.056684,3,0.948191,0.990327
B1_07,B1,7,28.0,11,8,2,3,76.190476,1,0.988643,0.834829,4.75897,0.750649,0.573272,0.202375,1,0.125,10,0.0463807,3,0.950292,0.993731
B1_07,B1,8,32.0,11,11,0,0,100.000000,0,0.010017,0.82566,3.27757,0.756571,0.604998,0.0324595,1,0.315789,11,0.0585162,3,0.967059,0.992211
B1_07,B1,9,36.0,11,5,5,6,47.619048,1,0.984951,0.802603,5.59054,0.764219,0.585151,0.195592,0.875,0.235294,9,0.0612617,3,0.946726,0.988562
B1_07,B1,10,40.0,10,9,1,1,90.000000,0,0.083939,0.21151,29.0037,0.779525,0.232744,0.070532,1,0,11,0.0873486,3,0.928624,0.991743
B1_07,B1,11,44.0,11,6,5,5,54.545455,1,0.950340,0.482132,36.8072,0.707187,0.577669,0.189142,0.8,0,11,0.0748068,3,0.842632,0.993665
B1_07,B1,12,48.0,11,8,2,3,76.190476,1,0.071719,0.24209,28.7019,0.704229,0.605171,0.0744719,1,0.153846,10,0.0540173,3,0.960126,0.994461
B1_07,B1,13,52.0,11,11,0,0,100.000000,0,0.007323,0.947494,3.51346,0.744968,0.633179,0.0292211,1,0.470588,11,0.0436407,3,0.96792,0.99408
B1_07,B1,14,56.0,10,4,7,6,38.095238,1,0.960724,0.273889,19.594,0.738707,0.181886,0.193982,0.9,0.133333,11,0.0992546,4,0.84253,0.97578
B1_07,B1,15,60.0,11,6,5,5,54.545455,1,0.994860,0.0875796,15.5961,0.76205,0.510049,0.19321,0.7,0.153846,11,0.0646391,3,0.877332,0.991759
B1_07,B1,16,64.0,11,5,6,6,45.454545,1,0.992622,0.3613,22.6131,0.763025,0.545637,0.312505,0.5,0.285714,11,0.0263191,3,0.777677,0.995371
B1_07,B1,17,68.0,11,10,1,1,90.909091,0,0.011102,0.346128,64.4808,0.799126,0.26518,0.0956983,0.9,0,11,0.0485171,3,0.8926,0.994002
B1_07,B1,18,72.0,10,7,3,3,70.000000,1,0.301425,0.247122,43.7376,0.751666,0.566094,0.0951508,1,0.181818,10,0.0805664,4,0.952575,0.995779
B1_07,B1,19,76.0,11,10,1,1,90.909091,0,0.349912,0.198646,15.4725,0.734035,0.401548,0.0929968,1,0.153846,11,0.0292693,2,0.896147,0.978734
B1_07,B1,20,80.0,11,6,5,5,54.545455,1,0.959119,0.116233,24.2513,0.772115,0.328477,0.241187,0.7,0,11,0.0328233,3,0.761633,0.993191
B1_07,B1,21,84.0,10,9,2,1,85.714286,0,0.609107,0.241352,53.322,0.770687,0.511647,0.158554,0.7,0,11,0.0350255,2,0.950404,0.989262
B1_07,B1,22,88.0,11,4,6,7,38.095238,1,0.878392,0.277101,46.1145,0.795889,0.269592,0.187905,0.777778,0.166667,10,0.0836737,3,0.868746,0.989615
B1_07,B1,23,92.0,11,5,4,6,50.000000,1,0.883691,0.302325,46.3628,0.79024,0.220188,0.151585,1,0,9,0.0961118,3,0.902386,0.967147
B1_07,B1,24,96.0,11,6,4,5,57.142857,1,0.973829,0.765531,5.65638,0.753555,0.590687,0.181912,1,0.421053,10,0.0619903,3,0.949722,0.994096
B1_07,B1,25,100.0,11,4,6,7,38.095238,1,0.994425,0.325984,27.9646,0.728346,0.533124,0.234924,0.777778,0,10,0.0928708,3,0.907378,0.993177
B1_07,B1,26,104.0,10,9,1,1,90.000000,0,0.908033,0.939134,4.50628,0.764437,0.577884,0.100158,0.888889,0.133333,10,0.0644051,3,0.952608,0.988736
B1_07,B1,27,108.0,11,11,0,0,100.000000,0,0.105143,1.00375,2.23635,0.754858,0.575927,0.0479036,1,0.7,11,0.113745,3,0.941751,0.980324
B1_07,B1,28,112.0,11,9,2,2,81.818182,0,0.914235,0.960202,3.1403,0.7609,0.604037,0.12475,0.8,0.444444,11,0.124491,3,0.938242,0.99303
B1_07,B1,29,116.0,11,4,6,7,38.095238,1,0.969730,0.938997,3.46092,0.766957,0.57158,0.134906,0.888889,0.470588,10,0.13212,3,0.911871,0.974155
B1_07,B1,30,120.0,10,9,1,1,90.000000,0,0.979796,0.909284,4.25469,0.759455,0.581767,0.16496,0.888889,0.470588,10,0.035981,3,0.89789,0.99421
B1_07,B1,31,124.0,11,7,4,4,63.636364,1,0.950518,0.906347,3.91666,0.76078,0.598789,0.165604,0.8,0.380952,11,0.141434,3,0.913329,0.996454
B1_07,B1,32,128.0,11,8,3,3,72.727273,1,0.923892,0.92125,4.4724,0.759054,0.597561,0.166649,0.8,0.7,11,0.0310085,3,0.950778,0.993757
B1_07,B1,33,132.0,11,8,2,3,76.190476,1,0.887279,0.851986,4.37665,0.758693,0.582385,0.21878,0.875,0.533333,9,0.0341557,3,0.966108,0.991269
B1_07,B1,34,136.0,10,9,1,1,90.000000,0,0.731020,0.899007,3.39551,0.761488,0.585983,0.104277,0.9,0.444444,11,0.0817417,3,0.944155,0.995141
B1_07,B1,35,140.0,11,11,0,0,100.000000,0,0.431014,0.788457,4.96053,0.759761,0.606479,0.0550418,1,0.636364,11,0.0263185,3,0.918055,0.992515
B1_07,B1,36,144.0,11,11,0,0,100.000000,0,0.003806,0.905559,2.44405,0.768205,0.598865,0.033551,1,0.6,11,0.0585733,3,0.960789,0.991742
B1_07,B1,37,148.0,10,5,5,5,50.000000,1,0.993384,0.87718,4.12892,0.764501,0.612331,0.204207,0.777778,0.352941,10,0.0731069,3,0.886869,0.986838
B1_07,B1,38,152.0,11,10,1,1,90.909091,0,0.701898,0.805595,4.49934,0.742741,0.576115,0.0917743,0.9,0.25,11,0.0977363,3,0.966408,0.990753
B1_07,B1,39,156.0,11,11,0,0,100.000000,0,0.013793,0.782046,4.98507,0.748853,0.598446,0.0355744,1,0.444444,11,0.0331505,3,0.946329,0.996889
B1_07,B1,40,160.0,11,10,1,1,90.909091,0,0.518984,0.84518,2.31762,0.755391,0.577991,0.0983797,0.9,0.545455,11,0.0521538,3,0.953899,0.995692
B1_07,B1,41,164.0,10,10,0,0,100.000000,0,0.144582,0.804636,2.90288,0.755993,0.609057,0.0401881,1,0.352941,10,0.0290767,3,0.940795,0.988083
B1_07,B1,42,168.0,11,7,3,4,66.666667,1,0.960235,0.775155,5.03937,0.74705,0.617016,0.148527,1,0.352941,10,0.0148522,3,0.942082,0.995157
B1_07,B1,43,172.0,11,10,1,1,90.909091,0,0.757450,0.874199,4.47971,0.75404,0.60172,0.0863146,0.9,0.315789,11,0.0808187,3,0.952743,0.988922
B1_07,B1,44,176.0,11,8,3,3,72.727273,1,0.991860,0.844544,2.785,0.759674,0.605501,0.198504,0.7,0.5,11,0.0290276,3,0.907578,0.992747
B1_07,B1,45,180.0,10,8,2,2,80.000000,0,0.134764,0.949922,2.15777,0.750337,0.582874,0.0890856,1,0.444444,10,0.0115772,3,0.96816,0.994412
B1_07,B1,46,184.0,11,7,3,4,66.666667,1,0.987245,0.80991,4.74597,0.757989,0.575139,0.170177,1,0.375,10,0.0396307,3,0.919678,0.987055
B1_07,B1,47,188.0,11,8,2,3,76.190476,1,0.820715,0.801896,4.69624,0.757592,0.544676,0.164328,1,0.777778,10,0.0390451,3,0.973422,0.994955
B1_07,B1,48,192.0,11,11,0,0,100.000000,0,0.914519,0.731904,8.58907,0.751223,0.560453,0.0608968,1,0.25,11,0.069554,3,0.919232,0.993819
B1_07,B1,49,196.0,11,7,3,4,66.666667,1,0.832796,0.7751,5.49261,0.760565,0.565378,0.151196,1,0.4,10,0.106187,3,0.969669,0.990328
B1_07,B1,50,200.0,10,9,2,1,85.714286,0,0.806413,0.816259,2.61531,0.746682,0.601695,0.101779,0.9,0.666667,11,0.145002,3,0.955056,0.992555
B1_07,B1,51,204.0,11,9,1,2,85.714286,0,0.756038,0.839531,4.04412,0.762677,0.601345,0.0913884,1,0.666667,10,0.0891092,3,0.955948,0.993121
B1_07,B1,52,208.0,11,6,5,5,54.545455,1,0.995962,0.77275,4.85572,0.754768,0.572385,0.196654,0.6,0.2,11,0.135856,3,0.898752,0.992216
B1_07,B1,53,212.0,11,10,1,1,90.909091,0,0.353216,0.859339,3.03074,0.75042,0.608286,0.0880061,1,0.666667,11,0.0979765,3,0.969356,0.995002
B1_07,B1,54,216.0,10,7,3,3,70.000000,1,0.026931,0.747732,2.50992,0.760254,0.61285,0.0564944,1,0.8,10,0.0975184,3,0.9463,0.991636
B1_07,B1,55,220.0,11,10,1,1,90.909091,0,0.680209,0.823498,4.80252,0.7424,0.600954,0.0684039,1,0.555556,11,0.0578665,3,0.952929,0.99403
B1_07,B1,56,224.0,11,10,1,1,90.909091,0,0.925959,0.72568,4.92869,0.755043,0.615091,0.108339,0.9,0.470588,11,0.0733134,3,0.921854,0.991859
B1_07,B1,57,228.0,10,3,7,7,30.000000,1,0.996043,0.911559,2.79129,0.757388,0.563132,0.231126,0.777778,0,10,0.102724,3,0.874982,0.985635
B1_07,B1,58,232.0,12,7,2,5,66.666667,1,0.933344,0.846538,3.54052,0.744966,0.584975,0.272539,1,0.588235,9,0.0789501,3,0.961773,0.992079
B1_07,B1,59,236.0,11,7,3,4,66.666667,1,0.981147,0.807527,4.92189,0.749562,0.550078,0.175913,1,0.4,10,0.0494519,3,0.95738,0.994159
B1_07,B1,60,240.0,12,6,4,6,54.545455,1,0.979392,0.807547,8.92851,0.757576,0.559638,0.138331,1,0.266667,10,0.10824,3,0.950162,0.990795
B1_07,B1,61,244.0,12,11,0,1,95.652174,0,0.042989,0.841461,4.89709,0.755167,0.563578,0.0237647,1,0.5,11,0.0666996,3,0.857556,0.972806
B1_07,B1,62,248.0,11,9,2,2,81.818182,0,0.969803,0.694667,7.78054,0.761146,0.599735,0.130772,1,0.444444,11,0.148249,3,0.936911,0.986595
B1_07,B1,63,252.0,11,11,0,0,100.000000,0,0.715763,0.764535,4.70864,0.751024,0.598087,0.0686941,1,0.6,11,0.0912431,3,0.952196,0.997648
B1_07,B1,64,256.0,9,9,0,0,100.000000,0,0.005558,0.827573,4.81436,0.753188,0.624319,0.0249952,1,0.5,9,0.0194059,3,0.988431,0.99605
B1_07,B1,65,260.0,10,10,0,0,100.000000,0,0.046366,0.742407,7.94038,0.750937,0.615788,0.0187665,1,0.428571,10,0.0470948,3,0.980669,0.992904
B1_07,B1,66,264.0,11,10,1,1,90.909091,0,0.757226,0.73961,5.77906,0.753486,0.616622,0.0871289,1,0.117647,11,0.0172619,3,0.961716,0.991519
B1_07,B1,67,268.0,10,10,0,0,100.000000,0,0.030713,0.699265,6.79387,0.755905,0.635509,0.0251118,1,0.736842,10,0.0466608,3,0.977109,0.9954
B1_07,B1,68,272.0,10,10,0,0,100.000000,0,0.004067,0.82828,2.15555,0.743796,0.616973,0.0241357,1,0.7,10,0.0562075,3,0.966774,0.991829
B1_07,B1,69,276.0,10,9,1,1,90.000000,0,0.760166,0.833391,3.22419,0.751793,0.622144,0.096205,1,0.631579,10,0.0579582,3,0.954538,0.987214
B1_07,B1,70,280.0,11,9,2,2,81.818182,0,0.182863,0.799578,2.46133,0.755999,0.533192,0.0923408,1,0.6,11,0.0436336,3,0.971509,0.994507
B1_07,B1,71,284.0,10,9,1,1,90.000000,0,0.179746,0.794369,3.80584,0.756617,0.593138,0.09696,1,0.526316,10,0.134463,3,0.979441,0.993007
B1_07,B1,72,288.0,10,10,0,0,100.000000,0,0.014820,0.758879,4.87996,0.745059,0.634675,0.0157836,1,0.555556,10,0.0534135,3,0.987855,0.995032
B1_07,B1,73,292.0,10,10,0,0,100.000000,0,0.010651,0.724969,3.60288,0.74477,0.619156,0.0217745,1,0.631579,10,0.116095,3,0.975208,0.995273
B1_07,B1,74,296.0,10,9,1,1,90.000000,0,0.508497,0.745041,3.38393,0.751026,0.588033,0.0925205,1,0.631579,10,0.0565283,3,0.974984,0.995437
B1_07,B1,75,300.0,11,11,0,0,100.000000,0,0.006893,0.801273,3.04051,0.746336,0.637971,0.0173416,1,0.7,11,0.0416661,3,0.975256,0.994538
B1_07,B1,76,304.0,10,10,0,0,100.000000,0,0.050051,0.749235,4.4711,0.741624,0.597706,0.0374579,1,0.842105,10,0.0696854,3,0.972373,0.995719
B1_07,B1,77,308.0,11,10,1,1,90.909091,0,0.164263,0.862704,1.83975,0.755537,0.611493,0.0817754,1,0.7,11,0.0552253,3,0.970651,0.992668
B1_07,B1,78,312.0,10,10,0,0,100.000000,0,0.048129,0.782998,5.85208,0.757771,0.601406,0.0155633,1,0.588235,10,0.12251,3,0.977972,0.990666
B1_07,B1,79,316.0,10,9,1,1,90.000000,0,0.694293,0.833638,7.85935,0.759858,0.554993,0.0732536,1,0.375,10,0.0350637,3,0.965371,0.992942
B1_07,B1,80,320.0,11,11,0,0,100.000000,0,0.032841,0.678029,5.09222,0.754391,0.608942,0.02929,1,0.421053,11,0.0416668,3,0.973568,0.990847
B1_07,B1,81,324.0,10,10,0,0,100.000000,0,0.001841,0.875921,2.5511,0.757313,0.615454,0.0291519,1,0.8,10,0.108838,3,0.979357,0.992073
B1_07,B1,82,328.0,11,11,0,0,100.000000,0,0.012613,0.733896,3.55162,0.752324,0.574913,0.0341346,1,0.8,11,0.0684342,3,0.971375,0.991522
B1_07,B1,83,332.0,10,10,0,0,100.000000,0,0.059202,0.724583,7.33466,0.760653,0.588,0.0162525,1,0.4,10,0.0494871,3,0.976735,0.990542
B1_07,B1,84,336.0,11,11,0,0,100.000000,0,0.021982,0.713176,4.74149,0.742446,0.604862,0.0274058,1,0.7,11,0.153929,3,0.985652,0.995526
B1_07,B1,85,340.0,10,8,1,2,84.210526,0,0.065345,0.722307,4.17012,0.754948,0.600143,0.144443,1,0.823529,9,0.106878,3,0.978979,0.989807
B1_07,B1,86,344.0,10,10,1,0,95.238095,0,0.714296,0.701475,7.00052,0.755076,0.594286,0.0718381,1,0.421053,11,0.0599141,3,0.967915,0.995308
B1_07,B1,87,348.0,11,10,0,1,95.238095,0,0.018497,0.738075,5.6352,0.750155,0.617964,0.0277254,1,0.7,10,0.130097,3,0.978438,0.994849
B1_07,B1,88,352.0,10,9,1,1,90.000000,0,0.396784,0.759157,2.67086,0.741529,0.612773,0.120428,0.888889,0.8,10,0.0888217,3,0.961849,0.993818
B1_07,B1,89,356.0,11,11,0,0,100.000000,0,0.009674,0.749344,2.50729,0.760582,0.59206,0.0353798,1,0.6,11,0.048831,3,0.956638,0.995349
B1_07,B1,90,360.0,10,10,0,0,100.000000,0,0.296842,0.733272,5.96663,0.746367,0.597633,0.0471586,1,0.7,10,0.1021,3,0.975966,0.994696
B1_07,B1,91,364.0,11,11,0,0,100.000000,0,0.014675,0.715533,3.27463,0.76316,0.597013,0.0198654,1,0.47619,11,0.0634242,3,0.977193,0.992092
B1_07,B1,92,368.0,10,10,0,0,100.000000,0,0.022615,0.676895,5.32315,0.747765,0.587058,0.0212123,1,0.526316,11,0.0706017,3,0.96026,0.992161
B1_07,B1,93,372.0,11,11,0,0,100.000000,0,0.006205,0.759451,3.89745,0.747263,0.637357,0.0192183,1,0.8,10,0.0957191,3,0.988226,0.994184
B1_07,B1,94,376.0,11,11,0,0,100.000000,0,0.007274,0.80108,4.95566,0.761603,0.59721,0.0257522,1,0.6,11,0.0270273,3,0.988468,0.994815
B1_07,B1,95,380.0,10,8,2,2,80.000000,0,0.942364,0.79715,4.07318,0.749147,0.577227,0.149199,0.777778,0.777778,10,0.073936,3,0.954241,0.991025
B1_07,B1,96,384.0,11,9,2,2,81.818182,0,0.571721,0.818029,3.49628,0.752548,0.578875,0.0928285,1,0.5,11,0.036795,3,0.944968,0.988699
B1_07,B1,97,388.0,11,11,0,0,100.000000,0,0.005022,0.854671,2.05585,0.748687,0.590596,0.0374332,1,0.909091,11,0.0688729,3,0.980131,0.994463
B1_07,B1,98,392.0,10,10,0,0,100.000000,0,0.599359,0.775204,5.58503,0.748487,0.606081,0.0493194,1,0.266667,10,0.141853,3,0.967988,0.990429
B1_07,B1,99,396.0,11,11,0,0,100.000000,0,0.015989,0.749476,4.73056,0.742333,0.597533,0.0291458,1,0.571429,11,0.0290962,3,0.965044,0.991335
B1_07,B1,100,400.0,10,10,1,0,95.238095,0,0.744742,0.778158,4.86987,0.750102,0.618611,0.0974743,0.9,0.444444,11,0.0115009,3,0.951944,0.994223
B1_07,B1,101,404.0,11,10,0,1,95.238095,0,0.192926,0.730957,4.9201,0.744586,0.59476,0.0445391,1,0.666667,10,0.0991027,3,0.956986,0.991369
B1_07,B1,102,408.0,9,9,0,0,100.000000,0,0.040579,0.875183,3.98689,0.759441,0.623594,0.0960349,1,0.666667,9,0.147647,3,0.985961,0.99672
B1_07,B1,103,412.0,10,10,0,0,100.000000,0,0.022687,0.808233,5.08777,0.749848,0.568536,0.0241401,1,0.705882,10,0.0418685,3,0.989006,0.994411
B1_07,B1,104,416.0,11,8,2,3,76.190476,1,0.970613,0.713764,5.94642,0.76278,0.574856,0.158901,1,0.315789,10,0.0823323,3,0.957052,0.995909
B1_07,B1,105,420.0,11,11,0,0,100.000000,0,0.402594,0.735646,3.72401,0.746227,0.58555,0.0518359,1,0.7,11,0.102086,3,0.958397,0.992592
B1_07,B1,106,424.0,11,10,1,1,90.909091,0,0.813927,0.835577,3.95045,0.758292,0.566373,0.0695999,1,0.666667,11,0.0947106,3,0.922935,0.98643
B1_07,B1,107,428.0,10,10,0,0,100.000000,0,0.053276,0.803793,5.85829,0.75868,0.555653,0.0363042,1,0.588235,10,0.0799956,3,0.966569,0.990882
B1_07,B1,108,432.0,11,11,0,0,100.000000,0,0.023625,0.810458,4.5697,0.751945,0.544062,0.0339208,1,0.736842,11,0.0734348,3,0.984773,0.994076
B1_07,B1,109,436.0,10,10,0,0,100.000000,0,0.100062,0.802143,6.5045,0.7507,0.558474,0.0336523,1,0.533333,10,0.040834,3,0.980887,0.99223
B1_07,B1,110,440.0,11,11,0,0,100.000000,0,0.006357,0.758284,3.93997,0.758249,0.633586,0.0288818,1,0.8,11,0.105244,3,0.969282,0.994221
B1_07,B1,111,444.0,10,10,0,0,100.000000,0,0.448643,0.752995,6.46812,0.762202,0.613547,0.0501657,1,0.470588,10,0.137203,3,0.974937,0.992571
B1_07,B1,112,448.0,11,11,0,0,100.000000,0,0.051495,0.728136,7.19533,0.754105,0.5889,0.0176899,1,0.444444,11,0.0614073,3,0.974591,0.994478
B1_07,B1,113,452.0,10,10,0,0,100.000000,0,0.210156,0.87324,2.97154,0.750175,0.598463,0.0387998,1,0.666667,10,0.0709486,3,0.933239,0.9875
B1_07,B1,114,456.0,10,10,0,0,100.000000,0,0.036532,0.846266,5.54575,0.745906,0.608307,0.0300133,1,0.375,10,0.0573605,3,0.971606,0.994283
B1_07,B1,115,460.0,11,10,1,1,90.909091,0,0.893887,0.78584,2.84791,0.751286,0.555612,0.145263,0.9,0.5,11,0.0606421,3,0.965195,0.990574
B1_07,B1,116,464.0,11,11,0,0,100.000000,0,0.002561,0.716794,2.66713,0.750733,0.628098,0.023985,1,1,11,0.160213,3,0.975423,0.991475
B1_07,B1,117,468.0,10,10,0,0,100.000000,0,0.013671,0.838707,2.89766,0.753511,0.607513,0.0174844,1,0.7,10,0.125164,3,0.981267,0.99196
B1_07,B1,118,472.0,11,11,0,0,100.000000,0,0.009740,0.813434,3.00586,0.746799,0.579303,0.028451,1,0.909091,11,0.107576,3,0.968699,0.993113
B1_07,B1,119,476.0,10,9,1,1,90.000000,0,0.167778,0.786778,3.89167,0.765571,0.622135,0.0632645,1,0.315789,11,0.0628103,3,0.96994,0.994489
B1_07,B1,120,480.0,11,11,0,0,100.000000,0,0.004202,0.82456,3.8535,0.74896,0.61786,0.0244851,1,0.444444,10,0.0376484,3,0.985569,0.991092
B1_07,B1,121,484.0,11,11,0,0,100.000000,0,0.026481,0.735967,5.66371,0.738732,0.583794,0.033306,1,0.857143,11,0.0980643,3,0.981251,0.993967
B1_07,B1,122,488.0,11,11,0,0,100.000000,0,0.017089,0.706325,4.7895,0.757399,0.600964,0.0233045,1,0.333333,11,0.0760685,3,0.96691,0.993597
B1_07,B1,123,492.0,10,10,0,0,100.000000,0,0.034295,0.76772,7.02544,0.75714,0.612195,0.0204595,1,0.555556,10,0.0791896,3,0.975612,0.991396
B1_07,B1,124,496.0,11,8,2,3,76.190476,1,0.207904,0.457054,195.184,0.762444,0.591468,0.187875,1,0.5,10,0.016618,4,0.944375,0.993646
B1_07,B1,125,500.0,10,3,7,7,30.000000,1,0.482213,0.350573,61.4236,0.759204,0.552038,0.16101,0.888889,0,10,0.0492902,2,0.870566,0.985783
B1_07,B1,126,504.0,11,7,6,4,58.333333,1,0.677689,0.204291,19.1162,0.736392,0.339054,0.171161,0.583333,0,13,0.0537522,3,0.854398,0.984776
B1_07,B1,127,508.0,10,6,4,4,60.000000,1,0.762108,0.294621,22.1251,0.773893,0.295657,0.151601,0.888889,0.307692,10,0.0944311,3,0.911583,0.984673
B1_07,B1,128,512.0,11,10,1,1,90.909091,0,0.600728,0.195523,47.8612,0.758097,0.311183,0.141109,0.9,0,11,0.0846166,3,0.940022,0.996017
B1_07,B1,129,516.0,10,8,2,2,80.000000,0,0.214084,0.378581,32.2238,0.739325,0.662522,0.0866554,1,0,10,0.0720806,3,0.943514,0.989681
B1_07,B1,130,520.0,10,9,1,1,90.000000,0,0.506885,0.757455,6.78974,0.756021,0.621783,0.0802116,1,0.555556,10,0.0675041,3,0.976543,0.994714
B1_07,B1,131,524.0,11,11,0,0,100.000000,0,0.043081,0.724823,7.36742,0.738744,0.638784,0.0197979,1,0.444444,11,0.0696277,3,0.992881,0.995927
B1_07,B1,132,528.0,10,10,0,0,100.000000,0,0.033178,0.787909,10.5683,0.752763,0.587568,0.011471,1,0.555556,10,0.105883,3,0.994582,0.996579
B1_07,B1,133,532.0,10,10,0,0,100.000000,0,0.026726,0.81031,10.9844,0.743145,0.623684,0.0110376,1,0.736842,10,0.0842801,3,0.995051,0.996021
B1_07,B1,134,536.0,11,11,0,0,100.000000,0,0.031101,0.815696,5.80251,0.747896,0.597869,0.0176279,1,0.666667,11,0.109931,3,0.992466,0.995208
B1_07,B1,135,540.0,9,9,0,0,100.000000,0,0.187197,0.715174,9.60422,0.753277,0.570604,0.0850921,1,0.666667,9,0.118191,3,0.993353,0.996357
B1_07,B1,136,544.0,10,10,0,0,100.000000,0,0.076200,0.799396,8.72778,0.739426,0.555819,0.0238887,1,0.5,10,0.0839014,3,0.994082,0.996445
B1_07,B1,137,548.0,10,10,0,0,100.000000,0,0.023132,0.773373,7.42358,0.761317,0.624169,0.0133779,1,0.470588,10,0.167646,3,0.992978,0.995994
B1_07,B1,138,552.0,10,10,0,0,100.000000,0,0.031476,0.757372,7.07648,0.749959,0.564856,0.018725,1,0.9,10,0.149414,3,0.993905,0.996299
B1_07,B1,139,556.0,10,10,0,0,100.000000,0,0.040029,0.818135,11.3014,0.752866,0.604371,0.0138216,1,0.736842,10,0.0807104,3,0.994182,0.996682
B1_07,B1,140,560.0,11,11,0,0,100.000000,0,0.045460,0.750046,6.86491,0.744443,0.594378,0.0132587,1,0.666667,11,0.0964854,3,0.994332,0.996778
B1_07,B1,141,564.0,11,11,0,0,100.000000,0,0.049424,0.81768,12.9232,0.749879,0.554668,0.0203605,1,0.307692,10,0.132682,3,0.992907,0.995612
B1_07,B1,142,568.0,10,10,0,0,100.000000,0,0.035714,0.783434,7.39762,0.748911,0.511595,0.0212766,1,0.5,11,0.149337,3,0.992863,0.995957
B1_07,B1,143,572.0,10,10,0,0,100.000000,0,0.044810,0.737133,8.66635,0.751682,0.550445,0.0130192,1,0.444444,10,0.091249,3,0.995036,0.997315
B1_07,B1,144,576.0,11,11,0,0,100.000000,0,0.005480,0.793579,7.29183,0.748883,0.547647,0.00715015,1,0.6,11,0.0709294,3,0.992802,0.995818
B1_07,B1,145,580.0,10,10,0,0,100.000000,0,0.030277,0.829201,8.97925,0.760858,0.590671,0.0159538,1,0.736842,10,0.14375,3,0.994477,0.996263
B1_07,B1,146,584.0,10,10,0,0,100.000000,0,0.014630,0.682265,11.5008,0.756004,0.590875,0.0139206,1,0.526316,10,0.0539856,3,0.994384,0.996187
B1_07,B1,147,588.0,11,11,0,0,100.000000,0,0.016798,0.887266,5.74662,0.750484,0.607248,0.0208545,1,0.857143,11,0.0896744,3,0.993484,0.9963
B1_07,B1,148,592.0,10,10,0,0,100.000000,0,0.078435,0.795443,11.5198,0.741187,0.551183,0.0139206,1,0.666667,10,0.0590971,3,0.994102,0.996933
B1_07,B1,149,596.0,10,10,0,0,100.000000,0,0.041993,0.737771,8.87883,0.762937,0.594468,0.0191996,1,0.631579,10,0.056035,3,0.991657,0.997005
B1_07,B1,150,600.0,11,11,0,0,100.000000,0,0.021381,0.833511,9.21589,0.759859,0.584452,0.018364,1,0.526316,11,0.0855213,3,0.99411,0.996864
B1_07,B1,151,604.0,10,10,0,0,100.000000,0,0.021872,0.779113,9.98328,0.749639,0.611607,0.0124512,1,0.8,10,0.0915328,3,0.994781,0.996858
B1_07,B1,152,608.0,11,11,0,0,100.000000,0,0.004553,0.804318,6.85582,0.764386,0.617494,0.0125389,1,1,11,0.109438,3,0.994801,0.996157
B1_07,B1,153,612.0,10,10,0,0,100.000000,0,0.021162,0.880192,7.05374,0.753259,0.579752,0.0111348,1,0.777778,10,0.126852,3,0.994221,0.996323
B1_07,B1,154,616.0,11,11,0,0,100.000000,0,0.035355,0.726423,11.4172,0.752648,0.551231,0.0148145,1,0.526316,11,0.109683,3,0.994487,0.997292
B1_07,B1,155,620.0,10,10,0,0,100.000000,0,0.003008,0.835784,8.21301,0.749189,0.616925,0.0104734,1,0.588235,10,0.148524,3,0.993915,0.996235
B1_07,B1,156,624.0,11,11,0,0,100.000000,0,0.010681,0.84755,6.53164,0.753295,0.613106,0.0110014,1,0.761905,11,0.0569085,3,0.993228,0.996231
B1_07,B1,157,628.0,10,10,0,0,100.000000,0,0.049424,0.806423,10.8242,0.751045,0.605328,0.0138712,1,0.666667,10,0.0861159,3,0.993866,0.996667
B1_07,B1,158,632.0,11,11,0,0,100.000000,0,0.020543,0.79353,7.77889,0.752912,0.580675,0.0215725,1,0.761905,11,0.149289,3,0.994354,0.997002
B1_07,B1,159,636.0,10,10,0,0,100.000000,0,0.000264,0.207921,75.5694,0.680664,0.363114,0.0331471,1,0,10,0.0623312,4,0.978018,0.995673
B1_07,B1,160,640.0,11,8,2,3,76.190476,1,0.940485,0.673067,8.9245,0.748341,0.390479,0.250309,0.888889,0.533333,10,0.097539,3,0.965009,0.996175
B1_07,B1,161,644.0,10,10,0,0,100.000000,0,0.044810,0.729949,10.3698,0.746488,0.555803,0.0133825,1,0.631579,10,0.0950009,3,0.994687,0.997468
B1_07,B1,162,648.0,11,11,0,0,100.000000,0,0.035355,0.733214,7.42801,0.763756,0.577374,0.0188772,1,0.571429,11,0.134011,3,0.994411,0.997074
B1_07,B1,163,652.0,10,10,0,0,100.000000,0,0.006238,0.732843,6.7378,0.739648,0.576874,0.00966731,1,0.631579,10,0.16589,3,0.994479,0.995793
B1_07,B1,164,656.0,11,11,0,0,100.000000,0,0.011587,0.678183,9.80482,0.749063,0.554555,0.0138151,1,0.818182,11,0.142216,3,0.994379,0.996613
B1_07,B1,165,660.0,10,10,0,0,100.000000,0,0.015463,0.784785,8.82885,0.751244,0.585347,0.013275,1,0.947368,10,0.195566,3,0.993805,0.996273
B1_07,B1,166,664.0,10,10,0,0,100.000000,0,0.041401,0.796396,8.22748,0.755728,0.606433,0.0222706,1,0.333333,10,0.0770637,3,0.994399,0.996952
B1_07,B1,167,668.0,11,11,0,0,100.000000,0,0.018331,0.796224,7.71875,0.75925,0.586926,0.0114328,1,0.818182,11,0.09181,3,0.992271,0.995597
B1_07,B1,168,672.0,10,10,0,0,100.000000,0,0.022900,0.722894,13.0081,0.74328,0.623851,0.0121122,1,0.8,10,0.1733,3,0.995251,0.997164
B1_07,B1,169,676.0,11,11,0,0,100.000000,0,0.010214,0.848375,8.77131,0.759482,0.617144,0.0144865,1,0.818182,11,0.166983,3,0.9928,0.99661
B1_07,B1,170,680.0,10,10,0,0,100.000000,0,0.003262,0.938823,5.49069,0.760359,0.600467,0.0131177,1,1,10,0.168648,3,0.992872,0.997123
B1_07,B1,171,684.0,10,10,0,0,100.000000,0,0.015217,0.889898,5.47106,0.747289,0.592969,0.0163147,1,0.555556,10,0.100162,3,0.993985,0.995872
B1_07,B1,172,688.0,8,8,0,0,100.000000,0,0.197466,0.726906,11.5842,0.748255,0.600474,0.0550879,1,0.625,8,0.0715495,3,0.992132,0.995086
B1_07,B1,173,692.0,10,10,0,0,100.000000,0,0.035390,0.841957,7.45205,0.758161,0.579131,0.0227154,1,0.736842,10,0.04634,3,0.994332,0.99699
B1_07,B1,174,696.0,10,10,0,0,100.000000,0,0.052305,0.722787,9.9662,0.762289,0.611364,0.0139941,1,0.235294,10,0.0440207,3,0.992237,0.997201
B1_07,B1,175,700.0,10,10,0,0,100.000000,0,0.002311,0.886164,7.70688,0.753498,0.618112,0.00994913,1,0.736842,10,0.100166,3,0.994145,0.996231
B1_07,B1,176,704.0,10,10,0,0,100.000000,0,0.025191,0.782305,10.7846,0.759053,0.599572,0.0178071,1,0.9,10,0.102498,3,0.993369,0.996336
B1_07,B1,177,708.0,11,11,0,0,100.000000,0,0.047196,0.755299,11.3916,0.757074,0.563692,0.0284297,1,0.444444,11,0.0685379,3,0.993616,0.995707
B1_07,B1,178,712.0,10,10,0,0,100.000000,0,0.025695,0.868854,6.9605,0.757678,0.579652,0.0182637,1,0.9,10,0.173841,3,0.993324,0.996756
B1_07,B1,179,716.0,10,10,0,0,100.000000,0,0.032290,0.829054,10.2358,0.757175,0.594947,0.0212347,1,0.526316,10,0.0575807,3,0.994207,0.996531
B1_07,B1,180,720.0,10,10,0,0,100.000000,0,0.186722,0.815695,7.08238,0.771017,0.607743,0.0456715,1,0.777778,10,0.0487125,3,0.993412,0.996737
B1_07,B1,181,724.0,9,9,0,0,100.000000,0,0.031173,0.841769,6.03107,0.761487,0.582672,0.0254399,1,0.666667,9,0.174035,3,0.993409,0.995076
B1_07,B1,182,728.0,10,10,0,0,100.000000,0,0.036016,0.858447,6.65762,0.75058,0.599301,0.0115362,1,0.526316,10,0.0625581,3,0.994449,0.99728
B1_07,B1,183,732.0,11,11,0,0,100.000000,0,0.005312,0.806085,8.28923,0.750323,0.602857,0.00948773,1,0.526316,11,0.0870801,3,0.993399,0.995907
B1_07,B1,184,736.0,10,10,0,0,100.000000,0,0.038385,0.801384,7.12504,0.752954,0.592523,0.0129469,1,0.736842,10,0.0907914,3,0.993756,0.996494
B1_07,B1,185,740.0,10,10,0,0,100.000000,0,0.003212,0.853653,13.4813,0.763047,0.55171,0.00710186,1,0.266667,10,0.0334024,3,0.992576,0.994993
B1_07,B1,186,744.0,10,10,0,0,100.000000,0,0.047995,0.759655,10.4237,0.76736,0.536445,0.0353947,1,0.526316,10,0.0742418,3,0.991867,0.995968
B1_07,B1,187,748.0,10,10,0,0,100.000000,0,0.025379,0.788712,7.82168,0.766567,0.548477,0.023028,1,0.315789,11,0.092505,3,0.994067,0.99663
B1_07,B1,188,752.0,11,11,0,0,100.000000,0,0.032290,0.838961,6.66014,0.762424,0.566462,0.0217057,1,0.352941,10,0.0620645,3,0.99342,0.996519
B1_07,B1,189,756.0,11,11,0,0,100.000000,0,0.012034,0.875097,10.2663,0.760154,0.567942,0.0245276,1,0.7,11,0.220837,3,0.986876,0.994824
B1_07,B1,190,760.0,11,11,0,0,100.000000,0,0.029617,0.837317,6.83775,0.740872,0.568358,0.0127473,1,0.444444,11,0.0353255,3,0.9892,0.992705
B1_07,B1,191,764.0,11,11,0,0,100.000000,0,0.095729,0.899785,9.79591,0.764378,0.562617,0.0463713,1,0.777778,11,0.143337,3,0.988653,0.995491
B1_07,B1,192,768.0,10,10,0,0,100.000000,0,0.067341,0.751121,8.79271,0.752211,0.575526,0.0284081,1,0.375,10,0.0446586,3,0.992128,0.994878
B1_07,B1,193,772.0,10,10,0,0,100.000000,0,0.051103,0.942245,8.50556,0.750373,0.572427,0.0279879,1,0.375,10,0.0816185,3,0.992971,0.9959
B1_07,B1,194,776.0,11,11,0,0,100.000000,0,0.105999,0.845669,6.37399,0.758165,0.511499,0.0132824,1,0.6,11,0.190943,3,0.992848,0.995746
B1_07,B1,195,780.0,11,11,0,0,100.000000,0,0.013485,0.929162,6.53572,0.761843,0.556383,0.025548,1,0.444444,11,0.0145916,3,0.98498,0.99708
B1_07,B1,196,784.0,11,11,0,0,100.000000,0,0.135680,0.857472,9.58277,0.774412,0.557765,0.0450245,1,0.588235,11,0.177515,3,0.981554,0.993566
B1_07,B1,197,788.0,11,11,0,0,100.000000,0,0.072916,0.918545,6.71111,0.752674,0.477635,0.0257198,1,0.25,11,0.0810721,3,0.98332,0.992712
B1_07,B1,198,792.0,11,11,0,0,100.000000,0,0.005317,0.977285,5.28347,0.749398,0.531413,0.0403734,1,0.818182,11,0.250007,3,0.97993,0.995488
B1_07,B1,199,796.0,10,10,0,0,100.000000,0,0.023232,1.0209,4.51302,0.759587,0.528105,0.0132214,1,0.352941,10,0.0559606,3,0.9743,0.993831
B1_07,B1,200,800.0,11,8,3,3,72.727273,1,0.888554,1.06714,3.1966,0.766175,0.478892,0.137345,0.9,0.625,11,0.189888,3,0.958154,0.995412
B1_07,B1,201,804.0,11,10,1,1,90.909091,0,0.247862,1.17165,1.891,0.766744,0.499685,0.0540852,1,0.444444,11,0.102548,3,0.963677,0.994066
B1_07,B1,202,808.0,10,9,1,1,90.000000,0,0.908225,1.23441,2.76049,0.782274,0.559612,0.104044,0.888889,0.307692,10,0.100227,3,0.929471,0.992323
B1_07,B1,203,812.0,10,8,2,2,80.000000,0,0.894395,1.22494,1.2505,0.776337,0.56585,0.14197,0.888889,0.526316,10,0.101162,3,0.931458,0.989496
B1_07,B1,204,816.0,11,5,6,6,45.454545,1,0.929721,1.18667,1.57586,0.765456,0.478247,0.166588,0.8,0.4,11,0.0671392,3,0.893359,0.989822
B1_07,B1,205,820.0,11,6,4,5,57.142857,1,0.992441,1.20997,1.55786,0.774842,0.535505,0.2331,0.666667,0.666667,10,0.0655421,3,0.878823,0.985781
B1_07,B1,206,824.0,10,6,5,4,57.142857,1,0.946504,1.21793,1.9985,0.773768,0.467912,0.17038,0.8,0.25,11,0.0327554,3,0.893564,0.992558
B1_07,B1,207,828.0,10,4,7,6,38.095238,1,0.972687,1.21228,1.50305,0.782714,0.538461,0.186624,0.8,0.315789,11,0.0596101,3,0.909266,0.986975
B1_07,B1,208,832.0,11,7,3,4,66.666667,1,0.971123,1.25722,0.439459,0.781446,0.584169,0.135904,0.888889,0.47619,10,0.0623552,3,0.893139,0.986075
B1_07,B1,209,836.0,11,7,3,4,66.666667,1,0.810460,1.32683,0.631653,0.785966,0.544705,0.133322,0.888889,0.5,10,0.086298,3,0.953552,0.993952
B1_07,B1,210,840.0,10,5,6,5,47.619048,1,0.990448,1.34873,1.00355,0.788762,0.564669,0.230812,0.7,0.3,11,0.034024,3,0.843607,0.990244
B1_07,B1,211,844.0,10,2,10,8,18.181818,1,0.992399,1.24478,1.42932,0.78348,0.551614,0.219428,0.454545,0.105263,12,0.0313971,3,0.886236,0.993136
B1_07,B1,212,848.0,10,7,4,3,66.666667,1,0.985099,1.21316,1.93218,0.776849,0.637895,0.247891,0.6,0.588235,11,0.0196956,3,0.87326,0.992466
B1_07,B1,213,852.0,10,5,5,5,50.000000,1,0.989600,1.20995,1.98906,0.779987,0.577744,0.245922,0.777778,0.352941,10,0.0285741,3,0.912373,0.973143
B1_07,B1,214,856.0,10,5,5,5,50.000000,1,0.973435,1.16567,3.19368,0.783745,0.549605,0.162341,0.888889,0.444444,10,0.0714747,3,0.916805,0.96219
B1_07,B1,215,860.0,10,7,3,3,70.000000,1,0.967501,1.17931,2.08937,0.772279,0.595731,0.151557,0.888889,0.3,10,0.065874,3,0.893032,0.984812
B1_07,B1,216,864.0,10,7,3,3,70.000000,1,0.960938,1.13031,2.13726,0.777518,0.536008,0.239771,0.888889,0.421053,10,0.106365,3,0.929735,0.993876
B1_07,B1,217,868.0,11,8,3,3,72.727273,1,0.934011,1.17377,1.44372,0.766914,0.603884,0.143459,0.8,0.444444,11,0.0530803,3,0.849535,0.995341
B1_07,B1,218,872.0,10,7,3,3,70.000000,1,0.988844,1.17884,2.20911,0.767182,0.530027,0.184477,0.888889,0.555556,10,0.0755999,3,0.891158,0.962979
B1_07,B1,219,876.0,10,5,6,5,47.619048,1,0.985083,1.2171,2.41141,0.772162,0.601101,0.187133,0.6,0.222222,11,0.0874119,3,0.810036,0.994234
B1_07,B1,220,880.0,11,9,2,2,81.818182,0,0.748495,1.09502,3.10596,0.759767,0.570633,0.0805969,1,0.375,11,0.0894428,3,0.901478,0.9806
B1_07,B1,221,884.0,10,7,3,3,70.000000,1,0.995274,0.977197,18.0303,0.777612,0.558477,0.251863,0.777778,0,10,0.122354,3,0.904999,0.992358
B1_07,B1,222,888.0,10,7,2,3,73.684211,1,0.718858,1.16381,1.89133,0.775712,0.523675,0.0985761,1,0.444444,9,0.053004,3,0.951755,0.994098
B1_07,B1,223,892.0,10,5,5,5,50.000000,1,0.870911,1.20565,1.85828,0.780152,0.552527,0.165859,0.888889,0.333333,10,0.0360035,3,0.92891,0.990598
B1_07,B1,224,896.0,10,8,2,2,80.000000,0,0.823189,1.1482,0.927824,0.7747,0.593721,0.128353,1,0.6,10,0.0995574,3,0.938046,0.994803
B1_07,B1,225,900.0,11,9,2,2,81.818182,0,0.751238,1.19852,1.61228,0.783098,0.542529,0.0923622,1,0.555556,11,0.127316,3,0.911553,0.993835
B1_07,B1,226,904.0,10,5,4,5,52.631579,1,0.989751,1.08851,1.99207,0.769184,0.553243,0.142972,1,0.625,9,0.0570231,3,0.927175,0.977285
B1_07,B1,227,908.0,11,6,4,5,57.142857,1,0.932873,1.08841,2.12502,0.766039,0.563123,0.10095,1,0.25,10,0.0270318,3,0.898977,0.985978
B1_07,B1,228,912.0,10,8,2,2,80.000000,0,0.161916,1.12696,1.39304,0.76645,0.565337,0.140989,0.888889,0.842105,10,0.0706309,3,0.961859,0.990611
B1_07,B1,229,916.0,9,7,2,2,77.777778,1,0.870031,1.106,1.58889,0.774702,0.573798,0.246076,0.875,0.333333,9,0.0358703,3,0.939411,0.992148
B1_07,B1,230,920.0,10,7,3,3,70.000000,1,0.934600,1.042,5.34001,0.770884,0.549191,0.179828,0.888889,0.625,10,0.0882945,3,0.959536,0.993605
B1_07,B1,231,924.0,10,7,3,3,70.000000,1,0.979424,1.06411,2.8687,0.770623,0.547908,0.175333,0.888889,0.555556,10,0.0795879,3,0.882781,0.99079
B1_07,B1,232,928.0,10,6,4,4,60.000000,1,0.933438,1.0567,5.15404,0.768323,0.534129,0.15362,0.9,0.5,11,0.136785,3,0.935721,0.989305
B1_07,B1,233,932.0,11,8,4,3,69.565217,1,0.991066,1.11859,2.39582,0.771185,0.547751,0.220301,0.6,0.111111,11,0.048959,3,0.863802,0.969782
B1_07,B1,234,936.0,8,6,3,2,70.588235,1,0.922088,1.11049,4.06934,0.747541,0.615336,0.17675,0.875,0.625,9,0.0605024,3,0.941596,0.996221
B1_07,B1,235,940.0,10,9,1,1,90.000000,0,0.898453,1.02747,2.07999,0.779868,0.521938,0.152752,0.888889,0.666667,10,0.0598339,3,0.948798,0.994638
B1_07,B1,236,944.0,10,8,1,2,84.210526,0,0.992895,1.10476,2.22118,0.779685,0.55031,0.163967,1,0.375,9,0.0216697,3,0.901442,0.985199
B1_07,B1,237,948.0,11,6,5,5,54.545455,1,0.975936,1.10179,1.89163,0.773493,0.579174,0.188148,0.8,0.571429,11,0.0463858,3,0.925988,0.988705
B1_07,B1,238,952.0,10,3,8,7,28.571429,1,0.986830,1.15131,2.87843,0.77495,0.599807,0.184086,0.7,0,11,0.0238224,3,0.83439,0.98678
B1_07,B1,239,956.0,11,7,4,4,63.636364,1,0.934201,1.15582,1.84632,0.781251,0.580719,0.155451,0.8,0.470588,11,0.0633575,3,0.847955,0.980192
B1_07,B1,240,960.0,9,2,7,7,22.222222,1,0.994335,1.04956,4.82312,0.773416,0.561666,0.124244,1,0,9,0.0871211,3,0.904007,0.990071
B1_07,B1,241,964.0,10,6,4,4,60.000000,1,0.832755,1.05176,2.48961,0.777788,0.598127,0.163616,0.888889,0.333333,10,0.0456656,3,0.940705,0.979209
B1_07,B1,242,968.0,10,6,3,4,63.157895,1,0.988862,1.17742,1.24618,0.778601,0.577688,0.180699,1,0.631579,9,0.0669269,3,0.918922,0.981038
B1_07,B1,243,972.0,10,7,3,3,70.000000,1,0.990465,1.16228,2.03116,0.771754,0.561863,0.221818,0.777778,0.526316,10,0.0222012,3,0.916259,0.994046
B1_07,B1,244,976.0,10,9,1,1,90.000000,0,0.566723,0.995783,3.83152,0.758283,0.569877,0.0771985,1,0.588235,10,0.0849156,3,0.965211,0.9918
B1_07,B1,245,980.0,10,7,3,3,70.000000,1,0.952761,0.861146,2.97454,0.773205,0.536884,0.138793,1,0.47619,10,0.0766502,3,0.957632,0.996379
B1_07,B1,246,984.0,10,9,1,1,90.000000,0,0.978733,1.04976,4.9661,0.770158,0.585129,0.140048,0.888889,0.25,10,0.0717859,3,0.850602,0.991284
B1_07,B1,247,988.0,10,7,3,3,70.000000,1,0.048405,1.01179,2.20434,0.776883,0.5844,0.0905306,1,0.842105,9,0.0364171,3,0.961759,0.99499
B1_07,B1,248,992.0,9,9,0,0,100.000000,0,0.008428,0.979626,3.0332,0.763485,0.608606,0.0369243,1,0.842105,10,0.0625516,3,0.97308,0.995023
B1_07,B1,249,996.0,11,11,0,0,100.000000,0,0.019047,0.929179,5.09259,0.767344,0.59779,0.024459,1,0.7,10,0.066224,3,0.947169,0.995364
B1_07,B1,250,1000.0,10,7,3,3,70.000000,1,0.985695,0.916264,4.87581,0.77214,0.549995,0.197604,0.8,0.333333,11,0.10092,3,0.935088,0.994631
B1_07,B1,251,1004.0,10,4,5,6,42.105263,1,0.996392,0.951458,4.17303,0.766376,0.560048,0.228357,0.875,0.588235,9,0.0440004,3,0.925384,0.997368
B1_07,B1,252,1008.0,10,9,1,1,90.000000,0,0.797731,0.868211,4.2356,0.773523,0.541003,0.0945759,0.888889,0.375,10,0.107513,3,0.946255,0.996689
B1_07,B1,253,1012.0,10,6,4,4,60.000000,1,0.901636,0.924303,3.49912,0.755128,0.589675,0.141568,1,0.352941,10,0.0467857,3,0.964494,0.993764
B1_07,B1,254,1016.0,10,5,5,5,50.000000,1,0.595788,0.862394,4.70576,0.761774,0.589816,0.087033,1,0.333333,10,0.0444882,3,0.971952,0.992711
B1_07,B1,255,1020.0,10,6,4,4,60.000000,1,0.993612,0.92145,4.0923,0.765993,0.618713,0.205041,0.777778,0.470588,10,0.0463445,3,0.899584,0.996451
B1_07,B1,256,1024.0,10,8,2,2,80.000000,0,0.741665,0.936145,4.08237,0.758202,0.595782,0.0989546,1,0.210526,10,0.059766,3,0.967464,0.987927
B1_07,B1,257,1028.0,10,8,2,2,80.000000,0,0.767107,0.962067,3.89329,0.777232,0.569675,0.126926,1,0.333333,10,0.0920542,3,0.971459,0.990817
B1_07,B1,258,1032.0,11,6,3,5,60.000000,1,0.902632,0.914039,3.70749,0.77715,0.557352,0.16211,1,0.588235,9,0.0319868,3,0.941756,0.994989
B1_07,B1,259,1036.0,10,7,2,3,73.684211,1,0.735043,0.98639,3.44875,0.754563,0.571253,0.0878451,1,0.631579,9,0.091084,3,0.942933,0.993097
B1_07,B1,260,1040.0,10,7,4,3,66.666667,1,0.989783,0.924573,3.9087,0.773434,0.619968,0.253753,0.8,0.5,11,0.0978535,3,0.89586,0.99462
B1_07,B1,261,1044.0,10,10,0,0,100.000000,0,0.032678,0.884898,7.13857,0.760805,0.557776,0.0126836,1,0.705882,10,0.0780959,3,0.992092,0.995781
B1_07,B1,262,1048.0,10,10,0,0,100.000000,0,0.035678,0.785768,6.74753,0.749201,0.593901,0.0200113,1,0.736842,10,0.0365934,3,0.988598,0.995893
B1_07,B1,263,1052.0,11,11,0,0,100.000000,0,0.008439,0.861919,5.63938,0.761554,0.558714,0.0197462,1,0.3,11,0.0923466,3,0.985838,0.996475
B1_07,B1,264,1056.0,10,9,1,1,90.000000,0,0.330137,0.753136,6.44641,0.76574,0.58158,0.0574958,1,0.7,10,0.0393267,3,0.98354,0.995037
B1_07,B1,265,1060.0,9,9,0,0,100.000000,0,0.026125,0.908414,6.63964,0.765794,0.598807,0.0303155,1,0.307692,9,0.0304791,3,0.989274,0.995431
B1_07,B1,266,1064.0,10,10,0,0,100.000000,0,0.023263,0.88224,6.18753,0.764705,0.620393,0.0276394,1,0.6,10,0.0848553,3,0.992018,0.996345
B1_07,B1,267,1068.0,10,10,0,0,100.000000,0,0.438722,0.872433,9.30407,0.760636,0.57533,0.0540841,1,0.5,10,0.035164,3,0.977296,0.993976
B1_07,B1,268,1072.0,11,11,0,0,100.000000,0,0.003879,0.863297,3.91467,0.742482,0.620764,0.0162038,1,0.4,11,0.0547091,3,0.99283,0.996602
B1_07,B1,269,1076.0,10,10,0,0,100.000000,0,0.007824,0.914787,5.32358,0.767513,0.622046,0.0161256,1,0.666667,10,0.0776427,3,0.992507,0.996862
B1_07,B1,270,1080.0,10,10,0,0,100.000000,0,0.034697,0.988962,5.90807,0.755104,0.576394,0.0150577,1,0.5,10,0.170402,3,0.990781,0.996023
B1_07,B1,271,1084.0,10,10,0,0,100.000000,0,0.485893,0.825531,7.21885,0.760527,0.576234,0.0485459,1,0.375,10,0.0366588,3,0.982563,0.993242
B1_07,B1,272,1088.0,10,10,0,0,100.000000,0,0.021707,0.944719,6.00118,0.766174,0.585078,0.0220433,1,0.8,10,0.139652,3,0.992113,0.995512
B1_07,B1,273,1092.0,11,11,0,0,100.000000,0,0.019415,0.921768,9.277,0.768166,0.588277,0.0193959,1,0.352941,11,0.146652,3,0.992464,0.995707
B1_07,B1,274,1096.0,10,10,0,0,100.000000,0,0.032290,0.845803,9.14294,0.760399,0.590847,0.0147368,1,0.555556,10,0.0687115,3,0.991261,0.996115
B1_07,B1,275,1100.0,10,7,2,3,73.684211,1,0.645783,0.931731,7.86339,0.771642,0.559118,0.18096,1,0.285714,9,0.0695353,3,0.979436,0.996611
B1_07,B1,276,1104.0,11,11,0,0,100.000000,0,0.012403,0.852166,6.01296,0.760033,0.621554,0.0147856,1,0.47619,11,0.0891559,3,0.988876,0.996052
B1_07,B1,277,1108.0,10,10,0,0,100.000000,0,0.029589,0.85983,6.01128,0.759108,0.577516,0.0181365,1,0.333333,10,0.0708658,3,0.993179,0.996904
B1_07,B1,278,1112.0,10,10,0,0,100.000000,0,0.028983,0.798191,10.6993,0.757292,0.62455,0.0181825,1,0.375,10,0.0497966,3,0.995402,0.99702
B1_07,B1,279,1116.0,10,10,0,0,100.000000,0,0.029881,0.722402,10.3355,0.767452,0.638773,0.0279792,1,0.352941,10,0.0801985,3,0.98667,0.99652
B1_07,B1,280,1120.0,10,10,0,0,100.000000,0,0.138187,0.89061,6.27227,0.777012,0.636673,0.0614727,1,0.631579,10,0.0851513,3,0.980658,0.996208
B1_07,B1,281,1124.0,10,10,0,0,100.000000,0,0.005861,0.974548,3.27744,0.765538,0.633914,0.0267904,1,0.666667,10,0.0429047,3,0.986621,0.995875
B1_07,B1,282,1128.0,11,11,0,0,100.000000,0,0.008434,0.87912,4.05172,0.765732,0.58951,0.021796,1,0.736842,11,0.118421,3,0.981394,0.989875
B1_07,B1,283,1132.0,10,10,0,0,100.000000,0,0.018227,0.791165,4.71221,0.757335,0.57604,0.024459,1,0.555556,10,0.0790625,3,0.988555,0.995977
B1_07,B1,284,1136.0,10,10,0,0,100.000000,0,0.055612,0.774508,5.74906,0.747436,0.590269,0.0198321,1,0.352941,10,0.0433248,3,0.987768,0.994603
B1_07,B1,285,1140.0,10,9,1,1,90.000000,0,0.088138,0.914194,3.50804,0.762738,0.557062,0.0664635,1,0.526316,10,0.118938,3,0.982703,0.993666
B1_07,B1,286,1144.0,10,10,0,0,100.000000,0,0.031199,0.873949,3.3041,0.75597,0.566844,0.0386431,1,0.555556,10,0.0217644,3,0.96501,0.990339
B1_07,B1,287,1148.0,10,10,0,0,100.000000,0,0.012164,0.878084,3.02699,0.766304,0.586484,0.0260122,1,0.736842,10,0.0502843,3,0.990544,0.993225
B1_07,B1,288,1152.0,10,10,0,0,100.000000,0,0.006321,0.794309,3.38725,0.752838,0.616553,0.0238899,1,0.9,10,0.116156,3,0.983933,0.99636
B1_07,B1,289,1156.0,10,10,0,0,100.000000,0,0.131636,0.828459,7.20334,0.760369,0.562647,0.0397474,1,0.75,10,0.087356,3,0.964834,0.99319
B1_07,B1,290,1160.0,11,9,2,2,81.818182,0,0.427212,0.795229,4.85656,0.75553,0.594302,0.0750327,1,0.6,11,0.104545,3,0.966393,0.989252
B1_07,B1,291,1164.0,9,9,0,0,100.000000,0,0.013522,0.912746,3.75878,0.755969,0.587422,0.0315573,1,0.705882,9,0.136167,3,0.984404,0.995341
B1_07,B1,292,1168.0,11,11,0,0,100.000000,0,0.009672,0.878781,5.47403,0.759405,0.608987,0.0255245,1,0.555556,11,0.090177,3,0.988548,0.994324
B1_07,B1,293,1172.0,10,10,0,0,100.000000,0,0.214751,0.845144,6.28752,0.755519,0.599858,0.0490926,1,0.777778,10,0.0589086,3,0.980527,0.995147
B1_07,B1,294,1176.0,10,10,0,0,100.000000,0,0.006185,0.907842,2.61495,0.76061,0.575373,0.0276659,1,0.9,10,0.124414,3,0.984232,0.99426
B1_07,B1,295,1180.0,11,11,0,0,100.000000,0,0.003892,0.903308,3.06945,0.762546,0.601962,0.0248218,1,0.6,11,0.0231729,3,0.969738,0.993991
B1_07,B1,296,1184.0,10,10,0,0,100.000000,0,0.006592,0.847747,3.1272,0.744153,0.612847,0.0265781,1,0.9,10,0.086369,3,0.983775,0.995123
B1_07,B1,297,1188.0,10,10,0,0,100.000000,0,0.013982,0.824317,3.8148,0.752425,0.585236,0.0260729,1,0.555556,10,0.0491774,3,0.988001,0.9955
B1_07,B1,298,1192.0,9,9,0,0,100.000000,0,0.032898,0.822627,7.17504,0.758539,0.588423,0.0210712,1,0.588235,9,0.0454576,3,0.991988,0.996765
B1_08,B1,0,0.0,9,9,0,0,100.000000,0,0.018111,1.06229,2.87208,0.734814,0.526043,0.0146941,1,0.888889,9,0.0822788,3,0.996918,0.997896
B1_08,B1,1,4.0,9,9,0,0,100.000000,0,0.001368,1.05849,2.94313,0.759551,0.525364,0.00873522,1,0.705882,9,0.13976,3,0.996866,0.997967
B1_08,B1,2,8.0,10,10,0,0,100.000000,0,0.031201,1.07823,1.9986,0.739179,0.521663,0.0149196,1,0.761905,10,0.0490158,3,0.993365,0.997923
B1_08,B1,3,12.0,9,9,0,0,100.000000,0,0.017924,1.09418,3.77055,0.733506,0.544306,0.0143213,1,0.75,9,0.158374,3,0.989642,0.997293
B1_08,B1,4,16.0,10,10,0,0,100.000000,0,0.001043,1.09406,4.37401,0.748749,0.538367,0.00662128,1,0.705882,10,0.100687,3,0.996389,0.998312
B1_08,B1,5,20.0,10,10,0,0,100.000000,0,0.036631,0.991479,5.81028,0.720021,0.518657,0.0119161,1,0.375,10,0.0936895,3,0.995516,0.99805
B1_08,B1,6,24.0,9,9,0,0,100.000000,0,0.003255,1.08746,4.95578,0.736375,0.546701,0.00907022,1,0.842105,9,0.0656196,3,0.990318,0.997701
B1_08,B1,7,28.0,9,9,0,0,100.000000,0,0.001851,1.02827,3.80932,0.732447,0.535285,0.00813245,1,0.5,9,0.0344786,3,0.996263,0.998104
B1_08,B1,8,32.0,10,10,0,0,100.000000,0,0.002091,1.12063,3.95335,0.755197,0.542874,0.00824503,1,0.588235,10,0.0398499,3,0.996057,0.998252
B1_08,B1,9,36.0,10,10,0,0,100.000000,0,0.020884,1.04659,5.02786,0.747764,0.549297,0.0145199,1,0.588235,10,0.240054,3,0.995459,0.998131
B1_08,B1,10,40.0,9,9,0,0,100.000000,0,0.000760,1.07003,2.14115,0.757919,0.541424,0.00671624,1,1,9,0.111638,3,0.995335,0.998296
B1_08,B1,11,44.0,10,10,0,0,100.000000,0,0.001424,1.0338,3.23927,0.759389,0.521168,0.00973261,1,0.470588,10,0.140139,3,0.997158,0.998231
B1_08,B1,12,48.0,10,10,0,0,100.000000,0,0.019470,1.05072,2.88852,0.730144,0.542819,0.0192598,1,0.666667,10,0.0653652,3,0.995601,0.99834
B1_08,B1,13,52.0,11,11,0,0,100.000000,0,0.098470,1.05063,1.88699,0.745674,0.5054,0.0139635,1,0.818182,11,0.188358,3,0.994372,0.997743
B1_08,B1,14,56.0,11,11,0,0,100.000000,0,0.025989,1.03512,2.12939,0.741,0.491037,0.011281,1,0.727273,11,0.223843,3,0.990748,0.997241
B1_08,B1,15,60.0,11,11,0,0,100.000000,0,0.006734,1.03679,3.33362,0.735031,0.543096,0.0137307,1,0.5,11,0.0622589,3,0.986357,0.997369
B1_08,B1,16,64.0,11,11,0,0,100.000000,0,0.143090,1.03815,5.73802,0.756431,0.453283,0.0971211,1,0.705882,11,0.063318,3,0.991542,0.997381
B1_08,B1,17,68.0,7,7,0,0,100.000000,0,0.209316,1.03545,3.90926,0.745012,0.502579,0.0529509,1,0.75,7,0.0868167,3,0.979552,0.997535
B1_08,B1,18,72.0,9,9,0,0,100.000000,0,0.129660,1.06347,2.18301,0.736827,0.483582,0.0460155,1,0.777778,9,0.138673,3,0.989127,0.997949
B1_08,B1,19,76.0,10,9,1,1,90.000000,0,0.279519,0.456988,38.0935,0.720949,0.464258,0.0695253,1,0,10,0.0959627,3,0.98229,0.997913
B1_08,B1,20,80.0,9,9,0,0,100.000000,0,0.027942,0.988636,3.52455,0.720379,0.556378,0.0231871,1,0.375,9,0.097027,3,0.990692,0.998215
B1_08,B1,21,84.0,9,9,0,0,100.000000,0,0.017811,1.10048,2.50223,0.745918,0.539879,0.01176,1,0.25,9,0.0859544,3,0.995301,0.997451
B1_08,B1,22,88.0,10,10,0,0,100.000000,0,0.012753,1.03828,3.32916,0.751367,0.538542,0.0138896,1,0.842105,10,0.100473,3,0.995962,0.998058
B1_08,B1,23,92.0,9,9,0,0,100.000000,0,0.023177,0.999344,4.61062,0.749476,0.494107,0.0161912,1,0.888889,9,0.159443,3,0.990697,0.997747
B1_08,B1,24,96.0,10,10,0,0,100.000000,0,0.001647,1.05985,3.32034,0.751155,0.542837,0.0055065,1,0.9,10,0.255329,3,0.996812,0.9982
B1_08,B1,25,100.0,10,10,0,0,100.000000,0,0.058543,0.990086,3.07443,0.738311,0.526806,0.0182237,1,0.9,10,0.19112,3,0.994797,0.997825
B1_08,B1,26,104.0,10,10,0,0,100.000000,0,0.011834,1.02896,2.52604,0.751989,0.527677,0.0124245,1,0.631579,10,0.150042,3,0.995684,0.998403
B1_08,B1,27,108.0,10,10,0,0,100.000000,0,0.001232,0.996037,3.64365,0.75044,0.505351,0.00730534,1,0.9,10,0.177171,3,0.996708,0.997904
B1_08,B1,28,112.0,10,10,0,0,100.000000,0,0.001737,0.97913,4.17793,0.749153,0.517159,0.0102009,1,0.555556,10,0.131206,3,0.995776,0.998366
B1_08,B1,29,116.0,9,9,0,0,100.000000,0,0.001489,1.08716,2.48364,0.762754,0.523093,0.00957449,1,0.888889,9,0.131652,3,0.99722,0.998097
B1_08,B1,30,120.0,10,10,0,0,100.000000,0,0.016076,1.0507,4.39926,0.748371,0.543024,0.0166474,1,0.375,10,0.0961357,3,0.994869,0.99764
B1_08,B1,31,124.0,10,10,0,0,100.000000,0,0.033133,1.0283,3.29126,0.752818,0.47308,0.0130719,1,0.9,10,0.115488,3,0.99469,0.997679
B1_08,B1,32,128.0,10,10,0,0,100.000000,0,0.019426,1.0297,2.98287,0.735993,0.561599,0.0145199,1,0.9,10,0.115899,3,0.995693,0.998021
B1_08,B1,33,132.0,10,10,0,0,100.000000,0,0.005169,1.04767,3.57898,0.742301,0.554166,0.0152517,1,1,10,0.139845,3,0.995759,0.998332
B1_08,B1,34,136.0,10,10,0,0,100.000000,0,0.014108,0.973775,3.66106,0.748763,0.495293,0.0264964,1,0.7,10,0.120253,3,0.995871,0.998387
B1_08,B1,35,140.0,9,9,0,0,100.000000,0,0.001856,1.06777,3.6984,0.755422,0.547948,0.00730409,1,0.777778,9,0.117741,3,0.994595,0.997593
B1_08,B1,36,144.0,10,10,0,0,100.000000,0,0.031859,0.914334,4.65032,0.725422,0.50011,0.0160825,1,0.888889,10,0.0616386,3,0.991334,0.998306
B1_08,B1,37,148.0,9,9,0,0,100.000000,0,0.028264,1.02577,3.21675,0.72623,0.53799,0.0206685,1,0.888889,9,0.112455,3,0.992661,0.998553
B1_08,B1,38,152.0,10,10,0,0,100.000000,0,0.047230,1.00242,4.25343,0.745719,0.477419,0.0284896,1,0.777778,10,0.0899616,3,0.986385,0.997565
B1_08,B1,39,156.0,9,9,0,0,100.000000,0,0.003801,0.973099,4.03282,0.733373,0.516448,0.0056488,1,0.588235,9,0.0503113,3,0.995388,0.99802
B1_08,B1,40,160.0,10,10,0,0,100.000000,0,0.016100,0.972819,3.88734,0.732042,0.554609,0.0106674,1,0.842105,10,0.078874,3,0.996879,0.997939
B1_08,B1,41,164.0,9,9,0,0,100.000000,0,0.017808,0.951506,3.30788,0.75275,0.505229,0.0105475,1,0.736842,9,0.079455,3,0.994409,0.997779
B1_08,B1,42,168.0,10,10,0,0,100.000000,0,0.001485,1.06564,3.07598,0.741456,0.549227,0.00475254,1,0.9,10,0.130342,3,0.99557,0.997623
B1_08,B1,43,172.0,9,9,0,0,100.000000,0,0.019401,1.10149,3.06646,0.740759,0.503412,0.01248,1,0.941176,9,0.130295,3,0.994725,0.997663
B1_08,B1,44,176.0,10,10,0,0,100.000000,0,0.002513,0.948454,3.87127,0.732343,0.531689,0.00994427,1,0.470588,10,0.0976701,3,0.995974,0.99813
B1_08,B1,45,180.0,9,9,0,0,100.000000,0,0.023928,1.00897,4.45214,0.748281,0.507902,0.0164175,1,0.777778,9,0.0426751,3,0.989225,0.998172
B1_08,B1,46,184.0,9,9,0,0,100.000000,0,0.002149,1.0931,3.08367,0.740654,0.508593,0.00728705,1,0.941176,9,0.101343,3,0.995262,0.998082
B1_08,B1,47,188.0,10,10,0,0,100.000000,0,0.061619,0.971771,4.1389,0.727066,0.462783,0.014009,1,0.375,10,0.0849591,3,0.993876,0.997727
B1_08,B1,48,192.0,10,10,0,0,100.000000,0,0.002404,0.993838,3.29135,0.732288,0.538744,0.00723364,1,0.666667,10,0.0909249,3,0.995682,0.997797
B1_08,B1,49,196.0,10,10,0,0,100.000000,0,0.004212,0.998699,5.30438,0.736559,0.49398,0.00783932,1,0.375,10,0.0775775,3,0.993894,0.99791
B1_08,B1,50,200.0,10,10,0,0,100.000000,0,0.001443,1.07093,3.04528,0.753084,0.532902,0.00561566,1,0.736842,10,0.0735743,3,0.994279,0.997714
B1_08,B1,51,204.0,9,9,0,0,100.000000,0,0.013102,1.03186,2.84561,0.761889,0.494285,0.0105542,1,0.631579,9,0.0622256,3,0.996464,0.997889
B1_08,B1,52,208.0,10,10,0,0,100.000000,0,0.022619,1.037,3.74682,0.740563,0.546862,0.014632,1,0.736842,10,0.0908927,3,0.994089,0.998047
B1_08,B1,53,212.0,10,10,0,0,100.000000,0,0.194236,0.998437,3.44613,0.751804,0.492248,0.0161151,1,0.842105,10,0.192986,3,0.995663,0.997941
B1_08,B1,54,216.0,10,10,0,0,100.000000,0,0.001587,1.0289,4.22336,0.749028,0.543207,0.00790158,1,0.8,10,0.120234,3,0.994139,0.997885
B1_08,B1,55,220.0,9,9,0,0,100.000000,0,0.006576,1.1026,2.80176,0.747625,0.509736,0.0161874,1,1,9,0.0925019,3,0.996171,0.998657
B1_08,B1,56,224.0,9,9,0,0,100.000000,0,0.004046,0.960555,4.88672,0.736292,0.51583,0.00875584,1,0.777778,9,0.0750772,3,0.993027,0.998081
B1_08,B1,57,228.0,10,10,0,0,100.000000,0,0.000845,0.9502,3.68291,0.738613,0.531216,0.00883883,1,1,10,0.158268,3,0.995538,0.997636
B1_08,B1,58,232.0,9,9,0,0,100.000000,0,0.002921,0.991688,4.46039,0.741138,0.506048,0.00401868,1,0.375,9,0.100601,3,0.996575,0.99753
B1_08,B1,59,236.0,9,9,0,0,100.000000,0,0.001933,0.992737,4.7163,0.746885,0.524386,0.00652727,1,0.625,9,0.131544,3,0.997165,0.998521
B1_08,B1,60,240.0,10,10,0,0,100.000000,0,0.016538,1.05638,3.51021,0.753791,0.503677,0.0122324,1,0.470588,10,0.0880541,3,0.990779,0.997417
B1_08,B1,61,244.0,9,9,0,0,100.000000,0,0.024930,1.00435,3.28243,0.758575,0.494524,0.0197272,1,0.533333,9,0.0500399,3,0.991008,0.997194
B1_08,B1,62,248.0,9,9,0,0,100.000000,0,0.031394,0.883114,4.00797,0.716554,0.501086,0.0134323,1,0.470588,9,0.159763,3,0.993007,0.997562
B1_08,B1,63,252.0,9,9,0,0,100.000000,0,0.003371,1.04103,2.64944,0.747437,0.547575,0.00817005,1,0.777778,9,0.0510794,3,0.996084,0.997604
B1_08,B1,64,256.0,10,10,0,0,100.000000,0,0.001235,0.960192,3.25317,0.741825,0.503104,0.00777616,1,0.736842,10,0.0710828,3,0.996657,0.998241
B1_08,B1,65,260.0,9,9,0,0,100.000000,0,0.028942,0.945516,3.275,0.738739,0.559367,0.0151442,1,0.470588,9,0.110822,3,0.993955,0.998127
B1_08,B1,66,264.0,10,10,0,0,100.000000,0,0.018388,0.999179,4.10678,0.748921,0.519603,0.0155031,1,0.8,10,0.0556993,3,0.995657,0.998069
B1_08,B1,67,268.0,9,9,0,0,100.000000,0,0.002712,1.07,5.00246,0.753483,0.586529,0.0100192,1,0.666667,9,0.096417,3,0.995339,0.997967
B1_08,B1,68,272.0,9,9,0,0,100.000000,0,0.021457,1.02641,5.60446,0.748475,0.528059,0.0108081,1,0.705882,9,0.0983542,3,0.995537,0.997904
B1_08,B1,69,276.0,10,10,0,0,100.000000,0,0.002174,1.03767,2.89348,0.721569,0.51764,0.0077307,1,0.9,10,0.0669873,3,0.995268,0.997618
B1_08,B1,70,280.0,9,9,0,0,100.000000,0,0.024421,1.00369,3.62677,0.739753,0.533871,0.0146793,1,0.888889,9,0.0789292,3,0.993873,0.998284
B1_08,B1,71,284.0,9,9,0,0,100.000000,0,0.001961,0.939222,4.04087,0.745754,0.508073,0.00737308,1,0.777778,9,0.0472852,3,0.996653,0.998313
B1_08,B1,72,288.0,10,10,0,0,100.000000,0,0.002528,0.976984,3.39507,0.739232,0.519066,0.010366,1,0.842105,10,0.11317,3,0.995046,0.997612
B1_08,B1,73,292.0,9,9,0,0,100.000000,0,0.035481,0.982204,4.0289,0.741085,0.545041,0.0109863,1,0.5,9,0.0493577,3,0.995664,0.997988
B1_08,B1,74,296.0,10,10,0,0,100.000000,0,0.005817,1.02792,3.05314,0.75043,0.488064,0.00936573,1,0.666667,10,0.219316,3,0.994197,0.997793
B1_08,B1,75,300.0,9,9,0,0,100.000000,0,0.000564,1.09777,2.57055,0.744877,0.561636,0.00938967,1,1,9,0.130966,3,0.996239,0.997891
B1_08,B1,76,304.0,9,9,0,0,100.000000,0,0.065535,1.01115,2.91982,0.739884,0.441099,0.010498,1,0.823529,9,0.140955,3,0.994213,0.997793
B1_08,B1,77,308.0,10,10,0,0,100.000000,0,0.001957,0.979128,3.11547,0.742886,0.533675,0.00892248,1,0.736842,10,0.0547962,3,0.995619,0.998081
B1_08,B1,78,312.0,9,9,0,0,100.000000,0,0.016821,1.08433,2.7585,0.742935,0.505592,0.0119822,1,0.777778,9,0.110921,3,0.994059,0.998136
B1_08,B1,79,316.0,10,10,0,0,100.000000,0,0.014382,1.01814,2.99003,0.753671,0.510207,0.0125,1,0.9,10,0.0860245,3,0.994454,0.997692
B1_08,B1,80,320.0,9,9,0,0,100.000000,0,0.029485,1.04872,2.87333,0.740122,0.534895,0.022261,1,0.736842,9,0.044244,3,0.991206,0.997852
B1_08,B1,81,324.0,10,10,0,0,100.000000,0,0.002916,0.967173,4.30637,0.732624,0.531885,0.00874466,1,0.533333,10,0.0874352,3,0.994126,0.997699
B1_08,B1,82,328.0,9,9,0,0,100.000000,0,0.003265,0.994245,3.49437,0.728658,0.484208,0.00628444,1,0.777778,9,0.0934702,3,0.993589,0.998257
B1_08,B1,83,332.0,10,10,0,0,100.000000,0,0.000499,1.11501,2.3754,0.751748,0.52276,0.00649569,1,0.947368,10,0.0637381,3,0.995517,0.998023
B1_08,B1,84,336.0,9,9,0,0,100.000000,0,0.001590,1.11083,2.12256,0.752831,0.511515,0.00820877,1,0.823529,9,0.0937977,3,0.994456,0.998228
B1_08,B1,85,340.0,10,10,0,0,100.000000,0,0.030394,1.05977,2.95352,0.75205,0.476025,0.0189519,1,0.705882,10,0.0674089,3,0.991394,0.997686
B1_08,B1,86,344.0,10,10,0,0,100.000000,0,0.005044,0.986921,3.33453,0.744595,0.470812,0.00787424,1,0.666667,10,0.0515583,3,0.99569,0.997752
B1_08,B1,87,348.0,10,10,0,0,100.000000,0,0.001827,1.14347,2.30952,0.756103,0.518832,0.00975384,1,0.9,10,0.147521,3,0.996081,0.997902
B1_08,B1,88,352.0,10,10,0,0,100.000000,0,0.021627,0.973767,3.97783,0.751818,0.418583,0.0158069,1,0.8,10,0.134789,3,0.995662,0.998116
B1_08,B1,89,356.0,10,10,0,0,100.000000,0,0.035591,1.01553,2.45651,0.739482,0.50516,0.0133779,1,0.842105,10,0.158013,3,0.996038,0.998213
B1_08,B1,90,360.0,10,10,0,0,100.000000,0,0.039769,0.993045,4.11926,0.732551,0.508222,0.0114749,1,0.705882,10,0.0519138,3,0.99359,0.998818
B1_08,B1,91,364.0,9,9,0,0,100.000000,0,0.029068,0.97026,4.87004,0.7429,0.523914,0.0120073,1,0.4,9,0.107322,3,0.995195,0.998349
B1_08,B1,92,368.0,10,10,0,0,100.000000,0,0.031201,0.980731,2.92553,0.734987,0.502781,0.0105059,1,0.666667,10,0.0564123,3,0.995269,0.997612
B1_08,B1,93,372.0,11,11,0,0,100.000000,0,0.008959,0.84043,4.76878,0.717794,0.557526,0.0143355,1,0.857143,11,0.107325,3,0.9967,0.998431
B1_08,B1,94,376.0,11,11,0,0,100.000000,0,0.017346,0.864148,4.51803,0.732393,0.505726,0.0116537,1,0.857143,11,0.126292,3,0.991109,0.998637
B1_08,B1,95,380.0,9,9,0,0,100.000000,0,0.018992,0.971949,5.14119,0.741723,0.534075,0.0353152,1,0.941176,9,0.1709,3,0.994104,0.997487
B1_08,B1,96,384.0,10,10,0,0,100.000000,0,0.007157,0.981661,4.56517,0.750584,0.514248,0.0183193,1,0.947368,10,0.148568,3,0.99354,0.997936
B1_08,B1,97,388.0,9,9,0,0,100.000000,0,0.012658,0.970632,4.16891,0.755033,0.508152,0.011609,1,0.888889,9,0.0765582,3,0.996626,0.998102
B1_08,B1,98,392.0,10,10,0,0,100.000000,0,0.057844,1.00597,3.83374,0.740702,0.475682,0.0168519,1,0.736842,10,0.12352,3,0.994665,0.997805
B1_08,B1,99,396.0,9,9,0,0,100.000000,0,0.290436,1.0297,3.57795,0.730983,0.523133,0.0139483,1,0.777778,9,0.180744,3,0.995025,0.997749
B1_08,B1,100,400.0,9,9,0,0,100.000000,0,0.016153,1.01109,4.04025,0.751168,0.497046,0.0172516,1,0.888889,9,0.141817,3,0.995406,0.998083
B1_08,B1,101,404.0,9,9,0,0,100.000000,0,0.006951,0.921492,5.82964,0.745818,0.560903,0.00752069,1,0.705882,9,0.197533,3,0.995281,0.998333
B1_08,B1,102,408.0,9,9,0,0,100.000000,0,0.067523,0.885247,6.54638,0.735327,0.512394,0.0150841,1,0.285714,9,0.144213,3,0.993464,0.997956
B1_08,B1,103,412.0,10,10,0,0,100.000000,0,0.001673,0.884671,3.94138,0.725353,0.559744,0.00619195,1,0.8,10,0.160407,3,0.996969,0.998056
B1_08,B1,104,416.0,9,9,0,0,100.000000,0,0.028573,0.980847,3.90525,0.740041,0.500654,0.012729,1,0.777778,9,0.112878,3,0.993774,0.998041
B1_08,B1,105,420.0,9,9,0,0,100.000000,0,0.004448,0.943173,4.65825,0.734583,0.508326,0.00907022,1,0.555556,9,0.132162,3,0.995521,0.997724
B1_08,B1,106,424.0,10,10,0,0,100.000000,0,0.003740,0.940329,2.98966,0.753722,0.525402,0.00763081,1,0.9,10,0.187312,3,0.995276,0.997591
B1_08,B1,107,428.0,9,9,0,0,100.000000,0,0.001849,1.0226,3.29138,0.743011,0.499217,0.00921865,1,0.705882,9,0.0418347,3,0.996372,0.998398
B1_08,B1,108,432.0,9,9,0,0,100.000000,0,0.001956,1.046,5.21417,0.741556,0.531505,0.0093051,1,0.888889,9,0.116872,3,0.996314,0.998068
B1_08,B1,109,436.0,10,10,0,0,100.000000,0,0.004429,0.951576,3.10109,0.74385,0.520356,0.00648886,1,1,10,0.179233,3,0.995576,0.997993
B1_08,B1,110,440.0,9,9,0,0,100.000000,0,0.355612,0.999817,5.8219,0.746743,0.487446,0.0224371,1,0.823529,9,0.203599,3,0.978749,0.996676
B1_08,B1,111,444.0,10,10,0,0,100.000000,0,0.001185,1.01584,3.23987,0.749922,0.502275,0.00780092,1,0.842105,10,0.0682176,3,0.996775,0.998166
B1_08,B1,112,448.0,10,10,0,0,100.000000,0,0.003038,0.890098,8.33346,0.733641,0.524473,0.00544186,1,0.4,10,0.155952,3,0.996436,0.997993
B1_08,B1,113,452.0,9,9,0,0,100.000000,0,0.001683,1.01153,4.43639,0.745827,0.561432,0.00631444,1,0.666667,9,0.103652,3,0.996895,0.997992
B1_08,B1,114,456.0,10,10,0,0,100.000000,0,0.002307,1.00427,3.83628,0.737569,0.547594,0.00782585,1,0.842105,10,0.101922,3,0.995125,0.997971
B1_08,B1,115,460.0,9,9,0,0,100.000000,0,0.001977,0.961662,4.98218,0.747071,0.527059,0.00806965,1,0.705882,9,0.174289,3,0.996224,0.998149
B1_08,B1,116,464.0,10,10,0,0,100.000000,0,0.002211,0.978802,4.56487,0.736698,0.543923,0.00655738,1,0.588235,10,0.111195,3,0.995777,0.998505
B1_08,B1,117,468.0,10,10,0,0,100.000000,0,0.001606,0.922649,4.84543,0.743611,0.560345,0.00942204,1,0.5,10,0.0754547,3,0.996479,0.99789
B1_08,B1,118,472.0,10,10,0,0,100.000000,0,0.002932,1.02443,3.1119,0.746892,0.545785,0.00657895,1,0.8,10,0.204782,3,0.997051,0.998255
B1_08,B1,119,476.0,10,10,0,0,100.000000,0,0.002527,0.983455,4.57457,0.731901,0.567307,0.00816497,1,0.842105,10,0.170832,3,0.993862,0.998237
B1_08,B1,120,480.0,10,10,0,0,100.000000,0,0.002469,1.05233,3.7699,0.746094,0.521495,0.00873919,1,0.9,10,0.146428,3,0.996022,0.997765
B1_08,B1,121,484.0,10,10,0,0,100.000000,0,0.001772,0.915366,3.6096,0.735101,0.551682,0.00668896,1,0.555556,10,0.0934297,3,0.996611,0.998088
B1_08,B1,122,488.0,10,10,0,0,100.000000,0,0.027276,0.958063,4.41102,0.736144,0.546646,0.0134228,1,0.8,10,0.269818,3,0.994144,0.997915
B1_08,B1,123,492.0,10,10,0,0,100.000000,0,0.001681,1.04854,2.62686,0.742397,0.549252,0.00923428,1,0.666667,10,0.0842631,3,0.991589,0.997525
B1_08,B1,124,496.0,10,10,0,0,100.000000,0,0.002404,0.897219,3.60658,0.732634,0.532865,0.00952332,1,0.7,10,0.103157,3,0.995213,0.998276
B1_08,B1,125,500.0,11,11,0,0,100.000000,0,0.001491,0.931833,4.13496,0.732156,0.524342,0.0089139,1,0.857143,11,0.157533,3,0.996614,0.99815
B1_08,B1,126,504.0,10,10,0,0,100.000000,0,0.028269,1.00817,2.79138,0.728632,0.590156,0.0135135,1,0.842105,10,0.0879612,3,0.99606,0.997667
B1_08,B1,127,508.0,9,9,0,0,100.000000,0,0.001358,0.929557,4.41116,0.747372,0.546414,0.00614875,1,0.736842,10,0.110171,3,0.996141,0.998084
B1_08,B1,128,512.0,10,10,0,0,100.000000,0,0.002273,0.95383,4.20595,0.733894,0.509626,0.00844903,1,0.736842,9,0.160378,3,0.996422,0.998326
B1_08,B1,129,516.0,10,10,0,0,100.000000,0,0.002625,0.932884,4.54633,0.714675,0.579424,0.00675182,1,0.375,10,0.0961965,3,0.995735,0.998272
B1_08,B1,130,520.0,10,10,0,0,100.000000,0,0.010288,0.948361,3.93669,0.741519,0.558374,0.0209733,1,0.9,10,0.116205,3,0.994632,0.998455
B1_08,B1,131,524.0,10,10,0,0,100.000000,0,0.002491,0.880727,7.654,0.732605,0.575543,0.00554844,1,0.428571,10,0.108405,3,0.996279,0.997982
B1_08,B1,132,528.0,9,9,0,0,100.000000,0,0.003275,0.938253,3.38323,0.736842,0.523558,0.00588446,1,0.588235,9,0.0803439,3,0.995863,0.998263
B1_08,B1,133,532.0,10,10,0,0,100.000000,0,0.001772,0.999963,2.80472,0.733817,0.557332,0.00463677,1,0.761905,10,0.0998555,3,0.997331,0.998214
B1_08,B1,134,536.0,10,10,0,0,100.000000,0,0.002396,1.00356,3.35628,0.728302,0.488042,0.00873919,1,0.555556,10,0.0442867,3,0.99674,0.998054
B1_08,B1,135,540.0,10,10,0,0,100.000000,0,0.001508,0.984025,4.22222,0.744609,0.526501,0.00737848,1,0.5,10,0.0745387,3,0.993718,0.997743
B1_08,B1,136,544.0,10,10,0,0,100.000000,0,0.027834,0.865923,5.30037,0.735343,0.532539,0.0123081,1,0.9,10,0.109263,3,0.992742,0.998238
B1_08,B1,137,548.0,10,10,0,0,100.000000,0,0.001394,0.957024,3.48693,0.721336,0.573956,0.00408478,1,0.842105,10,0.0701369,3,0.996928,0.997905
B1_08,B1,138,552.0,10,10,0,0,100.000000,0,0.000650,1.05262,3.84304,0.745932,0.54251,0.00813784,1,1,10,0.14051,3,0.994611,0.997752
B1_08,B1,139,556.0,10,10,0,0,100.000000,0,0.000650,1.04386,3.52674,0.745088,0.569037,0.00314619,1,1,10,0.172491,3,0.997028,0.998248
B1_08,B1,140,560.0,10,10,0,0,100.000000,0,0.002269,0.96002,3.68778,0.733528,0.537819,0.00668896,1,0.736842,10,0.15597,3,0.995769,0.997581
B1_08,B1,141,564.0,10,10,0,0,100.000000,0,0.016716,0.92153,4.40319,0.716048,0.571817,0.0126836,1,0.666667,10,0.144444,3,0.996887,0.997869
B1_08,B1,142,568.0,11,11,0,0,100.000000,0,0.023988,0.918836,5.11992,0.744509,0.534985,0.0201991,1,0.857143,11,0.189329,3,0.984789,0.998128
B1_08,B1,143,572.0,11,11,0,0,100.000000,0,0.002224,0.847783,4.41664,0.723827,0.544285,0.00733137,1,0.666667,11,0.103852,3,0.995012,0.998329
B1_08,B1,144,576.0,10,10,0,0,100.000000,0,0.005835,0.961146,4.96036,0.73803,0.578008,0.0111061,1,1,10,0.274857,3,0.995739,0.998069
B1_08,B1,145,580.0,11,11,0,0,100.000000,0,0.001714,0.951813,4.07504,0.732159,0.549725,0.0083682,1,0.857143,11,0.146405,3,0.997055,0.998552
B1_08,B1,146,584.0,10,10,0,0,100.000000,0,0.001768,0.979205,3.46203,0.739656,0.524048,0.00684932,1,0.9,10,0.163445,3,0.99698,0.997986
B1_08,B1,147,588.0,10,10,0,0,100.000000,0,0.032525,0.897515,4.11113,0.725849,0.518237,0.0144377,1,0.9,10,0.0923881,3,0.993665,0.99864
B1_08,B1,148,592.0,10,10,0,0,100.000000,0,0.020415,0.851558,5.48371,0.715384,0.592397,0.0123782,1,0.526316,10,0.0910759,3,0.996832,0.997724
B1_08,B1,149,596.0,9,9,0,0,100.000000,0,0.086960,0.957057,5.10784,0.735333,0.574623,0.0139535,1,0.888889,9,0.186879,3,0.994028,0.997974
B1_08,B1,150,600.0,10,10,0,0,100.000000,0,0.021286,0.994397,4.54335,0.744245,0.516072,0.0157048,1,0.666667,10,0.0464592,3,0.994166,0.997286
B1_08,B1,151,604.0,9,9,0,0,100.000000,0,0.003306,0.850427,5.19994,0.743355,0.559691,0.00950569,1,0.588235,9,0.0512942,3,0.995353,0.998322
B1_08,B1,152,608.0,10,10,0,0,100.000000,0,0.009453,0.973734,3.31619,0.745161,0.509575,0.0207102,1,0.842105,10,0.0755656,3,0.996959,0.997993
B1_08,B1,153,612.0,9,9,0,0,100.000000,0,0.003159,0.91567,5.54974,0.7274,0.523022,0.00930233,1,0.823529,9,0.126603,3,0.996725,0.998227
B1_08,B1,154,616.0,10,10,0,0,100.000000,0,0.001970,0.872514,4.13895,0.736008,0.581555,0.00915141,1,0.631579,10,0.0699302,3,0.994864,0.998064
B1_08,B1,155,620.0,9,9,0,0,100.000000,0,0.005410,0.995458,5.83503,0.73348,0.563468,0.00919949,1,0.823529,9,0.152982,3,0.996097,0.998164
B1_08,B1,156,624.0,10,10,0,0,100.000000,0,0.001503,0.98911,4.04351,0.757242,0.548245,0.00451825,1,0.842105,10,0.154295,3,0.99688,0.998674
B1_08,B1,157,628.0,9,9,0,0,100.000000,0,0.001820,0.966981,3.32346,0.727696,0.538683,0.00883933,1,0.470588,9,0.0783396,3,0.996785,0.998461
B1_08,B1,158,632.0,10,10,0,0,100.000000,0,0.012607,1.04765,3.46333,0.733099,0.544973,0.0121878,1,0.9,10,0.125295,3,0.996594,0.99844
B1_08,B1,159,636.0,10,10,0,0,100.000000,0,0.001417,0.959061,5.35198,0.733589,0.518321,0.00623688,1,0.947368,10,0.133728,3,0.996654,0.998266
B1_08,B1,160,640.0,10,10,0,0,100.000000,0,0.281651,0.884993,7.29564,0.743371,0.499664,0.0111745,1,0.533333,10,0.196931,3,0.9942,0.997989
B1_08,B1,161,644.0,9,9,0,0,100.000000,0,0.000650,1.02415,3.14193,0.745597,0.533331,0.00931996,1,0.947368,10,0.118279,3,0.99472,0.997898
B1_08,B1,162,648.0,10,10,0,0,100.000000,0,0.002432,0.956741,4.85475,0.75544,0.513903,0.00909963,1,0.777778,9,0.0962699,3,0.996825,0.998181
B1_08,B1,163,652.0,10,10,0,0,100.000000,0,0.028251,0.88724,4.36539,0.722068,0.518295,0.0148084,1,0.842105,10,0.131177,3,0.994286,0.998114
B1_08,B1,164,656.0,10,10,0,0,100.000000,0,0.000845,0.962035,3.93582,0.736301,0.570943,0.00808412,1,1,10,0.14589,3,0.997042,0.998293
B1_08,B1,165,660.0,10,10,0,0,100.000000,0,0.001344,0.965943,3.96704,0.741473,0.517988,0.00494159,1,0.842105,10,0.126555,3,0.996804,0.998195
B1_08,B1,166,664.0,10,10,0,0,100.000000,0,0.002166,0.952247,3.68003,0.735133,0.582286,0.00687993,1,0.8,10,0.165891,3,0.995655,0.998215
B1_08,B1,167,668.0,10,10,0,0,100.000000,0,0.022483,0.97456,4.52748,0.739121,0.562393,0.0114875,1,0.9,10,0.154921,3,0.995672,0.998138
B1_08,B1,168,672.0,10,10,0,0,100.000000,0,0.007854,0.927963,3.03611,0.739112,0.549397,0.00776187,1,0.9,10,0.187582,3,0.99603,0.997257
B1_08,B1,169,676.0,10,10,0,0,100.000000,0,0.030091,0.863264,4.41208,0.726559,0.494615,0.00466737,1,0.631579,10,0.187917,3,0.996819,0.998256
B1_08,B1,170,680.0,10,9,0,1,94.736842,0,0.478103,0.942576,6.27156,0.737477,0.570023,0.29551,0.875,0.941176,9,0.137774,3,0.996637,0.997862
B1_08,B1,171,684.0,10,10,0,0,100.000000,0,0.002980,0.88584,5.6894,0.729223,0.541045,0.00673401,1,0.555556,10,0.0553916,3,0.99698,0.997849
B1_08,B1,172,688.0,10,10,0,0,100.000000,0,0.002197,0.913695,5.24975,0.728732,0.566034,0.00882736,1,0.777778,10,0.0754066,3,0.996231,0.998102
B1_08,B1,173,692.0,10,10,0,0,100.000000,0,0.001394,0.962163,3.04526,0.722953,0.581379,0.00737848,1,0.842105,10,0.0700481,3,0.996527,0.997593
B1_08,B1,174,696.0,10,10,0,0,100.000000,0,0.002754,1.01723,3.66096,0.734949,0.504196,0.0049968,1,0.526316,10,0.148002,3,0.995274,0.997447
B1_08,B1,175,700.0,10,9,0,1,94.736842,0,0.654518,0.929025,3.81022,0.739391,0.547602,0.294007,0.875,0.666667,9,0.133737,3,0.995859,0.998303
B1_08,B1,176,704.0,10,10,0,0,100.000000,0,0.020526,0.987849,3.5537,0.730024,0.54309,0.0153714,1,0.842105,10,0.123212,3,0.994845,0.997861
B1_08,B1,177,708.0,10,10,0,0,100.000000,0,0.014762,0.996178,3.19856,0.734876,0.593228,0.0186921,1,0.666667,10,0.0948498,3,0.996171,0.998125
B1_08,B1,178,712.0,11,11,0,0,100.000000,0,0.001645,0.952186,3.09463,0.733264,0.541275,0.00931418,1,0.777778,11,0.0442688,3,0.996119,0.998278
B1_08,B1,179,716.0,10,10,0,0,100.000000,0,0.001536,0.967608,2.67304,0.73244,0.583967,0.00680272,1,0.9,10,0.0997995,3,0.996354,0.998298
B1_08,B1,180,720.0,10,10,0,0,100.000000,0,0.002404,1.00132,2.36227,0.739863,0.528444,0.00875863,1,0.666667,10,0.103876,3,0.995969,0.998037
B1_08,B1,181,724.0,10,10,0,0,100.000000,0,0.000918,0.977843,5.47542,0.738959,0.551601,0.00668896,1,0.947368,10,0.238163,3,0.994245,0.998237
B1_08,B1,182,728.0,10,10,0,0,100.000000,0,0.007640,0.912826,5.38894,0.721572,0.507015,0.00677966,1,0.9,10,0.33198,3,0.996143,0.998299
B1_08,B1,183,732.0,10,10,0,0,100.000000,0,0.002031,0.967034,3.38215,0.736752,0.519971,0.00646498,1,0.526316,10,0.112117,3,0.996703,0.997787
B1_08,B1,184,736.0,10,10,0,0,100.000000,0,0.036718,0.981378,3.18948,0.721098,0.550069,0.0143818,1,0.842105,10,0.0418335,3,0.996049,0.998183
B1_08,B1,185,740.0,10,10,0,0,100.000000,0,0.003276,0.866443,4.95988,0.724122,0.547005,0.00571639,1,0.631579,10,0.138372,3,0.995917,0.998159
B1_08,B1,186,744.0,11,11,0,0,100.000000,0,0.003465,0.939518,4.18674,0.7331,0.535094,0.00607287,1,0.8,11,0.184843,3,0.996834,0.997783
B1_08,B1,187,748.0,10,10,0,0,100.000000,0,0.002916,0.889119,3.74605,0.728155,0.580509,0.00664452,1,0.588235,10,0.158795,3,0.995955,0.998545
B1_08,B1,188,752.0,10,10,0,0,100.000000,0,0.003340,1.02588,2.79988,0.736399,0.528762,0.00499122,1,0.8,10,0.148162,3,0.995991,0.997956
B1_08,B1,189,756.0,10,10,0,0,100.000000,0,0.000636,0.906767,4.05674,0.735452,0.526613,0.00737848,1,1,10,0.259339,3,0.996751,0.997898
B1_08,B1,190,760.0,10,10,0,0,100.000000,0,0.021441,1.00055,2.76767,0.731984,0.528078,0.0110981,1,0.9,10,0.255408,3,0.994046,0.998001
B1_08,B1,191,764.0,10,10,0,0,100.000000,0,0.001590,0.959761,3.84153,0.730372,0.559578,0.00783932,1,0.470588,10,0.0695856,3,0.996738,0.997922
B1_08,B1,192,768.0,10,10,0,0,100.000000,0,0.019426,0.93843,3.44271,0.738141,0.533194,0.0168884,1,0.9,10,0.120513,3,0.993593,0.997648
B1_08,B1,193,772.0,10,10,0,0,100.000000,0,0.002065,0.998394,3.01824,0.720668,0.555714,0.0088472,1,0.631579,10,0.107311,3,0.993363,0.99778
B1_08,B1,194,776.0,10,10,0,0,100.000000,0,0.013282,1.00173,2.84622,0.747338,0.558752,0.0123688,1,0.555556,10,0.0967077,3,0.995806,0.997839
B1_08,B1,195,780.0,10,10,0,0,100.000000,0,0.003005,1.05187,2.48407,0.743365,0.575744,0.00791833,1,0.9,10,0.179905,3,0.993225,0.998185
B1_08,B1,196,784.0,10,10,0,0,100.000000,0,0.029592,0.983025,3.77534,0.739522,0.509423,0.00737848,1,0.736842,10,0.178178,3,0.992578,0.998161
B1_08,B1,197,788.0,10,10,0,0,100.000000,0,0.002295,0.966034,4.23161,0.724849,0.575745,0.0104366,1,0.631579,10,0.0764173,3,0.994768,0.997414
B1_08,B1,198,792.0,10,10,0,0,100.000000,0,0.002800,0.945826,3.37197,0.725258,0.522659,0.00816497,1,0.666667,10,0.0850279,3,0.994334,0.998303
B1_08,B1,199,796.0,10,10,0,0,100.000000,0,0.019977,0.907382,4.19174,0.738905,0.509723,0.0088472,1,0.9,10,0.178755,3,0.996708,0.998337
B1_08,B1,200,800.0,10,10,0,0,100.000000,0,0.000514,0.959891,3.70698,0.747451,0.56185,0.00572924,1,1,10,0.242479,3,0.996778,0.998122
B1_08,B1,201,804.0,10,10,0,0,100.000000,0,0.003062,1.01191,2.74646,0.755592,0.542539,0.0106117,1,1,10,0.229908,3,0.993325,0.998116
B1_08,B1,202,808.0,10,10,0,0,100.000000,0,0.002404,1.08108,4.17277,0.740275,0.572709,0.00474568,1,0.777778,10,0.0907014,3,0.995423,0.998028
B1_08,B1,203,812.0,10,10,0,0,100.000000,0,0.006607,1.02404,2.7288,0.730501,0.523742,0.00821976,1,1,10,0.197504,3,0.996216,0.998439
B1_08,B1,204,816.0,10,10,0,0,100.000000,0,0.002416,0.861378,4.67129,0.723375,0.551027,0.00985052,1,0.588235,10,0.171517,3,0.996168,0.997752
B1_08,B1,205,820.0,10,10,0,0,100.000000,0,0.021371,1.00323,3.01472,0.73332,0.553008,0.0123782,1,0.666667,10,0.11919,3,0.993093,0.997899
B1_08,B1,206,824.0,10,10,0,0,100.000000,0,0.001556,0.97087,3.88632,0.724137,0.550543,0.00666667,1,0.444444,10,0.102544,3,0.997129,0.998451
B1_08,B1,207,828.0,10,10,0,0,100.000000,0,0.002443,0.982118,3.17517,0.721127,0.556318,0.0104366,1,0.631579,10,0.0166064,3,0.996091,0.998249
B1_08,B1,208,832.0,10,10,0,0,100.000000,0,0.005169,1.00224,2.49016,0.741877,0.529815,0.0114327,1,0.947368,10,0.127339,3,0.993635,0.998051
B1_08,B1,209,836.0,10,10,0,0,100.000000,0,0.054813,0.98762,2.1988,0.739041,0.523663,0.0227154,1,0.9,10,0.234531,3,0.993601,0.998433
B1_08,B1,210,840.0,10,10,0,0,100.000000,0,0.004121,0.988293,2.81493,0.74237,0.557701,0.00800487,1,0.555556,10,0.188027,3,0.995576,0.998268
B1_08,B1,211,844.0,9,9,0,0,100.000000,0,0.002676,0.954801,4.3362,0.738216,0.583298,0.00918984,1,0.625,9,0.0465563,3,0.996488,0.998075
B1_08,B1,212,848.0,10,10,0,0,100.000000,0,0.009264,0.943182,4.91421,0.736051,0.563834,0.0104711,1,0.736842,10,0.200037,3,0.991599,0.99768
B1_08,B1,213,852.0,10,10,0,0,100.000000,0,0.002926,0.918653,3.07021,0.732272,0.553912,0.00865276,1,0.444444,10,0.0507695,3,0.995559,0.997938
B1_08,B1,214,856.0,10,10,0,0,100.000000,0,0.014544,0.925759,3.96406,0.742604,0.551935,0.0106102,1,0.8,10,0.241567,3,0.995254,0.997013
B1_08,B1,215,860.0,10,10,0,0,100.000000,0,0.005476,1.03278,3.46814,0.746484,0.567068,0.0255997,1,0.947368,10,0.101726,3,0.996698,0.997426
B1_08,B1,216,864.0,9,9,0,0,100.000000,0,0.058528,1.03545,4.70793,0.727274,0.535723,0.012169,1,0.285714,9,0.0833296,3,0.994723,0.998055
B1_08,B1,217,868.0,10,10,0,0,100.000000,0,0.015710,1.00408,2.7599,0.732995,0.535402,0.0111386,1,0.736842,10,0.0198011,3,0.993988,0.998014
B1_08,B1,218,872.0,9,9,0,0,100.000000,0,0.001521,0.990348,3.91663,0.738918,0.542721,0.00647249,1,0.75,10,0.0753862,3,0.996324,0.997418
B1_08,B1,219,876.0,10,10,0,0,100.000000,0,0.006550,1.01326,4.19762,0.717918,0.54826,0.00582726,1,0.533333,9,0.189923,3,0.995956,0.998257
B1_08,B1,220,880.0,10,10,0,0,100.000000,0,0.036789,1.03531,1.93624,0.745101,0.478556,0.0233369,1,0.444444,10,0.0923975,3,0.994209,0.998016
B1_08,B1,221,884.0,10,10,0,0,100.000000,0,0.052812,0.946381,4.99037,0.748418,0.443005,0.0131148,1,0.777778,10,0.0883667,3,0.995105,0.997945
B1_08,B1,222,888.0,9,9,0,0,100.000000,0,0.023076,1.00809,2.93557,0.73639,0.542433,0.0107503,1,0.888889,9,0.111913,3,0.988908,0.998186
B1_08,B1,223,892.0,10,10,0,0,100.000000,0,0.004361,0.890588,3.33428,0.720661,0.477606,0.0102009,1,0.444444,10,0.0785301,3,0.996672,0.998054
B1_08,B1,224,896.0,10,10,0,0,100.000000,0,0.002396,0.849458,2.97854,0.728807,0.4966,0.00933007,1,0.631579,10,0.0732627,3,0.992548,0.998099
B1_08,B1,225,900.0,10,10,0,0,100.000000,0,0.001381,1.06763,2.59927,0.743959,0.512104,0.00803111,1,0.842105,10,0.0935842,3,0.996561,0.99807
B1_08,B1,226,904.0,10,10,0,0,100.000000,0,0.005505,0.877916,4.31449,0.725343,0.527005,0.00567188,1,0.8,10,0.200838,3,0.996612,0.997922
B1_08,B1,227,908.0,9,9,0,0,100.000000,0,0.001765,1.01545,3.4329,0.746551,0.527984,0.00764382,1,0.5,9,0.0648003,3,0.995482,0.997912
B1_08,B1,228,912.0,10,10,0,0,100.000000,0,0.003719,0.864903,8.50194,0.710201,0.552278,0.00771951,1,0.307692,10,0.123014,3,0.994352,0.997537
B1_08,B1,229,916.0,10,10,0,0,100.000000,0,0.003259,0.994168,3.66349,0.728352,0.521944,0.00914214,1,0.588235,10,0.0374408,3,0.995755,0.998219
B1_08,B1,230,920.0,10,10,0,0,100.000000,0,0.004548,0.931883,4.22781,0.740483,0.547245,0.0120058,1,1,10,0.228697,3,0.994939,0.998067
B1_08,B1,231,924.0,10,10,0,0,100.000000,0,0.003276,0.893137,4.84359,0.734445,0.534889,0.00975384,1,0.588235,10,0.138119,3,0.989219,0.998206
B1_08,B1,232,928.0,10,10,0,0,100.000000,0,0.001942,0.937893,3.89496,0.723066,0.509696,0.00653595,1,0.8,10,0.12445,3,0.996335,0.998272
B1_08,B1,233,932.0,10,10,0,0,100.000000,0,0.001177,1.10939,2.20247,0.750233,0.559524,0.0103681,1,0.777778,10,0.163104,3,0.994251,0.997431
B1_08,B1,234,936.0,9,9,0,0,100.000000,0,0.003082,1.0586,2.64566,0.741232,0.517359,0.00324632,1,0.588235,9,0.143433,3,0.991893,0.997616
B1_08,B1,235,940.0,10,9,1,1,90.000000,0,0.305871,0.0798069,69.5263,0.670543,0.4161,0.137942,1,0.181818,10,0.0545423,4,0.984615,0.997934
B1_08,B1,236,944.0,10,10,0,0,100.000000,0,0.011834,1.00173,3.80698,0.754703,0.525315,0.0147996,1,0.736842,10,0.136287,3,0.989253,0.998414
B1_08,B1,237,948.0,10,10,0,0,100.000000,0,0.028455,0.950593,3.37233,0.719756,0.564922,0.017459,1,0.631579,10,0.112924,3,0.995999,0.998143
B1_08,B1,238,952.0,10,10,0,0,100.000000,0,0.012529,1.02961,2.33926,0.724799,0.590834,0.0207001,1,0.9,10,0.169203,3,0.996192,0.997939
B1_08,B1,239,956.0,9,9,0,0,100.000000,0,0.000538,1.1758,2.18736,0.763236,0.58293,0.0095643,1,1,9,0.130697,3,0.996051,0.997813
B1_08,B1,240,960.0,9,9,0,0,100.000000,0,0.041296,0.873366,5.22914,0.724887,0.534295,0.0123633,1,0.428571,9,0.121132,3,0.994614,0.998067
B1_08,B1,241,964.0,10,10,0,0,100.000000,0,0.003114,0.999317,5.79657,0.73244,0.542644,0.00694581,1,0.4,10,0.071117,3,0.995609,0.997351
B1_08,B1,242,968.0,9,9,0,0,100.000000,0,0.002291,1.06052,3.88702,0.746445,0.522595,0.00950569,1,0.666667,9,0.104097,3,0.994916,0.998248
B1_08,B1,243,972.0,9,9,0,0,100.000000,0,0.028573,1.06359,3.91227,0.728228,0.510632,0.011393,1,0.777778,9,0.119111,3,0.995049,0.997695
B1_08,B1,244,976.0,10,10,0,0,100.000000,0,0.012045,1.09325,4.306,0.750175,0.5348,0.022958,1,0.842105,10,0.208176,3,0.994865,0.997985
B1_08,B1,245,980.0,10,10,0,0,100.000000,0,0.009711,0.98176,4.64776,0.733628,0.578114,0.0149523,1,1,10,0.220167,3,0.996978,0.998655
B1_08,B1,246,984.0,11,11,0,0,100.000000,0,0.002524,0.99825,3.1266,0.754911,0.53185,0.0227701,1,1,11,0.152747,3,0.995444,0.997681
B1_08,B1,247,988.0,9,9,0,0,100.000000,0,0.013553,0.995133,3.27954,0.746664,0.559872,0.0166157,1,0.888889,9,0.146672,3,0.994558,0.998019
B1_08,B1,248,992.0,9,9,0,0,100.000000,0,0.002284,1.07947,2.29821,0.743801,0.517648,0.0102104,1,0.631579,9,0.0897747,3,0.995542,0.998239
B1_08,B1,249,996.0,9,9,0,0,100.000000,0,0.009606,1.01203,2.18977,0.7297,0.538595,0.0179305,1,1,9,0.0836366,3,0.99204,0.996949
B1_08,B1,250,1000.0,10,10,0,0,100.000000,0,0.014100,0.971907,3.34057,0.733915,0.573881,0.0138896,1,0.777778,10,0.151569,3,0.996189,0.998188
B1_08,B1,251,1004.0,11,11,0,0,100.000000,0,0.001147,0.951275,2.66533,0.72519,0.485776,0.00973579,1,0.571429,11,0.155668,3,0.996416,0.998088
B1_08,B1,252,1008.0,10,10,0,0,100.000000,0,0.058719,1.0749,1.31881,0.73237,0.471297,0.0130869,1,0.842105,10,0.0528851,3,0.995715,0.998013
B1_08,B1,253,1012.0,11,11,0,0,100.000000,0,0.028942,1.05109,2.85087,0.73208,0.566758,0.012219,1,0.857143,11,0.189046,3,0.992723,0.997304
B1_08,B1,254,1016.0,10,10,0,0,100.000000,0,0.176090,1.13431,2.36853,0.74116,0.509665,0.0461242,1,0.777778,10,0.10526,3,0.978149,0.997857
B1_08,B1,255,1020.0,9,9,0,0,100.000000,0,0.115002,1.01867,3.82873,0.732653,0.454215,0.0292697,1,0.666667,9,0.067162,3,0.97831,0.996956
B1_08,B1,256,1024.0,9,9,0,0,100.000000,0,0.012055,1.08894,2.19318,0.74736,0.529721,0.0287054,1,0.941176,9,0.136909,3,0.988621,0.997439
B1_08,B1,257,1028.0,9,9,0,0,100.000000,0,0.284652,1.05347,2.36666,0.747604,0.523788,0.0163889,1,0.666667,9,0.204556,3,0.987808,0.997206
B1_08,B1,258,1032.0,10,10,0,0,100.000000,0,0.015206,1.04122,3.25995,0.739417,0.546519,0.0175265,1,0.842105,10,0.119548,3,0.996549,0.99792
B1_08,B1,259,1036.0,9,9,0,0,100.000000,0,0.117854,1.04122,3.00302,0.736163,0.550793,0.040347,1,0.705882,9,0.0437537,3,0.996483,0.998117
B1_08,B1,260,1040.0,10,10,0,0,100.000000,0,0.064148,0.999384,3.04132,0.730879,0.535112,0.0150738,1,0.588235,10,0.182488,3,0.994281,0.996789
B1_08,B1,261,1044.0,9,9,0,0,100.000000,0,0.033178,1.04408,3.27959,0.727288,0.491266,0.0219296,1,0.705882,9,0.116333,3,0.987099,0.99792
B1_08,B1,262,1048.0,9,9,0,0,100.000000,0,0.016153,1.07117,2.49383,0.746463,0.497575,0.012265,1,0.823529,9,0.114137,3,0.992914,0.997186
B1_08,B1,263,1052.0,10,10,0,0,100.000000,0,0.002634,1.03592,2.56915,0.730737,0.483873,0.00979263,1,0.555556,10,0.130114,3,0.995684,0.997855
B1_08,B1,264,1056.0,9,9,0,0,100.000000,0,0.002416,0.94687,3.78148,0.718111,0.552376,0.0057573,1,0.777778,9,0.132088,3,0.992906,0.997532
B1_08,B1,265,1060.0,10,10,0,0,100.000000,0,0.001643,1.05119,3.42094,0.741711,0.527817,0.00879127,1,0.842105,10,0.092037,3,0.996278,0.998719
B1_08,B1,266,1064.0,9,9,0,0,100.000000,0,0.002652,1.03099,3.36437,0.729543,0.520671,0.00992479,1,0.705882,9,0.0392996,3,0.996217,0.99843
B1_08,B1,267,1068.0,10,8,1,2,84.210526,0,0.550642,0.819724,7.76693,0.735048,0.537742,0.0698875,1,0.153846,9,0.0647057,3,0.983053,0.997626
B1_08,B1,268,1072.0,9,9,1,0,94.736842,0,0.171900,0.977498,1.99906,0.73013,0.553291,0.0695955,1,0.631579,10,0.0355591,3,0.990713,0.998188
B1_08,B1,269,1076.0,10,10,0,0,100.000000,0,0.012365,0.968226,1.53738,0.742314,0.549641,0.0252801,1,0.526316,10,0.0733538,3,0.988673,0.99774
B1_08,B1,270,1080.0,10,10,0,0,100.000000,0,0.043472,1.0276,2.85889,0.728975,0.500271,0.0213976,1,0.8,10,0.158095,3,0.984503,0.998235
B1_08,B1,271,1084.0,9,9,0,0,100.000000,0,0.029485,0.97824,3.30811,0.725532,0.560548,0.0137302,1,0.705882,9,0.0507176,3,0.995528,0.997659
B1_08,B1,272,1088.0,10,10,0,0,100.000000,0,0.001470,1.02367,3.14884,0.74036,0.572199,0.00915141,1,0.947368,10,0.116717,3,0.977122,0.998089
B1_08,B1,273,1092.0,10,10,0,0,100.000000,0,0.016044,1.19822,2.10873,0.747437,0.538069,0.0177832,1,0.888889,10,0.0901925,3,0.977601,0.996356
B1_08,B1,274,1096.0,9,9,0,0,100.000000,0,0.008099,1.03939,3.46931,0.741951,0.520029,0.0186936,1,1,9,0.150474,3,0.987765,0.997072
B1_08,B1,275,1100.0,10,10,0,0,100.000000,0,0.018117,0.947839,3.38211,0.72994,0.522835,0.0113951,1,0.842105,10,0.106575,3,0.996941,0.998265
B1_08,B1,276,1104.0,11,11,0,0,100.000000,0,0.001980,0.996113,3.42097,0.73318,0.517811,0.00981684,1,0.761905,11,0.143352,3,0.995646,0.998374
B1_08,B1,277,1108.0,10,10,0,0,100.000000,0,0.022619,1.02859,3.33167,0.741351,0.557997,0.0341587,1,0.631579,10,0.0982598,3,0.995258,0.998175
B1_08,B1,278,1112.0,9,9,0,0,100.000000,0,0.029549,0.92906,4.12603,0.72324,0.531132,0.0136855,1,0.777778,9,0.128137,3,0.995995,0.998478
B1_08,B1,279,1116.0,9,9,0,0,100.000000,0,0.042991,0.974278,4.18613,0.729632,0.542124,0.0259536,1,0.588235,9,0.0309612,3,0.981911,0.997592
B1_08,B1,280,1120.0,9,9,0,0,100.000000,0,0.012339,0.972956,3.60293,0.743755,0.543607,0.0126481,1,0.888889,9,0.0676565,3,0.99489,0.997937
B1_08,B1,281,1124.0,9,9,0,0,100.000000,0,0.002502,1.00047,4.52015,0.743689,0.511986,0.00790891,1,0.625,9,0.10832,3,0.993618,0.996965
B1_08,B1,282,1128.0,9,9,0,0,100.000000,0,0.003087,0.977192,4.11014,0.731177,0.56803,0.00723638,1,0.666667,9,0.0537937,3,0.995216,0.998359
B1_08,B1,283,1132.0,10,10,0,0,100.000000,0,0.021353,0.938504,3.57634,0.732554,0.538795,0.0136768,1,0.777778,10,0.0985212,3,0.99428,0.998397
B1_08,B1,284,1136.0,9,9,0,0,100.000000,0,0.033990,1.03412,3.18837,0.728031,0.550746,0.0164429,1,0.588235,9,0.0416992,3,0.994515,0.997676
B1_08,B1,285,1140.0,9,9,0,0,100.000000,0,0.002654,0.960575,4.09255,0.735346,0.56196,0.00915485,1,0.666667,9,0.13931,3,0.995604,0.997929
B1_08,B1,286,1144.0,9,9,0,0,100.000000,0,0.001967,0.990052,2.85309,0.746784,0.561029,0.00611028,1,0.777778,9,0.0888018,3,0.995282,0.997722
B1_08,B1,287,1148.0,10,10,0,0,100.000000,0,0.004040,0.96815,5.35542,0.736729,0.52839,0.00765466,1,0.705882,10,0.055794,3,0.995154,0.99822
B1_08,B1,288,1152.0,9,9,0,0,100.000000,0,0.001152,1.01283,3.93155,0.724211,0.522188,0.00787797,1,1,9,0.15137,3,0.994871,0.997318
B1_08,B1,289,1156.0,10,10,0,0,100.000000,0,0.001942,0.928112,3.65725,0.722307,0.514348,0.00643087,1,0.8,10,0.153307,3,0.997176,0.998341
B1_08,B1,290,1160.0,9,9,0,0,100.000000,0,0.024024,0.966306,4.17025,0.72479,0.542936,0.0116122,1,0.75,9,0.111271,3,0.9941,0.99825
B1_08,B1,291,1164.0,10,10,0,0,100.000000,0,0.010138,0.955101,4.25345,0.742332,0.585692,0.013589,1,0.9,10,0.162267,3,0.990274,0.997324
B1_08,B1,292,1168.0,10,10,0,0,100.000000,0,0.000845,0.934532,4.25771,0.731146,0.534475,0.00787424,1,1,10,0.143312,3,0.996561,0.998147
B1_08,B1,293,1172.0,10,10,0,0,100.000000,0,0.011598,0.935872,5.64033,0.728408,0.558062,0.0248007,1,0.947368,10,0.163197,3,0.995128,0.998078
B1_08,B1,294,1176.0,9,9,0,0,100.000000,0,0.025423,0.990894,3.40238,0.730069,0.532981,0.0173681,1,0.705882,9,0.104737,3,0.994138,0.997603
B1_08,B1,295,1180.0,10,10,0,0,100.000000,0,0.007347,1.14585,1.79109,0.747443,0.535069,0.0244719,1,0.777778,10,0.0342532,3,0.990994,0.997815
B1_08,B1,296,1184.0,9,9,0,0,100.000000,0,0.016130,1.07721,2.83871,0.733392,0.592791,0.0131006,1,0.888889,9,0.0897076,3,0.99653,0.997958
B1_08,B1,297,1188.0,10,10,0,0,100.000000,0,0.002166,1.01839,3.19533,0.734511,0.587528,0.00992893,1,0.8,10,0.125637,3,0.995633,0.997552
B1_08,B1,298,1192.0,9,9,0,0,100.000000,0,0.003762,0.910248,3.81141,0.721394,0.564471,0.00679825,1,0.823529,9,0.213883,3,0.995284,0.997677
B1_09,B1,0,0.0,9,9,0,0,100.000000,0,0.005303,0.856971,5.68547,0.745239,0.630823,0.0117295,1,0.888889,9,0.169557,3,0.995354,0.997636
B1_09,B1,1,4.0,9,9,0,0,100.000000,0,0.000614,0.957684,5.50894,0.735056,0.636194,0.00642824,1,1,9,0.213386,3,0.996148,0.997279
B1_09,B1,2,8.0,9,9,0,0,100.000000,0,0.000838,1.00849,5.31383,0.755746,0.644156,0.00882229,1,1,9,0.193685,3,0.99638,0.997395
B1_09,B1,3,12.0,9,9,0,0,100.000000,0,0.000836,0.54501,46.078,0.683289,0.6429,0.0100667,1,0.2,9,0.186008,4,0.989648,0.997821
B1_09,B1,4,16.0,9,9,0,0,100.000000,0,0.000824,0.992607,3.67851,0.745924,0.610608,0.00776704,1,0.888889,9,0.101374,3,0.996129,0.997582
B1_09,B1,5,20.0,9,9,0,0,100.000000,0,0.000862,0.464919,49.8083,0.622866,0.658626,0.0157946,1,0.2,9,0.0907987,4,0.990189,0.997046
B1_09,B1,6,24.0,9,9,0,0,100.000000,0,0.000264,0.539988,54.5014,0.627804,0.652172,0.00967411,1,0.2,9,0.0839142,4,0.993339,0.997295
B1_09,B1,7,28.0,10,10,0,0,100.000000,0,0.002774,0.945115,4.33467,0.730471,0.652758,0.0131759,1,0.736842,10,0.134127,3,0.995584,0.997351
B1_09,B1,8,32.0,9,9,0,0,100.000000,0,0.000659,0.955908,5.05411,0.743903,0.631213,0.00805605,1,1,9,0.199091,3,0.996481,0.997841
B1_09,B1,9,36.0,9,9,0,0,100.000000,0,0.003638,0.933184,6.33708,0.732163,0.666869,0.0141854,1,0.888889,9,0.123245,3,0.996616,0.997387
B1_09,B1,10,40.0,10,10,0,0,100.000000,0,0.001842,0.999926,3.29285,0.743403,0.640977,0.0107955,1,1,10,0.118646,3,0.996236,0.99741
B1_09,B1,11,44.0,10,10,0,0,100.000000,0,0.000778,0.979413,4.66908,0.726286,0.664624,0.00992705,1,0.8,10,0.11328,3,0.995132,0.996877
B1_09,B1,12,48.0,10,10,0,0,100.000000,0,0.000371,1.01665,2.80401,0.732232,0.659605,0.00671141,1,0.952381,10,0.249982,3,0.994346,0.99672
B1_09,B1,13,52.0,10,10,0,0,100.000000,0,0.002121,1.00232,4.24898,0.744065,0.668729,0.0124308,1,0.8,10,0.0689554,3,0.992808,0.996863
B1_09,B1,14,56.0,10,10,0,0,100.000000,0,0.000363,0.924823,2.53215,0.732081,0.622563,0.00905182,1,0.9,10,0.115456,3,0.995227,0.997469
B1_09,B1,15,60.0,10,8,2,2,80.000000,0,0.975431,1.13388,2.40716,0.781663,0.648415,0.214249,0.888889,0.588235,10,0.0487838,3,0.958834,0.995938
B1_09,B1,16,64.0,9,9,0,0,100.000000,0,0.000371,0.332076,15.0913,0.597596,0.667047,0.0066047,1,0.153846,9,0.0765681,4,0.994958,0.998054
B1_09,B1,17,68.0,9,9,0,0,100.000000,0,0.004889,1.04192,4.51285,0.758747,0.647922,0.0136992,1,0.888889,9,0.217644,3,0.995121,0.996718
B1_09,B1,18,72.0,9,9,0,0,100.000000,0,0.004316,0.971462,4.27505,0.737674,0.666823,0.0115904,1,0.888889,9,0.177052,3,0.995863,0.997263
B1_09,B1,19,76.0,9,9,0,0,100.000000,0,0.015545,0.976521,4.75344,0.744838,0.632627,0.0108258,1,0.888889,9,0.188328,3,0.995247,0.996629
B1_09,B1,20,80.0,9,9,0,0,100.000000,0,0.009009,0.947717,4.85269,0.746524,0.64671,0.011652,1,0.705882,9,0.0559617,3,0.996042,0.997114
B1_09,B1,21,84.0,10,10,0,0,100.000000,0,0.000560,0.90373,2.90223,0.740837,0.653868,0.00702675,1,0.526316,10,0.116341,3,0.989936,0.997221
B1_09,B1,22,88.0,9,9,0,0,100.000000,0,0.001400,1.07297,3.73862,0.75872,0.620531,0.0151144,1,1,9,0.149846,3,0.994644,0.996837
B1_09,B1,23,92.0,9,9,0,0,100.000000,0,0.000371,1.09868,2.75569,0.754594,0.645489,0.00870333,1,1,9,0.138556,3,0.995201,0.997398
B1_09,B1,24,96.0,9,9,0,0,100.000000,0,0.000914,0.897857,6.44848,0.726274,0.658527,0.00965195,1,0.777778,9,0.115493,3,0.995527,0.99718
B1_09,B1,25,100.0,10,10,0,0,100.000000,0,0.000546,1.01433,2.76468,0.741337,0.65125,0.00976012,1,0.7,10,0.124454,3,0.995556,0.997449
B1_09,B1,26,104.0,9,9,0,0,100.000000,0,0.000478,1.06814,4.2679,0.75862,0.661573,0.00924011,1,0.888889,9,0.106485,3,0.995426,0.996858
B1_09,B1,27,108.0,9,9,0,0,100.000000,0,0.002773,1.01092,3.26548,0.745986,0.676658,0.0114462,1,0.666667,9,0.115575,3,0.995443,0.997345
B1_09,B1,28,112.0,10,10,0,0,100.000000,0,0.000485,0.95535,2.9566,0.73208,0.656784,0.00914168,1,0.8,10,0.102597,3,0.996282,0.997814
B1_09,B1,29,116.0,9,9,0,0,100.000000,0,0.001467,0.570922,46.3797,0.62463,0.654981,0.0135577,1,0.2,9,0.0662879,4,0.99386,0.997322
B1_09,B1,30,120.0,10,10,0,0,100.000000,0,0.000359,1.0095,3.53854,0.746071,0.628639,0.00862574,1,0.8,10,0.160758,3,0.995646,0.997513
B1_09,B1,31,124.0,9,9,0,0,100.000000,0,0.000397,0.571974,40.5814,0.647087,0.637391,0.00883933,1,0.2,9,0.129904,4,0.99548,0.997383
B1_09,B1,32,128.0,10,10,0,0,100.000000,0,0.001369,0.960513,3.17201,0.732001,0.661586,0.00800487,1,0.7,10,0.181014,3,0.995522,0.997635
B1_09,B1,33,132.0,10,10,0,0,100.000000,0,0.001404,0.568495,61.4607,0.746171,0.654367,0.026574,1,0.181818,10,0.0784213,4,0.991294,0.997708
B1_09,B1,34,136.0,9,9,0,0,100.000000,0,0.001419,0.968869,23.2442,0.765972,0.655431,0.00780382,1,0.736842,9,0.101974,3,0.996005,0.996645
B1_09,B1,35,140.0,10,10,0,0,100.000000,0,0.000508,1.12847,2.46485,0.754629,0.637889,0.00912396,1,0.842105,10,0.104877,3,0.991621,0.997121
B1_09,B1,36,144.0,9,9,0,0,100.000000,0,0.000230,0.641092,51.7397,0.647835,0.634153,0.0102135,1,0.2,9,0.105957,4,0.992806,0.997705
B1_09,B1,37,148.0,10,10,0,0,100.000000,0,0.004310,0.726547,37.5118,0.63993,0.681287,0.0143799,1,0.181818,10,0.0639476,4,0.992397,0.996393
B1_09,B1,38,152.0,10,10,0,0,100.000000,0,0.000418,1.03737,1.96824,0.737258,0.641577,0.00795251,1,0.7,10,0.0675569,3,0.994891,0.997095
B1_09,B1,39,156.0,9,9,0,0,100.000000,0,0.003178,0.62082,45.0504,0.751457,0.668269,0.0190342,1,0.2,9,0.0865535,4,0.990692,0.995907
B1_09,B1,40,160.0,10,10,0,0,100.000000,0,0.002374,1.07951,1.95843,0.755697,0.637505,0.0167633,1,0.9,10,0.166268,3,0.99232,0.996918
B1_09,B1,41,164.0,10,10,0,0,100.000000,0,0.000758,0.963396,5.91331,0.747053,0.651239,0.00651466,1,0.533333,10,0.152088,3,0.995221,0.99759
B1_09,B1,42,168.0,9,9,0,0,100.000000,0,0.002797,1.008,3.74744,0.739596,0.66255,0.0105975,1,0.823529,9,0.115971,3,0.992788,0.996726
B1_09,B1,43,172.0,9,9,0,0,100.000000,0,0.001191,0.508242,24.0196,0.613862,0.664708,0.0158219,1,0.181818,9,0.0705613,4,0.994517,0.997726
B1_09,B1,44,176.0,10,10,0,0,100.000000,0,0.001710,0.83104,18.6802,0.748092,0.648938,0.00956043,1,0.888889,10,0.178806,3,0.994536,0.99759
B1_09,B1,45,180.0,9,9,0,0,100.000000,0,0.004309,0.918929,5.73854,0.737003,0.642266,0.0113334,1,0.888889,9,0.14395,3,0.995301,0.997637
B1_09,B1,46,184.0,10,10,0,0,100.000000,0,0.000578,0.929593,5.98099,0.739635,0.661034,0.008278,1,0.947368,10,0.234302,3,0.995885,0.997615
B1_09,B1,47,188.0,11,11,0,0,100.000000,0,0.000409,0.712806,22.5875,0.631342,0.633677,0.00811359,1,0.166667,11,0.0941726,4,0.994689,0.996967
B1_09,B1,48,192.0,10,10,0,0,100.000000,0,0.000584,0.673217,28.5247,0.724967,0.658839,0.00572924,1,0,10,0.143965,4,0.993843,0.997598
B1_09,B1,49,196.0,10,10,0,0,100.000000,0,0.004023,0.691409,30.6008,0.676413,0.616344,0.0110117,1,0.181818,10,0.228832,4,0.990796,0.996729
B1_09,B1,50,200.0,10,10,0,0,100.000000,0,0.000445,1.01779,3.48769,0.748684,0.648249,0.00905182,1,0.9,10,0.157769,3,0.993146,0.997466
B1_09,B1,51,204.0,9,9,0,0,100.000000,0,0.003970,1.09069,5.10931,0.756021,0.640071,0.0141518,1,0.941176,9,0.158173,3,0.993374,0.997277
B1_09,B1,52,208.0,9,9,0,0,100.000000,0,0.001493,0.604835,22.8333,0.655696,0.631403,0.021128,1,0.181818,9,0.228687,4,0.99471,0.995933
B1_09,B1,53,212.0,9,9,0,0,100.000000,0,0.002420,0.619842,35.7788,0.633813,0.64943,0.0123163,1,0.2,9,0.082789,4,0.990807,0.997053
B1_09,B1,54,216.0,9,9,0,0,100.000000,0,0.001321,0.601245,22.8588,0.65895,0.643816,0.0116553,1,0,9,0.0676898,4,0.993496,0.996047
B1_09,B1,55,220.0,9,9,0,0,100.000000,0,0.004910,0.709021,42.4991,0.641834,0.648362,0.0141204,1,0.2,9,0.0653612,4,0.991271,0.997372
B1_09,B1,56,224.0,9,9,0,0,100.000000,0,0.002057,0.660068,38.2521,0.634639,0.651292,0.0129982,1,0.2,9,0.129882,4,0.993956,0.997314
B1_09,B1,57,228.0,9,9,0,0,100.000000,0,0.001079,0.575497,23.2681,0.627487,0.636659,0.0191975,1,0.181818,9,0.046255,4,0.993375,0.997027
B1_09,B1,58,232.0,9,9,0,0,100.000000,0,0.001456,0.514878,18.6941,0.601401,0.624162,0.011546,1,0.166667,9,0.0962193,4,0.992178,0.997304
B1_09,B1,59,236.0,9,9,0,0,100.000000,0,0.000930,0.521785,16.2835,0.623966,0.639569,0.015688,1,0,9,0.0425461,4,0.994019,0.99642
B1_09,B1,60,240.0,9,9,0,0,100.000000,0,0.003566,0.580976,25.7814,0.61027,0.617352,0.0281489,1,0.181818,9,0.0862217,4,0.989097,0.996643
B1_09,B1,61,244.0,9,9,0,0,100.000000,0,0.000408,0.605243,19.2121,0.610184,0.635539,0.0101135,1,0,9,0.0810444,4,0.995926,0.99797
B1_09,B1,62,248.0,10,10,0,0,100.000000,0,0.001585,0.710378,21.6818,0.654443,0.602821,0.00870772,1,0,10,0.0589823,4,0.99531,0.997778
B1_09,B1,63,252.0,10,10,0,0,100.000000,0,0.000305,0.581486,24.0459,0.64521,0.622828,0.00848492,1,0.166667,10,0.0930586,4,0.994848,0.997473
B1_09,B1,64,256.0,9,9,0,0,100.000000,0,0.006306,0.576366,17.5967,0.637452,0.599047,0.013002,1,0.181818,9,0.0819198,4,0.990349,0.996726
B1_09,B1,65,260.0,10,10,0,0,100.000000,0,0.005533,0.506638,9.58709,0.595324,0.577602,0.0146119,1,0,10,0.0768221,4,0.994208,0.997814
B1_09,B1,66,264.0,9,9,0,0,100.000000,0,0.000606,0.435109,10.0366,0.588941,0.635089,0.00667082,1,0.142857,9,0.10965,4,0.99352,0.997725
B1_09,B1,67,268.0,9,9,0,0,100.000000,0,0.005491,0.523758,23.4579,0.614562,0.608124,0.0111272,1,0.181818,9,0.149702,4,0.995981,0.997606
B1_09,B1,68,272.0,10,10,0,0,100.000000,0,0.000190,0.539353,15.7845,0.630921,0.628775,0.00976012,1,0,10,0.0446335,4,0.99517,0.997197
B1_09,B1,69,276.0,9,9,0,0,100.000000,0,0.000572,0.637214,27.3495,0.66833,0.610207,0.00803711,1,0,9,0.0478731,4,0.994542,0.997858
B1_09,B1,70,280.0,9,9,0,0,100.000000,0,0.007007,0.932095,4.3953,0.730431,0.608214,0.0110908,1,0.823529,9,0.127154,3,0.993598,0.997692
B1_09,B1,71,284.0,10,10,0,0,100.000000,0,0.004284,0.54545,25.4308,0.669213,0.582139,0.0109479,1,0.166667,10,0.073456,4,0.99292,0.997821
B1_09,B1,72,288.0,9,9,0,0,100.000000,0,0.003168,0.583609,22.1907,0.637367,0.603849,0.0149743,1,0,9,0.0485804,4,0.993812,0.997383
B1_09,B1,73,292.0,9,9,0,0,100.000000,0,0.003831,0.477442,13.0368,0.605848,0.58897,0.014052,1,0.153846,9,0.0672181,4,0.994794,0.997252
B1_09,B1,74,296.0,10,10,0,0,100.000000,0,0.000709,0.459416,13.0578,0.595177,0.607042,0.00915141,1,0.142857,10,0.0788148,4,0.994554,0.997526
B1_09,B1,75,300.0,10,10,0,0,100.000000,0,0.000669,0.456613,12.3854,0.601601,0.597348,0.00956607,1,0.285714,10,0.0751001,4,0.991814,0.997669
B1_09,B1,76,304.0,9,9,0,0,100.000000,0,0.002789,0.564322,19.6571,0.626165,0.616211,0.0106479,1,0,9,0.077913,4,0.995731,0.99683
B1_09,B1,77,308.0,10,10,0,0,100.000000,0,0.003817,0.580807,21.2051,0.651332,0.594413,0.0154403,1,0,10,0.0435247,4,0.99364,0.997969
B1_09,B1,78,312.0,9,9,0,0,100.000000,0,0.007305,0.67654,29.3769,0.714623,0.602419,0.015805,1,0,9,0.0565065,4,0.995508,0.99672
B1_09,B1,79,316.0,10,10,0,0,100.000000,0,0.000776,0.581381,19.8207,0.604955,0.591558,0.00874466,1,0.166667,10,0.0714774,4,0.994387,0.996951
B1_09,B1,80,320.0,9,9,0,0,100.000000,0,0.006306,0.590648,19.8358,0.659299,0.600744,0.0113377,1,0.181818,9,0.103006,4,0.993795,0.997482
B1_09,B1,81,324.0,10,10,0,0,100.000000,0,0.000471,0.641081,35.7375,0.722174,0.630873,0.00892248,1,0.181818,10,0.057094,4,0.993314,0.99716
B1_09,B1,82,328.0,9,9,0,0,100.000000,0,0.003729,0.667042,28.9386,0.642804,0.608632,0.0139535,1,0,9,0.0631164,4,0.992917,0.995532
B1_09,B1,83,332.0,10,10,0,0,100.000000,0,0.000437,0.612343,41.6996,0.641853,0.650607,0.00964997,1,0.181818,10,0.0817173,4,0.994446,0.996958
B1_09,B1,84,336.0,9,9,0,0,100.000000,0,0.004442,0.538113,21.94,0.598644,0.593667,0.0132227,1,0,9,0.0718427,4,0.9941,0.996998
B1_09,B1,85,340.0,10,10,0,0,100.000000,0,0.006086,0.589002,44.9136,0.730705,0.612743,0.0125474,1,0.181818,10,0.139648,4,0.994224,0.997643
B1_09,B1,86,344.0,9,9,0,0,100.000000,0,0.000237,0.431078,10.234,0.585009,0.618228,0.00742568,1,0.285714,9,0.0419093,4,0.991668,0.998338
B1_09,B1,87,348.0,10,10,0,0,100.000000,0,0.000394,0.421997,17.8553,0.59701,0.642864,0.0102009,1,0.153846,10,0.094585,4,0.993855,0.997674
B1_09,B1,88,352.0,10,10,0,0,100.000000,0,0.000222,0.617831,43.9851,0.647171,0.622515,0.00930404,1,0.181818,10,0.0548204,4,0.990915,0.997753
B1_09,B1,89,356.0,10,10,0,0,100.000000,0,0.002374,1.11234,2.26185,0.746624,0.655665,0.0160097,1,0.9,10,0.15301,3,0.993413,0.99623
B1_09,B1,90,360.0,9,9,0,0,100.000000,0,0.005710,1.06147,2.21546,0.736745,0.63941,0.026092,1,0.888889,9,0.16188,3,0.979607,0.997526
B1_09,B1,91,364.0,10,10,0,0,100.000000,0,0.001811,0.632667,35.9268,0.668163,0.624787,0.013589,1,0,10,0.099076,4,0.989851,0.996313
B1_09,B1,92,368.0,10,10,0,0,100.000000,0,0.001273,0.503987,26.4563,0.623578,0.636505,0.0123806,1,0.166667,10,0.0706774,4,0.991452,0.996433
B1_09,B1,93,372.0,9,9,0,0,100.000000,0,0.001401,0.663503,38.3973,0.618858,0.650166,0.0137927,1,0,9,0.0475053,4,0.993506,0.997143
B1_09,B1,94,376.0,9,9,0,0,100.000000,0,0.002138,1.04284,3.67907,0.748849,0.667973,0.01187,1,0.888889,9,0.0583799,3,0.994029,0.996334
B1_09,B1,95,380.0,10,10,0,0,100.000000,0,0.004000,0.635645,33.82,0.720303,0.631202,0.0118783,1,0.181818,10,0.188455,4,0.991977,0.997556
B1_09,B1,96,384.0,10,10,0,0,100.000000,0,0.000305,1.07335,2.85484,0.740875,0.623612,0.00941173,1,1,10,0.111997,3,0.995643,0.996706
B1_09,B1,97,388.0,10,10,0,0,100.000000,0,0.008182,0.700371,32.7897,0.645711,0.615895,0.0153565,1,0.181818,10,0.0854249,4,0.99457,0.996875
B1_09,B1,98,392.0,9,9,0,0,100.000000,0,0.002088,0.625448,37.1047,0.749206,0.628508,0.0234115,1,0,9,0.12915,4,0.994426,0.997331
B1_09,B1,99,396.0,9,9,0,0,100.000000,0,0.001984,0.631819,40.3586,0.629032,0.634611,0.011242,1,0,9,0.0573529,4,0.987311,0.997335
B1_09,B1,100,400.0,10,10,0,0,100.000000,0,0.000508,1.06359,2.44428,0.748816,0.660489,0.00866199,1,0.9,10,0.102519,3,0.994324,0.997693
B1_09,B1,101,404.0,9,9,0,0,100.000000,0,0.000383,1.03123,3.09237,0.722325,0.636075,0.00459429,1,0.555556,9,0.0701184,3,0.993067,0.995888
B1_09,B1,102,408.0,10,10,0,0,100.000000,0,0.002499,0.999,2.51206,0.732506,0.638522,0.0213541,1,0.842105,10,0.0725974,3,0.987136,0.996647
B1_09,B1,103,412.0,9,9,0,0,100.000000,0,0.000438,0.625926,41.2596,0.636437,0.662952,0.00773106,1,0,9,0.0829865,4,0.994336,0.997554
B1_09,B1,104,416.0,9,9,0,0,100.000000,0,0.001494,1.07825,2.46854,0.734144,0.608664,0.0092434,1,0.823529,9,0.0391891,3,0.995438,0.996973
B1_09,B1,105,420.0,10,10,0,0,100.000000,0,0.000593,1.00383,3.26035,0.741315,0.659124,0.00994427,1,0.842105,10,0.116205,3,0.985848,0.99753
B1_09,B1,106,424.0,10,10,0,0,100.000000,0,0.007623,0.631967,38.565,0.621064,0.661738,0.0269028,1,0,9,0.0878946,4,0.980993,0.996726
B1_09,B1,107,428.0,9,9,0,0,100.000000,0,0.001763,0.582672,44.0064,0.618897,0.652115,0.0130326,1,0.181818,10,0.161662,4,0.995366,0.997689
B1_09,B1,108,432.0,9,9,0,0,100.000000,0,0.000390,1.01909,3.87646,0.72919,0.643215,0.00660847,1,1,9,0.116677,3,0.995873,0.996928
B1_09,B1,109,436.0,10,10,0,0,100.000000,0,0.000383,0.597535,42.989,0.632336,0.648356,0.00735803,1,0,10,0.119893,4,0.994406,0.997505
B1_09,B1,110,440.0,9,9,0,0,100.000000,0,0.002193,0.4894,18.1915,0.601977,0.638402,0.0181587,1,0,9,0.105368,4,0.98504,0.997981
B1_09,B1,111,444.0,9,9,0,0,100.000000,0,0.016845,0.496497,25.5665,0.590189,0.616656,0.0450988,1,0.181818,9,0.0601583,4,0.991742,0.996951
B1_09,B1,112,448.0,9,9,0,0,100.000000,0,0.001467,0.569177,41.1961,0.614262,0.635726,0.0212205,1,0.2,9,0.0665022,4,0.994153,0.99768
B1_09,B1,113,452.0,9,9,0,0,100.000000,0,0.001354,0.537878,42.1218,0.600295,0.621128,0.0148887,1,0,10,0.174067,4,0.993052,0.997057
B1_09,B1,114,456.0,10,10,0,0,100.000000,0,0.002171,0.903719,3.25766,0.736259,0.624026,0.0115542,1,0.842105,9,0.12873,3,0.995816,0.997079
B1_09,B1,115,460.0,9,9,0,0,100.000000,0,0.004833,0.917219,3.27103,0.739397,0.616304,0.0125874,1,0.777778,9,0.0836343,3,0.995768,0.997622
B1_09,B1,116,464.0,10,10,0,0,100.000000,0,0.000292,0.450376,29.2111,0.60999,0.648253,0.00535049,1,0.166667,10,0.0590417,4,0.994775,0.997397
B1_09,B1,117,468.0,9,9,0,0,100.000000,0,0.000862,0.55445,54.4502,0.62294,0.641118,0.0120676,1,0.2,9,0.0824882,4,0.992829,0.996558
B1_09,B1,118,472.0,10,10,0,0,100.000000,0,0.003679,0.982958,4.41996,0.752663,0.61475,0.0138119,1,0.842105,10,0.143831,3,0.995141,0.996649
B1_09,B1,119,476.0,9,9,0,0,100.000000,0,0.000478,1.09219,4.24057,0.755885,0.638371,0.00952381,1,0.888889,9,0.162978,3,0.995253,0.997039
B1_09,B1,120,480.0,10,10,0,0,100.000000,0,0.002374,0.907367,3.3375,0.747728,0.642282,0.0110517,1,0.9,10,0.113064,3,0.995297,0.997455
B1_09,B1,121,484.0,10,10,0,0,100.000000,0,0.000831,0.503342,55.3994,0.626892,0.635478,0.0135305,1,0.181818,10,0.0902435,4,0.993182,0.998034
B1_09,B1,122,488.0,9,9,0,0,100.000000,0,0.000730,0.883713,3.81206,0.732076,0.665081,0.00751504,1,0.631579,9,0.160001,3,0.996008,0.997806
B1_09,B1,123,492.0,10,10,0,0,100.000000,0,0.001815,0.41561,30.895,0.641294,0.661866,0.0127364,1,0.166667,10,0.0766024,4,0.993391,0.99719
B1_09,B1,124,496.0,10,10,0,0,100.000000,0,0.000909,0.790884,13.2399,0.726911,0.654531,0.00963822,1,0.8,10,0.0695419,4,0.995577,0.997219
B1_09,B1,125,500.0,9,9,0,0,100.000000,0,0.000443,0.432577,35.5581,0.639595,0.661383,0.00840801,1,0.2,9,0.0901471,4,0.994717,0.997278
B1_09,B1,126,504.0,10,10,0,0,100.000000,0,0.001425,0.860935,3.76841,0.730806,0.624628,0.00400606,1,0.8,10,0.181825,3,0.995692,0.997599
B1_09,B1,127,508.0,10,10,0,0,100.000000,0,0.000418,0.876575,4.1503,0.729901,0.653656,0.00709438,1,0.631579,10,0.0613692,3,0.99551,0.997775
B1_09,B1,128,512.0,9,9,0,0,100.000000,0,0.000455,0.885157,4.27206,0.722079,0.648354,0.010453,1,0.777778,9,0.111959,3,0.995532,0.997225
B1_09,B1,129,516.0,10,10,0,0,100.000000,0,0.001814,0.56253,42.9733,0.625514,0.663566,0.0126984,1,0.181818,10,0.0796109,4,0.994949,0.997695
B1_09,B1,130,520.0,9,9,0,0,100.000000,0,0.001785,0.448392,27.3555,0.601184,0.661169,0.0111272,1,0.181818,9,0.0880284,4,0.995918,0.997488
B1_09,B1,131,524.0,9,9,0,0,100.000000,0,0.000521,0.896174,2.90844,0.73494,0.659607,0.00943396,1,0.666667,9,0.0883004,3,0.996486,0.998125
B1_09,B1,132,528.0,10,10,0,0,100.000000,0,0.000422,0.432296,30.7609,0.629262,0.652939,0.00787617,1,0.333333,10,0.106136,4,0.992551,0.998369
B1_09,B1,133,532.0,10,10,0,0,100.000000,0,0.000548,0.923499,3.82257,0.745633,0.641803,0.00608919,1,0.736842,10,0.175273,3,0.996253,0.997547
B1_09,B1,134,536.0,10,10,0,0,100.000000,0,0.000383,0.605637,40.6858,0.623157,0.640632,0.00647249,1,0.181818,10,0.12905,4,0.994217,0.996962
B1_09,B1,135,540.0,9,9,0,0,100.000000,0,0.000557,0.999724,4.38393,0.743109,0.632543,0.00883933,1,0.777778,9,0.160113,3,0.995876,0.997502
B1_09,B1,136,544.0,10,10,0,0,100.000000,0,0.000778,0.934267,5.14245,0.737399,0.651402,0.00701189,1,0.777778,10,0.116677,3,0.995176,0.997539
B1_09,B1,137,548.0,9,9,0,0,100.000000,0,0.000308,0.566434,44.7069,0.641814,0.626292,0.00666798,1,0,9,0.142701,4,0.995583,0.99767
B1_09,B1,138,552.0,10,10,0,0,100.000000,0,0.000245,0.58825,40.0034,0.627183,0.638405,0.0103025,1,0,10,0.0553723,4,0.994109,0.997057
B1_09,B1,139,556.0,10,10,0,0,100.000000,0,0.001098,0.571062,43.6417,0.63669,0.624747,0.0105057,1,0.181818,10,0.0735401,4,0.995273,0.997515
B1_09,B1,140,560.0,9,9,0,0,100.000000,0,0.000720,0.605097,45.0241,0.756452,0.63391,0.0101398,1,0.2,9,0.099899,4,0.994734,0.997026
B1_09,B1,141,564.0,10,10,0,0,100.000000,0,0.001480,0.438247,30.9738,0.616489,0.626959,0.0133296,1,0.166667,10,0.0815383,4,0.993128,0.997243
B1_09,B1,142,568.0,9,9,0,0,100.000000,0,0.000216,0.513158,54.2618,0.627894,0.625696,0.0101606,1,0.2,9,0.0756586,4,0.994056,0.996856
B1_09,B1,143,572.0,9,9,0,0,100.000000,0,0.000495,1.03523,4.96909,0.748396,0.629935,0.00976379,1,1,9,0.147462,3,0.995503,0.997304
B1_09,B1,144,576.0,10,10,0,0,100.000000,0,0.000468,0.897367,4.31272,0.731673,0.645853,0.00897913,1,0.842105,10,0.117287,3,0.995425,0.997295
B1_09,B1,145,580.0,10,10,0,0,100.000000,0,0.001560,0.555967,40.4796,0.649853,0.624383,0.0136859,1,0.181818,10,0.0899873,4,0.995397,0.997291
B1_09,B1,146,584.0,9,9,0,0,100.000000,0,0.003224,0.907868,3.46797,0.72861,0.631106,0.0126253,1,0.588235,9,0.0862974,3,0.995451,0.997624
B1_09,B1,147,588.0,9,9,0,0,100.000000,0,0.001419,0.615927,38.7894,0.651266,0.626222,0.0164171,1,0.2,9,0.158929,4,0.991075,0.996858
B1_09,B1,148,592.0,9,9,0,0,100.000000,0,0.000700,0.594184,37.3285,0.738864,0.64308,0.00780382,1,0.2,9,0.0999376,4,0.995417,0.997635
B1_09,B1,149,596.0,10,10,0,0,100.000000,0,0.001053,0.919613,2.96526,0.734839,0.603151,0.00636943,1,0.8,10,0.11255,3,0.995668,0.99768
B1_09,B1,150,600.0,9,9,0,0,100.000000,0,0.005609,0.569115,39.2538,0.706464,0.610917,0.0123058,1,0.2,9,0.145534,4,0.990283,0.997341
B1_09,B1,151,604.0,10,10,0,0,100.000000,0,0.001585,0.533786,47.1884,0.623844,0.633868,0.0155583,1,0.181818,10,0.0731117,4,0.995862,0.997528
B1_09,B1,152,608.0,10,10,0,0,100.000000,0,0.000504,0.97321,2.68282,0.738262,0.640176,0.00909174,1,0.8,10,0.140209,3,0.995186,0.997662
B1_09,B1,153,612.0,10,10,0,0,100.000000,0,0.000340,0.498299,49.1311,0.645074,0.649667,0.00572924,1,0.181818,10,0.136434,4,0.993635,0.997366
B1_09,B1,154,616.0,10,10,0,0,100.000000,0,0.000887,0.867897,5.10451,0.720874,0.655113,0.00577465,1,1,10,0.187996,3,0.995671,0.997274
B1_09,B1,155,620.0,10,10,0,0,100.000000,0,0.000690,0.947401,6.61198,0.731819,0.631698,0.0048432,1,1,10,0.249903,3,0.996409,0.997653
B1_09,B1,156,624.0,10,10,0,0,100.000000,0,0.001908,0.452141,28.6478,0.615504,0.650005,0.0107928,1,0.333333,10,0.0985896,4,0.991114,0.997235
B1_09,B1,157,628.0,11,11,0,0,100.000000,0,0.000084,0.596007,37.5753,0.628487,0.629066,0.005546,1,0,11,0.0729768,4,0.996451,0.997571
B1_09,B1,158,632.0,10,10,0,0,100.000000,0,0.000364,0.423601,29.5789,0.614859,0.657695,0.00429582,1,0.333333,10,0.12598,4,0.993175,0.997898
B1_09,B1,159,636.0,10,10,0,0,100.000000,0,0.001886,0.880128,5.68873,0.722768,0.582146,0.00760694,1,0.9,10,0.154598,3,0.994452,0.997627
B1_09,B1,160,640.0,10,10,0,0,100.000000,0,0.003456,0.972436,5.31972,0.741848,0.618013,0.012987,1,1,10,0.173498,3,0.995786,0.99702
B1_09,B1,161,644.0,10,10,0,0,100.000000,0,0.002826,0.420301,28.147,0.714331,0.616909,0.0105877,1,0.166667,10,0.109293,4,0.994916,0.997397
B1_09,B1,162,648.0,10,10,0,0,100.000000,0,0.001402,0.926343,4.12634,0.733952,0.611123,0.00776187,1,0.736842,10,0.167179,3,0.996014,0.997403
B1_09,B1,163,652.0,9,9,0,0,100.000000,0,0.002912,0.526904,43.1008,0.634835,0.614652,0.0119008,1,0.2,9,0.167823,4,0.995035,0.997221
B1_09,B1,164,656.0,10,10,0,0,100.000000,0,0.001231,0.536105,42.6767,0.635753,0.61954,0.0110517,1,0,10,0.0529112,4,0.996417,0.997943
B1_09,B1,165,660.0,9,9,0,0,100.000000,0,0.002200,0.556831,41.2509,0.639178,0.637677,0.0132115,1,0.2,9,0.0758317,4,0.99567,0.997141
B1_09,B1,166,664.0,10,10,0,0,100.000000,0,0.001817,0.867193,3.86331,0.7304,0.623315,0.0131053,1,0.736842,10,0.112715,3,0.996399,0.997621
B1_09,B1,167,668.0,10,10,0,0,100.000000,0,0.000800,0.915808,6.89119,0.731011,0.617415,0.00664452,1,0.947368,10,0.210028,3,0.9951,0.997012
B1_09,B1,168,672.0,10,10,0,0,100.000000,0,0.000831,0.501791,53.5278,0.640983,0.635157,0.0130454,1,0.181818,10,0.0992376,4,0.991549,0.996892
B1_09,B1,169,676.0,10,10,0,0,100.000000,0,0.000830,0.577741,35.7704,0.624402,0.601472,0.0062095,1,0.181818,10,0.130829,4,0.995579,0.997556
B1_09,B1,170,680.0,10,10,0,0,100.000000,0,0.000560,0.85207,5.20681,0.738642,0.625187,0.0081964,1,0.9,10,0.151119,3,0.995874,0.997413
B1_09,B1,171,684.0,9,9,0,0,100.000000,0,0.003264,1.00504,4.82527,0.737676,0.599211,0.00806965,1,0.888889,9,0.232945,3,0.99502,0.997246
B1_09,B1,172,688.0,10,10,0,0,100.000000,0,0.000364,0.40966,29.2267,0.628681,0.639036,0.00905182,1,0.166667,10,0.128708,4,0.994775,0.997159
B1_09,B1,173,692.0,10,10,0,0,100.000000,0,0.000282,0.372925,31.2059,0.636298,0.625021,0.00463677,1,0.166667,10,0.120568,4,0.994391,0.997673
B1_09,B1,174,696.0,10,10,0,0,100.000000,0,0.000356,0.874164,4.47675,0.748985,0.642768,0.0072179,1,1,10,0.220464,3,0.996163,0.997528
B1_09,B1,175,700.0,10,10,0,0,100.000000,0,0.001874,0.387782,26.9705,0.597504,0.633041,0.0117452,1,0,10,0.109572,4,0.994972,0.997384
B1_09,B1,176,704.0,10,10,0,0,100.000000,0,0.000416,0.370872,32.4468,0.613356,0.65733,0.00412531,1,0.333333,10,0.177689,4,0.992732,0.99746
B1_09,B1,177,708.0,10,10,0,0,100.000000,0,0.000743,0.885528,5.57343,0.745823,0.632643,0.00681904,1,0.842105,10,0.165815,3,0.991157,0.9974
B1_09,B1,178,712.0,9,9,0,0,100.000000,0,0.004665,0.59554,38.3007,0.613641,0.611795,0.0121865,1,0.2,9,0.0782937,4,0.994697,0.997039
B1_09,B1,179,716.0,10,10,0,0,100.000000,0,0.000714,0.569879,41.2335,0.622284,0.612347,0.008278,1,0.181818,10,0.118435,4,0.994747,0.997759
B1_09,B1,180,720.0,10,10,0,0,100.000000,0,0.000609,0.566206,38.9183,0.742082,0.631782,0.00914214,1,0,10,0.14122,4,0.99535,0.996848
B1_09,B1,181,724.0,10,10,0,0,100.000000,0,0.001763,0.535013,46.5815,0.60738,0.64866,0.0113754,1,0.181818,10,0.157153,4,0.994594,0.996697
B1_09,B1,182,728.0,10,10,0,0,100.000000,0,0.001579,0.83888,5.18407,0.703184,0.613938,0.00657895,1,0.777778,10,0.0555095,3,0.994282,0.99791
B1_09,B1,183,732.0,10,10,0,0,100.000000,0,0.002858,0.898868,3.70945,0.733766,0.605354,0.00950533,1,0.8,10,0.177676,3,0.99493,0.996713
B1_09,B1,184,736.0,10,10,0,0,100.000000,0,0.000307,0.506343,45.8285,0.619523,0.647801,0.00723364,1,0.181818,10,0.0754364,4,0.992339,0.997262
B1_09,B1,185,740.0,10,10,0,0,100.000000,0,0.000359,0.912426,4.20934,0.743646,0.621079,0.00460656,1,0.666667,10,0.151272,3,0.995263,0.996826
B1_09,B1,186,744.0,9,9,0,0,100.000000,0,0.001143,0.950258,4.69303,0.739844,0.60818,0.00764382,1,1,9,0.16851,3,0.996019,0.997082
B1_09,B1,187,748.0,10,10,0,0,100.000000,0,0.000661,0.939851,4.20155,0.738245,0.616296,0.0072179,1,0.8,10,0.167683,3,0.995215,0.997218
B1_09,B1,188,752.0,10,10,0,0,100.000000,0,0.000687,0.939992,5.25754,0.754209,0.613859,0.00623688,1,1,10,0.136299,3,0.996105,0.997524
B1_09,B1,189,756.0,10,10,0,0,100.000000,0,0.001690,0.943729,4.5894,0.734386,0.638269,0.00816497,1,0.9,10,0.183355,3,0.981156,0.997387
B1_09,B1,190,760.0,10,10,0,0,100.000000,0,0.002800,0.912603,4.64781,0.736539,0.620825,0.012987,1,0.8,10,0.135005,3,0.996305,0.997639
B1_09,B1,191,764.0,9,9,0,0,100.000000,0,0.000906,0.567479,45.2298,0.634275,0.603143,0.0046383,1,0.2,9,0.0846963,4,0.995535,0.996957
B1_09,B1,192,768.0,10,10,0,0,100.000000,0,0.000502,0.829796,5.89842,0.736632,0.630537,0.0100709,1,1,10,0.156508,3,0.99613,0.997604
B1_09,B1,193,772.0,10,10,0,0,100.000000,0,0.000238,0.561994,41.5652,0.633892,0.626877,0.0103025,1,0.181818,10,0.0615218,4,0.99434,0.998011
B1_09,B1,194,776.0,9,9,0,0,100.000000,0,0.007539,1.03537,3.62861,0.739549,0.601786,0.0109611,1,0.705882,9,0.154005,3,0.994193,0.997636
B1_09,B1,195,780.0,10,10,0,0,100.000000,0,0.000353,0.671054,33.5619,0.640659,0.62024,0.00975384,1,0,10,0.068291,4,0.993129,0.996094
B1_09,B1,196,784.0,10,10,0,0,100.000000,0,0.000492,0.681109,37.3422,0.632788,0.653547,0.00792715,1,0,10,0.102392,4,0.990381,0.996709
B1_09,B1,197,788.0,10,10,0,0,100.000000,0,0.000976,0.691075,31.269,0.647079,0.632165,0.00811639,1,0.181818,10,0.0624905,4,0.98744,0.99773
B1_09,B1,198,792.0,9,9,0,0,100.000000,0,0.002103,0.579405,26.4906,0.621027,0.632024,0.0165512,1,0,9,0.0820501,4,0.994251,0.996804
B1_09,B1,199,796.0,9,9,0,0,100.000000,0,0.001731,1.07144,2.65666,0.758525,0.631384,0.0163084,1,0.823529,9,0.0673585,3,0.991097,0.997534
B1_09,B1,200,800.0,10,10,0,0,100.000000,0,0.000562,1.08369,3.8252,0.753103,0.610727,0.00947486,1,1,10,0.146032,3,0.994675,0.996628
B1_09,B1,201,804.0,10,10,0,0,100.000000,0,0.000179,0.567002,50.9747,0.637955,0.643667,0.00661418,1,0.181818,10,0.0719617,4,0.994078,0.996928
B1_09,B1,202,808.0,9,9,0,0,100.000000,0,0.002773,0.987683,2.21994,0.758524,0.647838,0.0109611,1,0.777778,9,0.118341,3,0.995387,0.996892
B1_09,B1,203,812.0,10,10,0,0,100.000000,0,0.000547,0.939927,3.08562,0.745831,0.6424,0.00803111,1,0.555556,10,0.0951737,3,0.992464,0.996754
B1_09,B1,204,816.0,10,10,0,0,100.000000,0,0.000565,0.972567,3.15257,0.740231,0.633777,0.0062095,1,0.705882,10,0.144696,3,0.990421,0.996707
B1_09,B1,205,820.0,10,10,0,0,100.000000,0,0.009709,0.703296,36.1951,0.704303,0.619151,0.014807,1,0.181818,10,0.0925262,4,0.990105,0.996609
B1_09,B1,206,824.0,10,10,0,0,100.000000,0,0.003163,1.00722,2.86862,0.733738,0.64832,0.012987,1,0.7,10,0.0946409,3,0.991091,0.995579
B1_09,B1,207,828.0,10,10,0,0,100.000000,0,0.001173,0.730088,27.5097,0.658909,0.647984,0.00560332,1,0.181818,10,0.104882,4,0.994132,0.99683
B1_09,B1,208,832.0,9,9,0,0,100.000000,0,0.003000,1.04803,2.54948,0.743792,0.634682,0.0114166,1,0.705882,9,0.128874,3,0.992885,0.997492
B1_09,B1,209,836.0,10,10,0,0,100.000000,0,0.002577,0.964507,2.90204,0.733888,0.654302,0.0146148,1,0.9,10,0.11922,3,0.995017,0.997663
B1_09,B1,210,840.0,10,10,0,0,100.000000,0,0.003902,0.927406,2.23878,0.726672,0.661739,0.0129881,1,0.25,10,0.0575466,3,0.991498,0.997065
B1_09,B1,211,844.0,10,10,0,0,100.000000,0,0.004112,0.665418,22.2062,0.665349,0.678354,0.0318604,1,0,10,0.0536557,4,0.972788,0.995832
B1_09,B1,212,848.0,10,10,0,0,100.000000,0,0.000859,1.02855,2.63948,0.756979,0.607011,0.00850325,1,0.8,10,0.108077,3,0.994987,0.997553
B1_09,B1,213,852.0,10,6,3,4,63.157895,1,0.800198,0.661072,10.4965,0.656747,0.611547,0.0807005,1,0.363636,9,0.105248,4,0.958609,0.99474
B1_09,B1,214,856.0,9,0,7,9,0.000000,1,0.996916,0.887403,1.95848,0.749641,0.732146,0.327147,0.833333,0,7,0.0452224,3,0.890799,0.983162
B1_09,B1,215,860.0,10,7,2,3,73.684211,1,0.987118,0.757637,4.90689,0.74286,0.659947,0.262082,0.875,0.533333,9,0.0445789,3,0.93913,0.996107
B1_09,B1,216,864.0,10,10,0,0,100.000000,0,0.001771,0.469298,14.7469,0.611316,0.597874,0.00965831,1,0,9,0.123504,4,0.985095,0.997375
B1_09,B1,217,868.0,10,4,5,6,42.105263,1,0.872598,0.660577,3.94565,0.758533,0.757692,0.120726,1,0,10,0.0471278,3,0.926325,0.995944
B1_09,B1,218,872.0,10,10,0,0,100.000000,0,0.000951,0.439671,16.494,0.610797,0.599434,0.00743638,1,0,10,0.0827665,4,0.99595,0.99693
B1_09,B1,219,876.0,10,10,0,0,100.000000,0,0.003197,0.40288,19.6712,0.611437,0.611103,0.011589,1,0.307692,10,0.0677597,4,0.992428,0.997767
B1_09,B1,220,880.0,10,10,0,0,100.000000,0,0.003235,0.859392,4.60842,0.736321,0.604598,0.0081964,1,0.8,10,0.181976,3,0.996431,0.997446
B1_09,B1,221,884.0,9,9,0,0,100.000000,0,0.000914,0.471797,22.0567,0.60492,0.604234,0.0083674,1,0,9,0.0797011,4,0.995458,0.99708
B1_09,B1,222,888.0,9,4,5,5,44.444444,1,0.977067,0.53452,3.16951,0.717434,0.718898,0.201361,1,0.285714,9,0.0607842,3,0.938057,0.99663
B1_09,B1,223,892.0,10,10,0,0,100.000000,0,0.003212,0.493321,16.5736,0.613509,0.578944,0.0198268,1,0,10,0.0557962,4,0.995156,0.998065
B1_09,B1,224,896.0,10,10,0,0,100.000000,0,0.000499,0.423953,16.7298,0.611452,0.612764,0.00865276,1,0,10,0.0665417,4,0.994884,0.996304
B1_09,B1,225,900.0,9,9,0,0,100.000000,0,0.001812,0.951794,3.87544,0.740183,0.598691,0.00844903,1,0.888889,9,0.106057,3,0.996023,0.997089
B1_09,B1,226,904.0,10,10,0,0,100.000000,0,0.001572,0.642636,16.1106,0.687417,0.61292,0.00915141,1,0.333333,10,0.0812383,4,0.988215,0.997227
B1_09,B1,227,908.0,9,9,0,0,100.000000,0,0.001608,0.680218,28.4318,0.727396,0.591262,0.00784072,1,0,9,0.120203,4,0.995866,0.99709
B1_09,B1,228,912.0,10,10,0,0,100.000000,0,0.000435,0.932613,5.55199,0.729992,0.625,0.00947486,1,1,10,0.12462,3,0.995523,0.996577
B1_09,B1,229,916.0,9,9,0,0,100.000000,0,0.000507,0.49109,23.8646,0.696256,0.625638,0.00780382,1,0,9,0.167463,4,0.996072,0.998107
B1_09,B1,230,920.0,10,10,0,0,100.000000,0,0.001968,0.958943,4.55247,0.764352,0.620443,0.0104868,1,1,10,0.121769,3,0.996452,0.997978
B1_09,B1,231,924.0,10,10,0,0,100.000000,0,0.000299,0.974163,3.97468,0.748327,0.629984,0.00549463,1,1,10,0.152341,3,0.995526,0.998055
B1_09,B1,232,928.0,9,9,0,0,100.000000,0,0.001877,0.398768,19.0108,0.616052,0.648741,0.0116449,1,0.166667,9,0.0906462,4,0.99513,0.997555
B1_09,B1,233,932.0,10,10,0,0,100.000000,0,0.002727,0.751266,33.663,0.7573,0.605045,0.00400606,1,0.181818,10,0.148071,4,0.994993,0.997159
B1_09,B1,234,936.0,9,9,0,0,100.000000,0,0.000390,0.627502,32.0905,0.6373,0.617803,0.0101154,1,0,9,0.0690935,4,0.995735,0.997468
B1_09,B1,235,940.0,10,10,0,0,100.000000,0,0.000600,0.645198,33.3294,0.755655,0.634499,0.00480358,1,0,10,0.124392,4,0.994635,0.997967
B1_09,B1,236,944.0,10,10,0,0,100.000000,0,0.000908,0.534854,28.1197,0.628994,0.6443,0.00787617,1,0.166667,10,0.0867974,4,0.982807,0.997114
B1_09,B1,237,948.0,9,9,0,0,100.000000,0,0.000401,1.01611,4.58521,0.764585,0.631765,0.00928773,1,1,9,0.131848,3,0.995416,0.997392
B1_09,B1,238,952.0,10,10,0,0,100.000000,0,0.000633,0.66854,33.9155,0.751361,0.653581,0.0103877,1,0,10,0.0990893,4,0.995969,0.997139
B1_09,B1,239,956.0,9,9,0,0,100.000000,0,0.003511,1.00814,5.32345,0.760607,0.64894,0.0132115,1,1,9,0.17448,3,0.996861,0.998211
B1_09,B1,240,960.0,10,10,0,0,100.000000,0,0.000492,0.640428,36.9877,0.638543,0.654826,0.00749848,1,0.181818,10,0.0892502,4,0.995062,0.997159
B1_09,B1,241,964.0,9,9,0,0,100.000000,0,0.000420,1.01229,4.13936,0.733553,0.619282,0.00411413,1,1,9,0.138712,3,0.995362,0.998001
B1_09,B1,242,968.0,10,10,0,0,100.000000,0,0.000361,0.689188,35.9443,0.65181,0.64904,0.010039,1,0,10,0.0578832,4,0.995279,0.99731
B1_09,B1,243,972.0,9,9,0,0,100.000000,0,0.000818,0.993451,3.29984,0.743225,0.629312,0.00915599,1,0.888889,9,0.216138,3,0.995734,0.997789
B1_09,B1,244,976.0,10,10,0,0,100.000000,0,0.001057,0.693683,24.5337,0.741227,0.625244,0.00636943,1,0.181818,10,0.137785,4,0.99553,0.997388
B1_09,B1,245,980.0,9,9,0,0,100.000000,0,0.004552,0.672417,34.9847,0.749867,0.631596,0.011609,1,0,9,0.0525676,4,0.99339,0.997437
B1_09,B1,246,984.0,10,10,0,0,100.000000,0,0.000578,0.424453,13.549,0.605679,0.615614,0.00447536,1,0,10,0.124871,4,0.996225,0.997977
B1_09,B1,247,988.0,9,9,0,0,100.000000,0,0.000430,0.485343,27.8829,0.61211,0.645038,0.0046383,1,0.181818,9,0.0990635,4,0.99507,0.997642
B1_09,B1,248,992.0,10,10,0,0,100.000000,0,0.000282,0.399861,31.1889,0.625972,0.621104,0.00785093,1,0.333333,10,0.115515,4,0.994447,0.997458
B1_09,B1,249,996.0,10,10,0,0,100.000000,0,0.000967,0.453926,23.3846,0.604261,0.597696,0.00912396,1,0.166667,10,0.108428,4,0.995262,0.997513
B1_09,B1,250,1000.0,9,9,0,0,100.000000,0,0.002086,0.500552,46.0479,0.629912,0.651676,0.0191259,1,0.2,9,0.0789174,4,0.994287,0.997497
B1_09,B1,251,1004.0,10,10,0,0,100.000000,0,0.000583,0.625365,34.3947,0.63485,0.615871,0.00450386,1,0.181818,10,0.129164,4,0.995154,0.997357
B1_09,B1,252,1008.0,9,9,0,0,100.000000,0,0.000914,0.431085,25.1311,0.625994,0.604933,0.00686511,1,0,9,0.0925294,4,0.99523,0.997604
B1_09,B1,253,1012.0,10,10,0,0,100.000000,0,0.001103,0.510821,22.8342,0.607654,0.578723,0.00649351,1,0.166667,10,0.0825691,4,0.990411,0.997571
B1_09,B1,254,1016.0,10,10,0,0,100.000000,0,0.000895,0.85879,5.49029,0.729511,0.612052,0.00457674,1,1,10,0.217664,3,0.996439,0.997143
B1_09,B1,255,1020.0,10,10,0,0,100.000000,0,0.000721,0.360845,19.3795,0.59923,0.610329,0.00645161,1,0.307692,10,0.137991,4,0.990195,0.997328
B1_09,B1,256,1024.0,9,9,0,0,100.000000,0,0.003441,0.937704,6.85397,0.742203,0.626744,0.0105034,1,0.947368,9,0.180941,3,0.996013,0.997052
B1_09,B1,257,1028.0,10,10,0,0,100.000000,0,0.001271,0.961295,5.97249,0.745347,0.60323,0.00655789,1,1,10,0.197641,3,0.996478,0.997253
B1_09,B1,258,1032.0,9,9,0,0,100.000000,0,0.000973,0.993263,4.51324,0.743085,0.573587,0.0063753,1,0.888889,9,0.164581,3,0.995403,0.997267
B1_09,B1,259,1036.0,10,10,0,0,100.000000,0,0.000724,0.920816,4.59736,0.735864,0.579103,0.00761148,1,0.947368,10,0.133607,3,0.996152,0.998068
B1_09,B1,260,1040.0,10,10,0,0,100.000000,0,0.001287,0.562936,28.2791,0.643967,0.599148,0.00834111,1,0,10,0.106545,4,0.995994,0.997872
B1_09,B1,261,1044.0,9,9,0,0,100.000000,0,0.000517,0.932735,6.79372,0.736888,0.625999,0.00937768,1,1,9,0.206698,3,0.99639,0.997269
B1_09,B1,262,1048.0,10,10,0,0,100.000000,0,0.000435,0.871421,6.05574,0.72835,0.624312,0.00761148,1,1,10,0.162883,3,0.996109,0.997854
B1_09,B1,263,1052.0,10,10,0,0,100.000000,0,0.000822,0.471642,22.5376,0.674841,0.609401,0.00882892,1,0.166667,10,0.0974354,4,0.994179,0.997659
B1_09,B1,264,1056.0,9,9,0,0,100.000000,0,0.001333,0.468861,22.9127,0.640931,0.594662,0.00631444,1,0,9,0.15022,4,0.996053,0.996752
B1_09,B1,265,1060.0,10,10,0,0,100.000000,0,0.000499,0.391076,29.5587,0.62133,0.617688,0.00781139,1,0.333333,10,0.101478,4,0.993727,0.99771
B1_09,B1,266,1064.0,9,9,0,0,100.000000,0,0.001073,0.626222,32.2579,0.640385,0.586405,0.0045511,1,0.2,9,0.116616,4,0.995829,0.997545
B1_09,B1,267,1068.0,9,9,0,0,100.000000,0,0.003382,0.51481,46.2462,0.741695,0.616617,0.0115,1,0.2,9,0.118116,4,0.993343,0.997337
B1_09,B1,268,1072.0,10,10,0,0,100.000000,0,0.000337,0.624884,30.6194,0.643879,0.620377,0.00858086,1,0,10,0.0725877,4,0.994493,0.996872
B1_09,B1,269,1076.0,9,9,0,0,100.000000,0,0.000592,0.891343,4.17261,0.725732,0.623551,0.00952381,1,0.888889,9,0.0893168,3,0.996055,0.997738
B1_09,B1,270,1080.0,10,10,0,0,100.000000,0,0.002008,0.632717,30.7229,0.635247,0.633959,0.0129098,1,0.181818,10,0.124063,4,0.99526,0.997143
B1_09,B1,271,1084.0,9,9,0,0,100.000000,0,0.000390,0.950271,4.3256,0.738066,0.660137,0.0103537,1,1,9,0.162711,3,0.996183,0.99731
B1_09,B1,272,1088.0,10,10,0,0,100.000000,0,0.001510,0.637984,31.8756,0.667883,0.645939,0.0129646,1,0.181818,10,0.0733249,4,0.994409,0.997484
B1_09,B1,273,1092.0,9,9,0,0,100.000000,0,0.000506,0.9045,5.00915,0.721534,0.64669,0.00881831,1,1,9,0.169852,3,0.996358,0.997397
B1_09,B1,274,1096.0,10,10,0,0,100.000000,0,0.004173,0.83814,3.94326,0.735871,0.640517,0.0144899,1,0.9,10,0.217394,3,0.996288,0.99724
B1_09,B1,275,1100.0,9,9,0,0,100.000000,0,0.000564,0.608784,34.274,0.656266,0.616775,0.00716992,1,0.2,9,0.16419,4,0.994915,0.997639
B1_09,B1,276,1104.0,9,9,0,0,100.000000,0,0.000844,0.557803,41.7864,0.634251,0.612805,0.00407541,1,0.2,9,0.0905248,4,0.994964,0.997258
B1_09,B1,277,1108.0,10,10,0,0,100.000000,0,0.000645,0.915559,5.58406,0.744691,0.616802,0.00895072,1,1,10,0.137479,3,0.996347,0.997497
B1_09,B1,278,1112.0,9,9,0,0,100.000000,0,0.004623,0.955324,4.95337,0.73509,0.617224,0.0112243,1,0.888889,9,0.070068,3,0.993243,0.996829
B1_09,B1,279,1116.0,10,10,0,0,100.000000,0,0.000281,0.917211,4.01729,0.745139,0.621941,0.00702675,1,0.9,10,0.110368,3,0.9965,0.99758
B1_09,B1,280,1120.0,9,9,0,0,100.000000,0,0.000340,0.515116,22.9951,0.634941,0.655531,0.00742568,1,0,9,0.0440155,4,0.996022,0.997727
B1_09,B1,281,1124.0,10,10,0,0,100.000000,0,0.000306,0.458777,29.0786,0.627663,0.647623,0.00539008,1,0.333333,10,0.207279,4,0.99474,0.997617
B1_09,B1,282,1128.0,9,9,0,0,100.000000,0,0.000809,0.63464,31.6185,0.656736,0.609924,0.0047619,1,0.2,9,0.0953706,4,0.996357,0.997268
B1_09,B1,283,1132.0,10,10,0,0,100.000000,0,0.000588,0.849545,6.165,0.746105,0.626448,0.00450386,1,0.842105,10,0.169563,3,0.996577,0.997591
B1_09,B1,284,1136.0,10,10,0,0,100.000000,0,0.000363,0.509565,25.0522,0.601025,0.615343,0.00632911,1,0.166667,10,0.0661879,4,0.995788,0.997878
B1_09,B1,285,1140.0,9,9,0,0,100.000000,0,0.000652,0.923574,5.91639,0.74064,0.644206,0.00666798,1,1,9,0.129052,3,0.996579,0.997858
B1_09,B1,286,1144.0,10,10,0,0,100.000000,0,0.003082,0.919072,5.46924,0.736589,0.659698,0.0119161,1,1,10,0.142313,3,0.995468,0.997456
B1_09,B1,287,1148.0,9,9,0,0,100.000000,0,0.000297,0.61044,33.1899,0.631769,0.624043,0.00658907,1,0,9,0.077453,4,0.996449,0.997276
B1_09,B1,288,1152.0,10,10,0,0,100.000000,0,0.000346,0.555682,45.5502,0.639171,0.662823,0.00395106,1,0.181818,10,0.11392,4,0.99588,0.998111
B1_09,B1,289,1156.0,9,9,0,0,100.000000,0,0.000602,0.950805,5.11605,0.722974,0.628553,0.00625473,1,0.875,9,0.121316,3,0.992746,0.997783
B1_09,B1,290,1160.0,10,10,0,0,100.000000,0,0.000435,0.870856,5.54027,0.735459,0.621866,0.00471247,1,0.947368,10,0.143831,3,0.995979,0.997213
B1_09,B1,291,1164.0,9,9,0,0,100.000000,0,0.000659,0.956776,6.43883,0.739398,0.641287,0.00413377,1,1,9,0.143629,3,0.996186,0.996973
B1_09,B1,292,1168.0,10,10,0,0,100.000000,0,0.000364,0.45414,27.0575,0.631761,0.641037,0.00396782,1,0.333333,10,0.142413,4,0.994383,0.997126
B1_09,B1,293,1172.0,9,9,0,0,100.000000,0,0.000495,0.966613,5.94959,0.74519,0.629304,0.00791557,1,1,9,0.12386,3,0.996144,0.997631
B1_09,B1,294,1176.0,10,10,0,0,100.000000,0,0.000435,0.905699,4.79575,0.739146,0.622304,0.00597345,1,1,10,0.156854,3,0.996161,0.997672
B1_09,B1,295,1180.0,9,9,0,0,100.000000,0,0.000467,0.912446,5.08654,0.737331,0.62483,0.00994823,1,1,9,0.151357,3,0.99635,0.997351
B1_09,B1,296,1184.0,10,10,0,0,100.000000,0,0.000846,0.880149,5.82456,0.735174,0.6185,0.00832348,1,1,10,0.178379,3,0.996157,0.997621
B1_09,B1,297,1188.0,9,9,0,0,100.000000,0,0.000849,0.864293,6.4911,0.728026,0.64131,0.00934579,1,0.888889,9,0.150183,3,0.995967,0.997027
B1_09,B1,298,1192.0,9,9,0,0,100.000000,0,0.000638,0.916291,5.13336,0.74507,0.631212,0.008056,1,0.888889,9,0.116894,3,0.995577,0.99684
B1_10,B1,0,0.0,8,8,1,0,94.117647,0,0.143025,0.938917,6.18465,0.740233,0.584677,0.0416549,1,0.941176,9,0.230666,3,0.973042,0.991909
B1_10,B1,1,4.0,9,9,0,0,100.000000,0,0.070683,0.91969,5.73142,0.744498,0.586,0.0181199,1,0.941176,9,0.195346,3,0.985309,0.994668
B1_10,B1,2,8.0,9,9,0,0,100.000000,0,0.120295,0.983492,3.96617,0.756572,0.56804,0.0511803,1,0.941176,9,0.186083,3,0.986146,0.996954
B1_10,B1,3,12.0,9,9,0,0,100.000000,0,0.026143,0.983902,4.76612,0.753584,0.610908,0.019529,1,1,9,0.10215,3,0.987001,0.994452
B1_10,B1,4,16.0,8,8,0,0,100.000000,0,0.777498,0.881238,3.6907,0.749303,0.570734,0.0772796,1,0.823529,8,0.0571202,3,0.955629,0.990865
B1_10,B1,5,20.0,9,9,0,0,100.000000,0,0.656039,0.478259,15.4239,0.695802,0.572475,0.0383112,1,0,9,0.0871237,3,0.971133,0.990366
B1_10,B1,6,24.0,9,9,0,0,100.000000,0,0.050602,0.901185,6.17553,0.753792,0.616079,0.0153279,1,0.888889,9,0.171495,3,0.985388,0.995827
B1_10,B1,7,28.0,8,7,1,1,87.500000,0,0.936883,0.941919,6.68669,0.752996,0.603272,0.136243,1,0.933333,8,0.0840168,3,0.968367,0.992129
B1_10,B1,8,32.0,7,6,2,1,80.000000,0,0.903986,0.945869,5.9719,0.739125,0.616417,0.0836512,1,0.75,8,0.0825561,3,0.962451,0.989584
B1_10,B1,9,36.0,8,8,0,0,100.000000,0,0.148874,0.925438,5.46371,0.754307,0.560278,0.0297625,1,0.823529,8,0.0992187,3,0.978849,0.989808
B1_10,B1,10,40.0,8,8,0,0,100.000000,0,0.076151,0.860495,4.42551,0.726504,0.56141,0.0393383,1,0.941176,8,0.219924,3,0.977437,0.996895
B1_10,B1,11,44.0,8,8,0,0,100.000000,0,0.031359,0.993252,4.73497,0.762487,0.582156,0.0245958,1,1,8,0.103933,3,0.98489,0.993723
B1_10,B1,12,48.0,8,8,0,0,100.000000,0,0.037879,0.855807,7.23386,0.758632,0.578159,0.0221403,1,0.941176,8,0.176348,3,0.988972,0.993083
B1_10,B1,13,52.0,9,9,0,0,100.000000,0,0.025094,0.905412,4.79606,0.748387,0.560369,0.0195491,1,0.941176,9,0.164069,3,0.98737,0.993472
B1_10,B1,14,56.0,9,9,0,0,100.000000,0,0.073295,0.77791,2.3845,0.756715,0.607032,0.0224089,1,0.588235,9,0.0451256,3,0.964891,0.98921
B1_10,B1,15,60.0,9,9,0,0,100.000000,0,0.022922,0.743412,8.83817,0.75527,0.586249,0.0163956,1,0.941176,9,0.152343,3,0.98943,0.996647
B1_10,B1,16,64.0,9,9,0,0,100.000000,0,0.005227,0.618768,6.00963,0.746984,0.601987,0.0171838,1,0.941176,9,0.114932,3,0.989707,0.995735
B1_10,B1,17,68.0,9,9,0,0,100.000000,0,0.057586,0.710185,6.31251,0.735674,0.566905,0.0134763,1,1,9,0.197178,3,0.989516,0.996299
B1_10,B1,18,72.0,9,9,0,0,100.000000,0,0.006797,0.687206,7.77509,0.753303,0.591867,0.0201814,1,1,9,0.210947,3,0.987613,0.99491
B1_10,B1,19,76.0,9,9,0,0,100.000000,0,0.004731,0.66733,8.52072,0.746337,0.605034,0.014206,1,1,9,0.214694,3,0.991809,0.99659
B1_10,B1,20,80.0,10,10,0,0,100.000000,0,0.001719,0.609027,6.42037,0.752921,0.661888,0.02589,1,1,10,0.158353,3,0.994515,0.998098
B1_10,B1,21,84.0,9,9,0,0,100.000000,0,0.001264,0.636367,7.26053,0.736713,0.602885,0.00814896,1,1,9,0.16215,3,0.992843,0.996558
B1_10,B1,22,88.0,10,10,0,0,100.000000,0,0.000567,0.67158,6.30059,0.730276,0.636053,0.00800487,1,0.777778,10,0.156056,3,0.992347,0.996182
B1_10,B1,23,92.0,9,9,0,0,100.000000,0,0.058507,0.685146,7.67467,0.74542,0.648218,0.0421959,1,1,9,0.198234,3,0.988122,0.993178
B1_10,B1,24,96.0,8,8,0,0,100.000000,0,0.103037,0.711892,7.63786,0.746945,0.629066,0.0435879,1,0.933333,8,0.104334,3,0.987832,0.991626
B1_10,B1,25,100.0,9,9,0,0,100.000000,0,0.007872,0.666303,6.77274,0.756685,0.630669,0.0264696,1,0.75,9,0.0806921,3,0.988728,0.99559
B1_10,B1,26,104.0,8,8,0,0,100.000000,0,0.052069,0.745756,6.70848,0.747379,0.559665,0.0349214,1,1,8,0.163755,3,0.988103,0.99465
B1_10,B1,27,108.0,9,9,0,0,100.000000,0,0.021653,0.673055,6.52449,0.744737,0.595249,0.0212869,1,1,9,0.165081,3,0.986852,0.991251
B1_10,B1,28,112.0,8,8,0,0,100.000000,0,0.023072,0.726509,5.3141,0.750809,0.578056,0.0302798,1,0.75,8,0.106041,3,0.989196,0.994921
B1_10,B1,29,116.0,9,9,0,0,100.000000,0,0.027443,0.699015,6.50424,0.737539,0.54587,0.0154647,1,0.823529,9,0.127365,3,0.989414,0.99341
B1_10,B1,30,120.0,9,9,0,0,100.000000,0,0.029044,0.719812,6.19209,0.753166,0.519375,0.0189502,1,1,9,0.154783,3,0.985315,0.995315
B1_10,B1,31,124.0,9,9,0,0,100.000000,0,0.078251,0.690626,6.31274,0.743743,0.555741,0.0401072,1,1,9,0.0942914,3,0.990276,0.995472
B1_10,B1,32,128.0,8,8,0,0,100.000000,0,0.064172,0.715838,7.4072,0.748412,0.576732,0.0303722,1,0.8,8,0.102722,3,0.988329,0.99423
B1_10,B1,33,132.0,9,9,0,0,100.000000,0,0.007075,0.619391,6.08756,0.741602,0.570784,0.020341,1,0.888889,9,0.0945187,3,0.990795,0.994015
B1_10,B1,34,136.0,9,9,0,0,100.000000,0,0.025972,0.848836,6.82185,0.749812,0.582455,0.0169539,1,0.823529,9,0.124417,3,0.985666,0.995578
B1_10,B1,35,140.0,8,8,0,0,100.000000,0,0.012962,0.637361,9.40672,0.743273,0.554799,0.0122882,1,1,8,0.170622,3,0.988917,0.994111
B1_10,B1,36,144.0,9,9,0,0,100.000000,0,0.027850,0.784081,7.81819,0.752441,0.541502,0.014715,1,1,9,0.157953,3,0.985323,0.994262
B1_10,B1,37,148.0,9,9,0,0,100.000000,0,0.033238,0.688255,7.13051,0.744646,0.557212,0.033857,1,1,9,0.183338,3,0.991416,0.996725
B1_10,B1,38,152.0,9,9,0,0,100.000000,0,0.009477,0.684477,7.55287,0.748211,0.541271,0.0224109,1,1,9,0.152128,3,0.991644,0.997352
B1_10,B1,39,156.0,9,9,0,0,100.000000,0,0.000844,0.670928,6.3385,0.73428,0.577731,0.00836099,1,1,9,0.231599,3,0.990374,0.996694
B1_10,B1,40,160.0,9,9,0,0,100.000000,0,0.052069,0.703469,8.75955,0.753218,0.588216,0.025974,1,1,9,0.154681,3,0.988679,0.996421
B1_10,B1,41,164.0,9,9,0,0,100.000000,0,0.021517,0.71999,8.8853,0.751969,0.597217,0.0176279,1,1,9,0.14855,3,0.990265,0.995993
B1_10,B1,42,168.0,8,8,0,0,100.000000,0,0.052069,0.711384,7.5169,0.74852,0.58431,0.0305173,1,1,8,0.134241,3,0.985438,0.996636
B1_10,B1,43,172.0,8,8,0,0,100.000000,0,0.129699,0.656528,5.69767,0.739792,0.601611,0.0370724,1,0.875,8,0.145407,3,0.985254,0.99569
B1_10,B1,44,176.0,9,9,0,0,100.000000,0,0.012049,0.664981,6.47338,0.742242,0.573526,0.0260529,1,1,9,0.113395,3,0.989189,0.99195
B1_10,B1,45,180.0,8,8,0,0,100.000000,0,0.003991,0.739715,6.46708,0.743751,0.546465,0.0089026,1,0.941176,8,0.172262,3,0.992441,0.996437
B1_10,B1,46,184.0,9,9,0,0,100.000000,0,0.080189,0.731704,7.32101,0.747001,0.542538,0.0142864,1,0.941176,9,0.189608,3,0.98542,0.995067
B1_10,B1,47,188.0,9,9,0,0,100.000000,0,0.005380,0.654781,9.41269,0.73936,0.575201,0.0136986,1,1,9,0.241337,3,0.990519,0.996086
B1_10,B1,48,192.0,10,10,0,0,100.000000,0,0.011038,0.691786,5.15151,0.729637,0.584374,0.0164485,1,0.7,10,0.209226,3,0.99163,0.997033
B1_10,B1,49,196.0,10,10,0,0,100.000000,0,0.008629,0.91315,3.06689,0.739427,0.594346,0.0139976,1,0.526316,10,0.129419,3,0.991876,0.994329
B1_10,B1,50,200.0,10,10,0,0,100.000000,0,0.013353,0.944006,6.2366,0.755159,0.597254,0.0228361,1,0.8,10,0.127308,3,0.990922,0.994527
B1_10,B1,51,204.0,10,10,0,0,100.000000,0,0.012645,0.843408,4.8367,0.750453,0.585403,0.0198268,1,0.9,10,0.113497,3,0.99193,0.996709
B1_10,B1,52,208.0,9,9,0,0,100.000000,0,0.020057,0.82659,8.06686,0.753779,0.59739,0.0234582,1,0.888889,9,0.164857,3,0.98932,0.995768
B1_10,B1,53,212.0,9,9,0,0,100.000000,0,0.003092,0.753551,6.01936,0.749025,0.626271,0.0159805,1,0.823529,9,0.0599402,3,0.99008,0.998324
B1_10,B1,54,216.0,8,8,0,0,100.000000,0,0.436835,0.782055,5.06818,0.750116,0.571697,0.0354999,1,0.75,8,0.0750616,3,0.983387,0.987162
B1_10,B1,55,220.0,9,9,0,0,100.000000,0,0.060360,0.724118,4.98505,0.748286,0.587369,0.0331982,1,0.588235,9,0.194801,3,0.991343,0.996398
B1_10,B1,56,224.0,9,9,0,0,100.000000,0,0.032637,0.847137,7.50491,0.757796,0.601999,0.0141806,1,0.941176,9,0.0884137,3,0.987929,0.994062
B1_10,B1,57,228.0,9,9,0,0,100.000000,0,0.035457,0.787136,6.0063,0.741102,0.56738,0.0175081,1,0.888889,9,0.126561,3,0.987125,0.99301
B1_10,B1,58,232.0,8,8,0,0,100.000000,0,0.037891,0.844423,5.29106,0.750353,0.59726,0.0291184,1,0.875,8,0.115013,3,0.985492,0.995119
B1_10,B1,59,236.0,9,9,0,0,100.000000,0,0.023004,0.722139,7.33606,0.747483,0.577174,0.0122096,1,1,9,0.104241,3,0.990079,0.993119
B1_10,B1,60,240.0,9,9,0,0,100.000000,0,0.140856,0.739048,5.22471,0.748978,0.567808,0.0411004,1,1,9,0.145047,3,0.988706,0.993652
B1_10,B1,61,244.0,8,8,0,0,100.000000,0,0.161679,0.756658,5.42559,0.743547,0.595925,0.0642068,1,0.941176,8,0.125409,3,0.98594,0.994282
B1_10,B1,62,248.0,8,8,0,0,100.000000,0,0.265812,0.744804,6.34416,0.747406,0.575791,0.0433804,1,0.875,8,0.0969107,3,0.987894,0.993243
B1_10,B1,63,252.0,9,9,0,0,100.000000,0,0.271214,0.69811,7.09668,0.731647,0.574259,0.0499569,1,0.888889,9,0.158298,3,0.988505,0.995809
B1_10,B1,64,256.0,8,8,0,0,100.000000,0,0.060045,0.760797,6.68223,0.744632,0.581418,0.0262386,1,1,8,0.142086,3,0.981927,0.994411
B1_10,B1,65,260.0,9,9,0,0,100.000000,0,0.043364,0.747151,7.8683,0.747068,0.569729,0.0274832,1,0.941176,9,0.114841,3,0.986098,0.997035
B1_10,B1,66,264.0,9,9,0,0,100.000000,0,0.045713,0.686689,8.64942,0.744104,0.586349,0.0249232,1,0.888889,9,0.111729,3,0.98686,0.99044
B1_10,B1,67,268.0,9,9,0,0,100.000000,0,0.009144,0.683208,4.25197,0.74949,0.604146,0.0231774,1,1,9,0.132347,3,0.989815,0.995995
B1_10,B1,68,272.0,9,9,0,0,100.000000,0,0.050161,0.71866,6.39266,0.734172,0.595993,0.0275197,1,1,9,0.187712,3,0.991771,0.995924
B1_10,B1,69,276.0,9,9,0,0,100.000000,0,0.021409,0.656108,7.17788,0.73686,0.569978,0.0150651,1,1,9,0.184327,3,0.992737,0.997051
B1_10,B1,70,280.0,10,10,0,0,100.000000,0,0.000524,0.708346,7.69562,0.75272,0.625826,0.00921312,1,1,10,0.0999005,3,0.990098,0.995938
B1_10,B1,71,284.0,10,10,0,0,100.000000,0,0.005361,0.597941,7.36288,0.735695,0.616841,0.014632,1,1,10,0.169436,3,0.994015,0.997444
B1_10,B1,72,288.0,10,10,0,0,100.000000,0,0.002062,0.644665,6.59309,0.731837,0.620989,0.0169403,1,1,10,0.19132,3,0.993534,0.998617
B1_10,B1,73,292.0,10,10,0,0,100.000000,0,0.001621,0.53993,8.56633,0.731536,0.598607,0.00680272,1,1,10,0.202344,3,0.995025,0.99849
B1_10,B1,74,296.0,10,10,0,0,100.000000,0,0.000695,0.634073,7.22364,0.717109,0.561518,0.00680272,1,1,10,0.237557,3,0.996308,0.998305
B1_10,B1,75,300.0,10,10,0,0,100.000000,0,0.002645,0.602057,7.87187,0.711304,0.599825,0.0161718,1,1,10,0.207344,3,0.993772,0.996824
B1_10,B1,76,304.0,10,10,0,0,100.000000,0,0.009808,0.725385,6.315,0.73461,0.582268,0.0112533,1,1,10,0.21832,3,0.993647,0.995773
B1_10,B1,77,308.0,10,10,0,0,100.000000,0,0.008122,0.724977,6.90808,0.746452,0.584329,0.0211099,1,1,10,0.21422,3,0.991266,0.996878
B1_10,B1,78,312.0,9,9,0,0,100.000000,0,0.037017,0.764183,5.84675,0.752755,0.591564,0.0231515,1,1,9,0.0926166,3,0.983895,0.993103
B1_10,B1,79,316.0,10,10,0,0,100.000000,0,0.016374,0.721235,6.19694,0.744078,0.584359,0.0153177,1,1,10,0.174278,3,0.993737,0.996411
B1_10,B1,80,320.0,9,9,0,0,100.000000,0,0.027929,0.711697,7.24942,0.733886,0.581282,0.0317924,1,1,9,0.146239,3,0.991577,0.997883
B1_10,B1,81,324.0,9,9,0,0,100.000000,0,0.034946,0.729023,6.54713,0.740531,0.592696,0.0240984,1,1,9,0.179967,3,0.989808,0.992938
B1_10,B1,82,328.0,10,10,0,0,100.000000,0,0.019486,0.73065,6.61631,0.740407,0.587744,0.0336458,1,0.947368,10,0.103546,3,0.9919,0.997377
B1_10,B1,83,332.0,9,9,0,0,100.000000,0,0.042289,0.72568,7.36273,0.747198,0.59206,0.0250351,1,1,9,0.189762,3,0.987376,0.995944
B1_10,B1,84,336.0,9,9,0,0,100.000000,0,0.009965,0.664569,6.08919,0.720991,0.602827,0.0251397,1,1,9,0.135565,3,0.990432,0.997702
B1_10,B1,85,340.0,9,9,0,0,100.000000,0,0.007755,0.658588,6.10452,0.737605,0.625012,0.0118363,1,0.947368,9,0.198491,3,0.988954,0.995975
B1_10,B1,86,344.0,9,9,0,0,100.000000,0,0.031101,0.720622,7.31832,0.73846,0.616448,0.0136364,1,1,9,0.172651,3,0.989886,0.996315
B1_10,B1,87,348.0,9,9,0,0,100.000000,0,0.010447,0.630561,5.50518,0.740785,0.587038,0.0106843,1,0.705882,9,0.077528,3,0.990997,0.997266
B1_10,B1,88,352.0,9,9,0,0,100.000000,0,0.040343,0.754951,5.88478,0.750955,0.555988,0.0158904,1,0.888889,9,0.17343,3,0.991568,0.997818
B1_10,B1,89,356.0,9,9,0,0,100.000000,0,0.067604,0.724539,6.95955,0.748429,0.612219,0.0263141,1,1,9,0.0885053,3,0.984212,0.993918
B1_10,B1,90,360.0,9,9,0,0,100.000000,0,0.012878,0.648456,9.54352,0.744508,0.550477,0.0302985,1,1,9,0.193764,3,0.990644,0.994041
B1_10,B1,91,364.0,9,9,0,0,100.000000,0,0.010247,0.680705,6.30889,0.734799,0.562825,0.0312878,1,0.842105,10,0.132206,3,0.991581,0.995843
B1_10,B1,92,368.0,10,10,0,0,100.000000,0,0.013587,0.623847,7.7024,0.734888,0.599105,0.0193728,1,1,9,0.187577,3,0.990051,0.995027
B1_10,B1,93,372.0,9,9,0,0,100.000000,0,0.002009,0.697957,7.31257,0.726553,0.613604,0.00907022,1,0.947368,9,0.231949,3,0.992037,0.994622
B1_10,B1,94,376.0,9,9,0,0,100.000000,0,0.016813,0.64566,5.8027,0.733953,0.611639,0.0131192,1,0.888889,9,0.124483,3,0.990588,0.992739
B1_10,B1,95,380.0,9,9,0,0,100.000000,0,0.006515,0.674325,8.56078,0.737428,0.60942,0.0126253,1,1,9,0.223951,3,0.990814,0.99647
B1_10,B1,96,384.0,9,9,0,0,100.000000,0,0.011679,0.69289,7.07352,0.747286,0.588638,0.0221239,1,1,9,0.214831,3,0.990266,0.99667
B1_10,B1,97,388.0,9,9,0,0,100.000000,0,0.025955,0.773883,5.67293,0.745513,0.612851,0.0273998,1,1,9,0.11875,3,0.988962,0.996066
B1_10,B1,98,392.0,10,10,0,0,100.000000,0,0.011974,0.753797,6.32413,0.740517,0.554862,0.024676,1,1,10,0.0597804,3,0.993766,0.996672
B1_10,B1,99,396.0,9,9,0,0,100.000000,0,0.015669,0.711445,7.14597,0.734515,0.587316,0.0106114,1,1,9,0.242914,3,0.98935,0.996468
B1_10,B1,100,400.0,9,9,0,0,100.000000,0,0.025767,0.712665,6.45602,0.736538,0.588204,0.0225759,1,1,9,0.166842,3,0.991606,0.996238
B1_10,B1,101,404.0,9,9,0,0,100.000000,0,0.006057,0.66686,8.94239,0.732739,0.591506,0.019111,1,0.823529,9,0.217337,3,0.990678,0.995157
B1_10,B1,102,408.0,9,9,0,0,100.000000,0,0.000965,0.682845,7.11588,0.731081,0.59196,0.0064576,1,1,9,0.240528,3,0.991054,0.997261
B1_10,B1,103,412.0,9,9,0,0,100.000000,0,0.016221,0.674186,6.5035,0.741849,0.598553,0.0311048,1,0.888889,9,0.24679,3,0.987192,0.991984
B1_10,B1,104,416.0,9,9,0,0,100.000000,0,0.007314,0.687702,7.61948,0.730775,0.604512,0.017224,1,1,9,0.206425,3,0.992852,0.996846
B1_10,B1,105,420.0,9,9,0,0,100.000000,0,0.005380,0.642072,7.27892,0.731614,0.570303,0.0154849,1,1,9,0.207242,3,0.990641,0.994742
B1_10,B1,106,424.0,9,9,0,0,100.000000,0,0.104414,0.718022,5.02646,0.740084,0.581054,0.0189785,1,0.777778,9,0.194985,3,0.985993,0.997328
B1_10,B1,107,428.0,9,9,0,0,100.000000,0,0.049797,0.719063,6.03062,0.738573,0.567315,0.0120805,1,1,9,0.180159,3,0.987667,0.991092
B1_10,B1,108,432.0,9,9,0,0,100.000000,0,0.005380,0.648465,8.80529,0.730682,0.594932,0.0137609,1,1,9,0.226557,3,0.99379,0.997252
B1_10,B1,109,436.0,9,9,0,0,100.000000,0,0.006167,0.617648,7.26515,0.738319,0.606719,0.0298922,1,1,9,0.107665,3,0.993666,0.996267
B1_10,B1,110,440.0,9,9,0,0,100.000000,0,0.090850,0.619789,5.78504,0.734295,0.587279,0.0371149,1,0.75,9,0.0756877,3,0.987624,0.996312
B1_10,B1,111,444.0,8,8,0,0,100.000000,0,0.083719,0.67411,7.24244,0.733119,0.588607,0.0424954,1,1,8,0.101035,3,0.987387,0.99441
B1_10,B1,112,448.0,8,8,0,0,100.000000,0,0.052499,0.717833,7.11194,0.724245,0.567711,0.0308971,1,0.941176,8,0.210638,3,0.988844,0.993027
B1_10,B1,113,452.0,9,9,0,0,100.000000,0,0.040965,0.66491,6.89278,0.730397,0.607109,0.0315156,1,0.875,9,0.142048,3,0.98641,0.993125
B1_10,B1,114,456.0,9,9,0,0,100.000000,0,0.033309,0.73906,5.70533,0.732168,0.59257,0.013847,1,1,9,0.165596,3,0.987737,0.994806
B1_10,B1,115,460.0,9,9,0,0,100.000000,0,0.058735,0.710954,6.30451,0.735273,0.599168,0.0245276,1,1,9,0.185725,3,0.987532,0.995641
B1_10,B1,116,464.0,9,9,0,0,100.000000,0,0.014883,0.739231,8.10243,0.731042,0.596613,0.0123822,1,1,9,0.210677,3,0.992609,0.996276
B1_10,B1,117,468.0,9,9,0,0,100.000000,0,0.011298,0.680228,7.72837,0.740375,0.550226,0.0246524,1,1,9,0.155924,3,0.990017,0.994621
B1_10,B1,118,472.0,9,9,0,0,100.000000,0,0.052069,0.762625,7.05257,0.750758,0.58288,0.0278356,1,1,9,0.156073,3,0.987809,0.992507
B1_10,B1,119,476.0,9,9,0,0,100.000000,0,0.027540,0.754157,5.95722,0.734843,0.559921,0.0209657,1,1,9,0.103824,3,0.98924,0.992813
B1_10,B1,120,480.0,9,9,0,0,100.000000,0,0.188857,0.709607,6.29269,0.738238,0.573171,0.0518984,1,1,9,0.109198,3,0.98445,0.991917
B1_10,B1,121,484.0,7,7,0,0,100.000000,0,0.068840,0.676059,8.71961,0.735649,0.607293,0.0413176,1,0.933333,7,0.152537,3,0.990076,0.994917
B1_10,B1,122,488.0,9,9,0,0,100.000000,0,0.090087,0.698723,6.54072,0.741417,0.573538,0.0400185,1,1,9,0.207207,3,0.980898,0.991433
B1_10,B1,123,492.0,8,8,0,0,100.000000,0,0.035457,0.704493,7.22725,0.729545,0.58098,0.0239783,1,0.941176,8,0.152723,3,0.987989,0.995155
B1_10,B1,124,496.0,9,9,0,0,100.000000,0,0.013832,0.711053,4.54096,0.74454,0.572295,0.0233634,1,1,9,0.157343,3,0.991315,0.996941
B1_10,B1,125,500.0,8,8,0,0,100.000000,0,0.120689,0.714251,6.91898,0.73823,0.570341,0.0613952,1,1,8,0.124548,3,0.987364,0.995601
B1_10,B1,126,504.0,9,9,0,0,100.000000,0,0.192466,0.764633,5.05174,0.748384,0.572306,0.0451741,1,0.888889,9,0.115756,3,0.988006,0.993112
B1_10,B1,127,508.0,9,9,0,0,100.000000,0,0.003611,0.75058,6.34724,0.735763,0.620884,0.0161589,1,0.941176,9,0.0644709,3,0.985825,0.993218
B1_10,B1,128,512.0,9,9,0,0,100.000000,0,0.011310,0.662569,6.0676,0.728237,0.572738,0.0179898,1,1,9,0.169662,3,0.988955,0.99587
B1_10,B1,129,516.0,8,8,0,0,100.000000,0,0.024861,0.869138,8.92921,0.753559,0.569275,0.0189211,1,1,8,0.162176,3,0.986676,0.993565
B1_10,B1,130,520.0,9,9,0,0,100.000000,0,0.036525,0.701136,6.24597,0.742632,0.603065,0.0248368,1,0.75,9,0.104192,3,0.987706,0.995505
B1_10,B1,131,524.0,9,9,0,0,100.000000,0,0.038259,0.752024,6.99125,0.741757,0.572579,0.0166296,1,1,9,0.194541,3,0.991247,0.99597
B1_10,B1,132,528.0,9,9,0,0,100.000000,0,0.038109,0.664715,5.9414,0.735193,0.601008,0.0265043,1,1,9,0.202813,3,0.990723,0.99744
B1_10,B1,133,532.0,9,9,0,0,100.000000,0,0.039416,0.70675,7.02003,0.721151,0.568471,0.0193581,1,1,9,0.140056,3,0.984855,0.997653
B1_10,B1,134,536.0,9,9,0,0,100.000000,0,0.021517,0.715313,6.43367,0.743523,0.541274,0.0133398,1,1,9,0.151989,3,0.99058,0.995153
B1_10,B1,135,540.0,9,9,0,0,100.000000,0,0.024408,0.677494,6.87997,0.728904,0.57447,0.0145571,1,1,9,0.184587,3,0.993481,0.996278
B1_10,B1,136,544.0,10,10,0,0,100.000000,0,0.006178,0.656431,7.01828,0.742722,0.582474,0.0156517,1,1,10,0.156755,3,0.992367,0.997558
B1_10,B1,137,548.0,10,10,0,0,100.000000,0,0.009808,0.725534,8.33559,0.731227,0.590897,0.0119803,1,1,10,0.213569,3,0.993657,0.997065
B1_10,B1,138,552.0,10,10,0,0,100.000000,0,0.001462,0.739539,9.04155,0.735568,0.5469,0.0101524,1,1,10,0.218091,3,0.994244,0.997826
B1_10,B1,139,556.0,10,10,0,0,100.000000,0,0.004039,0.745919,8.32965,0.737982,0.561447,0.00760694,1,1,10,0.186365,3,0.994299,0.998388
B1_10,B1,140,560.0,11,11,0,0,100.000000,0,0.001659,0.67385,5.79445,0.729985,0.583702,0.0117712,1,1,11,0.177155,3,0.995595,0.997173
B1_10,B1,141,564.0,10,10,0,0,100.000000,0,0.047072,0.722352,7.17969,0.743589,0.587522,0.0543121,1,0.947368,10,0.153979,3,0.990149,0.995282
B1_10,B1,142,568.0,9,9,0,0,100.000000,0,0.115702,0.702387,6.70083,0.737135,0.55084,0.0375542,1,0.888889,9,0.172246,3,0.989502,0.995125
B1_10,B1,143,572.0,10,10,0,0,100.000000,0,0.327761,0.726658,7.91637,0.735704,0.519734,0.0198181,1,0.842105,10,0.182047,3,0.9933,0.99612
B1_10,B1,144,576.0,8,8,0,0,100.000000,0,0.297429,0.691866,8.87573,0.747137,0.579584,0.11942,1,1,8,0.131556,3,0.986728,0.995714
B1_10,B1,145,580.0,9,9,0,0,100.000000,0,0.044511,0.728062,8.5565,0.743018,0.580033,0.0698843,1,1,9,0.165146,3,0.992151,0.996173
B1_10,B1,146,584.0,9,9,0,0,100.000000,0,0.050161,0.69398,7.06762,0.741289,0.55774,0.0344641,1,1,9,0.18228,3,0.992831,0.996228
B1_10,B1,147,588.0,8,8,0,0,100.000000,0,0.180923,0.714446,8.99885,0.739459,0.60857,0.0512142,1,1,8,0.167591,3,0.987708,0.996396
B1_10,B1,148,592.0,8,8,0,0,100.000000,0,0.022779,0.715453,7.75408,0.746947,0.609547,0.0225462,1,1,8,0.118946,3,0.989299,0.995842
B1_10,B1,149,596.0,7,7,0,0,100.000000,0,0.453616,0.73147,9.19944,0.747899,0.554013,0.0635788,1,1,7,0.0942681,3,0.979127,0.991752
B1_10,B1,150,600.0,8,8,0,0,100.000000,0,0.486362,0.695459,8.38743,0.735866,0.560169,0.0422911,1,1,7,0.0402775,3,0.978727,0.989605
B1_10,B1,151,604.0,7,7,0,0,100.000000,0,0.355021,0.737326,7.31072,0.740606,0.540926,0.0439464,1,0.875,8,0.128885,3,0.984813,0.991915
B1_10,B1,152,608.0,8,8,0,0,100.000000,0,0.027850,0.720163,8.44017,0.745476,0.574718,0.0214055,1,1,8,0.131771,3,0.985145,0.99388
B1_10,B1,153,612.0,7,7,0,0,100.000000,0,0.295762,0.707638,9.56557,0.761799,0.525711,0.0515759,1,1,7,0.07374,3,0.981319,0.988672
B1_10,B1,154,616.0,8,8,0,0,100.000000,0,0.148295,0.710974,5.72218,0.733266,0.535413,0.0578753,1,0.941176,8,0.18912,3,0.982538,0.997293
B1_10,B1,155,620.0,8,8,0,0,100.000000,0,0.166506,0.767605,7.72851,0.74921,0.470702,0.0374927,1,1,8,0.104582,3,0.987454,0.99425
B1_10,B1,156,624.0,8,8,0,0,100.000000,0,0.034625,0.632569,6.44384,0.727518,0.507545,0.0293893,1,1,8,0.123156,3,0.987599,0.99299
B1_10,B1,157,628.0,8,8,0,0,100.000000,0,0.023168,0.650175,8.35244,0.725042,0.571741,0.0258749,1,1,8,0.15927,3,0.98838,0.997004
B1_10,B1,158,632.0,8,8,0,0,100.000000,0,0.087897,0.663236,8.0866,0.739252,0.552665,0.0377746,1,1,8,0.181652,3,0.988049,0.995673
B1_10,B1,159,636.0,9,9,0,0,100.000000,0,0.183235,0.650639,7.74329,0.734282,0.552428,0.0391048,1,1,9,0.16414,3,0.984732,0.991471
B1_10,B1,160,640.0,8,8,0,0,100.000000,0,0.039079,0.684785,6.10907,0.733054,0.512499,0.0325831,1,0.75,8,0.102292,3,0.981164,0.994561
B1_10,B1,161,644.0,10,10,0,0,100.000000,0,0.008141,0.446873,36.8802,0.669,0.529735,0.0220027,1,0.181818,10,0.105582,4,0.986479,0.99725
B1_10,B1,162,648.0,9,9,0,0,100.000000,0,0.021115,0.640238,6.62906,0.74598,0.5127,0.024862,1,0.888889,9,0.247174,3,0.992058,0.996715
B1_10,B1,163,652.0,10,10,0,0,100.000000,0,0.005919,0.674793,6.58195,0.72452,0.519036,0.00783932,1,1,10,0.195071,3,0.995242,0.9979
B1_10,B1,164,656.0,9,9,0,0,100.000000,0,0.022852,0.670171,5.32104,0.74293,0.554897,0.0674173,1,0.888889,9,0.14989,3,0.989129,0.997092
B1_10,B1,165,660.0,8,8,0,0,100.000000,0,0.092281,0.727018,6.85232,0.738945,0.544453,0.0587455,1,1,8,0.117827,3,0.986396,0.997196
B1_10,B1,166,664.0,8,8,0,0,100.000000,0,0.079024,0.709514,8.34857,0.731335,0.527527,0.0324517,1,0.941176,8,0.0953756,3,0.981961,0.997034
B1_10,B1,167,668.0,8,8,0,0,100.000000,0,0.082774,0.712438,5.64444,0.72791,0.526676,0.0463677,1,1,8,0.148888,3,0.990156,0.994903
B1_10,B1,168,672.0,9,9,0,0,100.000000,0,0.009893,0.65899,6.96613,0.739273,0.553592,0.0190005,1,1,9,0.144036,3,0.989591,0.994173
B1_10,B1,169,676.0,9,9,0,0,100.000000,0,0.045398,0.638321,7.45519,0.736312,0.480935,0.0591368,1,1,9,0.139941,3,0.988538,0.994616
B1_10,B1,170,680.0,9,9,0,0,100.000000,0,0.020843,0.609512,6.84,0.73503,0.571793,0.0192022,1,1,9,0.194222,3,0.98499,0.992881
B1_10,B1,171,684.0,8,8,0,0,100.000000,0,0.127045,0.626205,7.32474,0.731908,0.515733,0.0328665,1,0.823529,8,0.185454,3,0.9861,0.991654
B1_10,B1,172,688.0,10,10,0,0,100.000000,0,0.081827,0.677862,6.5688,0.739507,0.50578,0.0264162,1,0.9,10,0.189388,3,0.990894,0.995807
B1_10,B1,173,692.0,8,8,0,0,100.000000,0,0.058733,0.630099,6.77657,0.7327,0.48651,0.0543347,1,1,8,0.144455,3,0.979841,0.993813
B1_10,B1,174,696.0,9,9,0,0,100.000000,0,0.136547,0.716283,7.05784,0.751901,0.501417,0.0300147,1,1,9,0.17797,3,0.985222,0.996181
B1_10,B1,175,700.0,9,9,0,0,100.000000,0,0.012926,0.641008,5.51493,0.732738,0.520304,0.0134163,1,0.823529,9,0.0926606,3,0.993964,0.995343
B1_10,B1,176,704.0,10,10,0,0,100.000000,0,0.036637,0.591435,9.57655,0.731675,0.434887,0.0131579,1,0.947368,10,0.256532,3,0.99078,0.996022
B1_10,B1,177,708.0,10,10,0,0,100.000000,0,0.004491,0.597919,8.43051,0.72894,0.498482,0.0153282,1,1,10,0.148971,3,0.995133,0.997566
B1_10,B1,178,712.0,8,8,0,0,100.000000,0,0.372393,0.740163,6.51513,0.743754,0.524879,0.108573,1,1,8,0.148402,3,0.982715,0.994124
B1_10,B1,179,716.0,5,5,6,0,62.500000,1,0.089641,0.761295,8.14743,0.741134,0.464328,0.088914,0.9,0.7,11,0.185237,3,0.942961,0.990444
B1_10,B1,180,720.0,7,4,7,3,44.444444,1,0.107532,0.753461,10.0871,0.743661,0.468487,0.107919,1,0.625,11,0.0453007,3,0.928001,0.990107
B1_10,B1,181,724.0,6,3,4,3,46.153846,1,0.989428,0.861312,7.83414,0.744673,0.501732,0.157218,1,0.428571,7,0.0282094,3,0.900987,0.982217
B1_10,B1,182,728.0,6,6,5,0,70.588235,1,0.964177,0.734777,6.96177,0.737598,0.509686,0.274579,0.9,0.736842,11,0.0680175,3,0.943374,0.988879
B1_10,B1,183,732.0,6,3,4,3,46.153846,1,0.988063,0.801464,6.47955,0.738776,0.547231,0.336111,0.833333,0.428571,7,0.0413941,3,0.953336,0.993127
B1_10,B1,184,736.0,7,5,3,2,66.666667,1,0.966101,0.702895,8.33913,0.739541,0.520259,0.160117,1,0.625,8,0.0653633,3,0.958517,0.994757
B1_10,B1,185,740.0,6,3,4,3,46.153846,1,0.986961,0.713294,8.41816,0.732606,0.556593,0.158473,1,0.571429,7,0.0304043,3,0.924881,0.99204
B1_10,B1,186,744.0,7,4,1,3,66.666667,1,0.997030,0.753895,7.09844,0.750288,0.550128,0.425238,0.75,0.615385,5,0.103279,3,0.904446,0.979972
B1_10,B1,187,748.0,6,4,3,2,61.538462,1,0.990505,0.709931,6.6766,0.73705,0.533458,0.463551,0.666667,0.666667,7,0.0448513,3,0.943013,0.992509
B1_10,B1,188,752.0,7,5,1,2,76.923077,1,0.988815,0.701574,8.27263,0.734077,0.556864,0.1951,0.8,0.714286,6,0.0383964,3,0.929479,0.978675
B1_10,B1,189,756.0,7,5,3,2,66.666667,1,0.994001,0.7512,7.97872,0.73255,0.546465,0.32201,0.714286,0.666667,8,0.0180373,3,0.905361,0.994973
B1_10,B1,190,760.0,6,5,2,1,76.923077,1,0.990127,0.757154,9.22585,0.746604,0.534654,0.301627,0.666667,0.625,7,0.127297,3,0.941916,0.9884
B1_10,B1,191,764.0,6,4,5,2,53.333333,1,0.994775,0.725445,8.27911,0.748655,0.573756,0.284489,1,0.533333,9,0.0743093,3,0.917245,0.989768
B1_10,B1,192,768.0,6,4,3,2,61.538462,1,0.995478,0.709321,9.76262,0.739991,0.546142,0.539069,0.833333,0.714286,7,0.0496422,3,0.918256,0.99087
B1_10,B1,193,772.0,7,7,0,0,100.000000,0,0.182592,0.602085,11.3573,0.730406,0.564518,0.0417791,1,1,7,0.115773,3,0.93436,0.986738
B1_10,B1,194,776.0,6,4,6,2,50.000000,1,0.541448,0.620307,11.7607,0.736568,0.569114,0.056109,1,0.5,10,0.0547728,3,0.932418,0.99402
B1_10,B1,195,780.0,6,6,4,0,75.000000,1,0.994356,0.627385,14.4718,0.740202,0.592547,0.275622,0.777778,0.75,10,0.116457,3,0.921596,0.994264
B1_10,B1,196,784.0,6,5,4,1,66.666667,1,0.993244,0.621292,11.1428,0.741373,0.580776,0.461098,0.625,0.666667,9,0.0356792,3,0.896864,0.982648
B1_10,B1,197,788.0,7,5,4,2,62.500000,1,0.988269,0.645225,9.25804,0.743799,0.571005,0.405072,0.75,0.705882,9,0.0516595,3,0.936675,0.994823
B1_10,B1,198,792.0,6,3,1,3,60.000000,1,0.991484,0.61273,12.515,0.737266,0.572625,0.702975,0.666667,0.545455,4,0.0973235,3,0.946932,0.988114
B1_10,B1,199,796.0,6,6,5,0,70.588235,1,0.980827,0.670527,10.676,0.741761,0.564812,0.273538,0.9,0.777778,11,0.081163,3,0.937579,0.994035
B1_10,B1,200,800.0,5,5,2,0,83.333333,0,0.964841,0.709799,12.1694,0.753123,0.574971,0.325063,0.833333,0.8,7,0.169174,3,0.958705,0.995101
B1_10,B1,201,804.0,6,5,3,1,71.428571,1,0.994235,0.670873,7.74507,0.734525,0.563204,0.650211,0.571429,0.875,8,0.0761259,3,0.918945,0.997026
B1_10,B1,202,808.0,6,3,3,3,50.000000,1,0.985260,0.677809,11.3449,0.74651,0.580303,0.484458,0.6,0.5,6,0.0404385,3,0.958027,0.993574
B1_10,B1,203,812.0,7,4,3,3,57.142857,1,0.980298,0.666269,9.26784,0.741744,0.549397,0.338037,0.833333,0.666667,7,0.0146569,3,0.930794,0.993524
B1_10,B1,204,816.0,7,6,0,1,92.307692,0,0.988964,0.711389,8.71865,0.744602,0.545074,0.333442,0.8,0.857143,6,0.0250711,3,0.944161,0.977625
B1_10,B1,205,820.0,7,6,0,1,92.307692,0,0.995762,0.657323,8.71846,0.740452,0.52577,0.374736,0.8,0.857143,6,0.0301793,3,0.916118,0.989962
B1_10,B1,206,824.0,7,6,0,1,92.307692,0,0.115629,0.672516,7.65754,0.731442,0.56661,0.0204978,1,0.923077,6,0.0542724,3,0.954987,0.977167
B1_10,B1,207,828.0,6,4,3,2,61.538462,1,0.997834,0.668927,8.35606,0.735563,0.523424,0.426229,0.833333,0.571429,7,0.0613619,3,0.877824,0.942758
B1_10,B1,208,832.0,7,5,1,2,76.923077,1,0.982091,0.643411,11.9501,0.738095,0.558352,0.519903,0.8,0.769231,6,0.0127821,3,0.935543,0.992281
B1_10,B1,209,836.0,7,5,2,2,71.428571,1,0.993403,0.67685,8.80236,0.734228,0.579401,0.410023,0.833333,0.666667,7,0.0196004,3,0.920391,0.965054
B1_10,B1,210,840.0,7,7,0,0,100.000000,0,0.050934,0.662216,8.42017,0.746217,0.591322,0.029067,1,0.933333,7,0.0508204,3,0.95418,0.992546
B1_10,B1,211,844.0,7,6,1,1,85.714286,0,0.374960,0.652588,7.99891,0.731972,0.580471,0.0588481,1,0.857143,7,0.0826893,3,0.973555,0.998112
B1_10,B1,212,848.0,8,8,0,0,100.000000,0,0.011473,0.629348,7.93846,0.742749,0.554585,0.0278331,1,1,8,0.114271,3,0.986484,0.994449
B1_10,B1,213,852.0,8,8,0,0,100.000000,0,0.011443,0.639331,8.28258,0.742833,0.545891,0.010545,1,1,7,0.0892812,3,0.988582,0.996841
B1_10,B1,214,856.0,7,6,1,1,85.714286,0,0.918604,0.67301,7.92838,0.745089,0.601871,0.179961,1,0.8,8,0.0910847,3,0.966503,0.997401
B1_10,B1,215,860.0,8,8,0,0,100.000000,0,0.017587,0.64893,6.46734,0.74156,0.564454,0.0266469,1,1,8,0.115733,3,0.985458,0.995149
B1_10,B1,216,864.0,7,7,0,0,100.000000,0,0.087563,0.738479,7.9706,0.745876,0.611757,0.0185582,1,0.933333,7,0.191417,3,0.969991,0.99467
B1_10,B1,217,868.0,8,8,0,0,100.000000,0,0.026114,0.701944,8.29474,0.733361,0.543786,0.0154993,1,0.933333,8,0.159277,3,0.989122,0.997092
B1_10,B1,218,872.0,9,9,0,0,100.000000,0,0.059162,0.647793,7.66258,0.743091,0.556751,0.0406843,1,0.875,8,0.103583,3,0.989391,0.994151
B1_10,B1,219,876.0,8,8,0,0,100.000000,0,0.031977,0.653727,8.77083,0.745718,0.577363,0.0341812,1,0.941176,9,0.170149,3,0.982119,0.995774
B1_10,B1,220,880.0,8,8,0,0,100.000000,0,0.031847,0.703392,8.40002,0.727847,0.540126,0.0343366,1,1,8,0.175402,3,0.991198,0.997611
B1_10,B1,221,884.0,8,8,0,0,100.000000,0,0.015341,0.66411,7.91551,0.747655,0.613503,0.030935,1,0.941176,8,0.184239,3,0.991326,0.996274
B1_10,B1,222,888.0,8,8,0,0,100.000000,0,0.014604,0.635787,8.00606,0.726848,0.588962,0.0308428,1,1,8,0.181556,3,0.989615,0.996395
B1_10,B1,223,892.0,8,8,0,0,100.000000,0,0.027975,0.713514,8.76659,0.743313,0.575916,0.0306274,1,1,8,0.174581,3,0.989066,0.99488
B1_10,B1,224,896.0,8,8,0,0,100.000000,0,0.014075,0.685084,8.15895,0.748446,0.576647,0.0226792,1,0.941176,9,0.113526,3,0.984458,0.996581
B1_10,B1,225,900.0,9,9,0,0,100.000000,0,0.009893,0.671897,8.12234,0.738492,0.589883,0.0222876,1,1,8,0.154448,3,0.990281,0.994373
B1_10,B1,226,904.0,8,8,0,0,100.000000,0,0.018425,0.676633,6.96257,0.737423,0.578201,0.0336508,1,1,8,0.137478,3,0.989712,0.993342
B1_10,B1,227,908.0,9,9,0,0,100.000000,0,0.009969,0.674598,7.82707,0.748667,0.562888,0.0208417,1,1,9,0.158486,3,0.989751,0.994197
B1_10,B1,228,912.0,9,9,0,0,100.000000,0,0.038109,0.656204,8.38931,0.740833,0.60744,0.0296782,1,1,9,0.202555,3,0.992165,0.994667
B1_10,B1,229,916.0,8,8,0,0,100.000000,0,0.107771,0.69059,8.47344,0.734491,0.565949,0.0154106,1,1,8,0.20227,3,0.989942,0.996406
B1_10,B1,230,920.0,8,8,0,0,100.000000,0,0.031358,0.739676,8.45179,0.734319,0.556814,0.0260186,1,1,8,0.101591,3,0.989881,0.992797
B1_10,B1,231,924.0,9,9,0,0,100.000000,0,0.006431,0.596442,6.49238,0.749946,0.567241,0.0145616,1,0.941176,9,0.136283,3,0.989658,0.994189
B1_10,B1,232,928.0,9,9,0,0,100.000000,0,0.008297,0.655836,6.98932,0.751663,0.585625,0.0162848,1,1,9,0.153187,3,0.990532,0.997423
B1_10,B1,233,932.0,9,9,0,0,100.000000,0,0.012275,0.653543,6.37553,0.730197,0.553878,0.0266788,1,1,9,0.175312,3,0.99114,0.997089
B1_10,B1,234,936.0,8,8,0,0,100.000000,0,0.015080,0.710631,10.4343,0.737737,0.580199,0.0291233,1,1,8,0.22391,3,0.991609,0.997472
B1_10,B1,235,940.0,9,9,0,0,100.000000,0,0.001640,0.624025,6.38096,0.725416,0.567355,0.00985052,1,0.941176,9,0.184688,3,0.99277,0.997642
B1_10,B1,236,944.0,9,9,0,0,100.000000,0,0.038259,0.713327,8.09025,0.747538,0.574454,0.0208398,1,1,9,0.191578,3,0.990956,0.995967
B1_10,B1,237,948.0,9,9,0,0,100.000000,0,0.009406,0.641097,9.55631,0.735179,0.587296,0.021609,1,1,9,0.142322,3,0.993379,0.997818
B1_10,B1,238,952.0,10,10,0,0,100.000000,0,0.004678,0.597524,7.08157,0.732844,0.592203,0.0116877,1,1,10,0.135836,3,0.993387,0.995271
B1_10,B1,239,956.0,9,9,0,0,100.000000,0,0.014691,0.626628,7.39572,0.73326,0.606275,0.0136666,1,1,9,0.189657,3,0.988172,0.994332
B1_10,B1,240,960.0,9,9,0,0,100.000000,0,0.025951,0.726106,8.78412,0.739224,0.60825,0.0201448,1,1,9,0.158735,3,0.991834,0.997342
B1_10,B1,241,964.0,9,9,0,0,100.000000,0,0.024558,0.716406,8.79607,0.759628,0.598476,0.0158178,1,1,9,0.168391,3,0.991256,0.995418
B1_10,B1,242,968.0,9,9,0,0,100.000000,0,0.013039,0.648055,9.74748,0.735698,0.57998,0.0178391,1,0.941176,9,0.193557,3,0.990888,0.998621
B1_10,B1,243,972.0,9,9,0,0,100.000000,0,0.005676,0.608178,7.84959,0.749617,0.572663,0.015511,1,1,9,0.16107,3,0.991574,0.996092
B1_10,B1,244,976.0,9,9,0,0,100.000000,0,0.028139,0.656298,10.4342,0.749311,0.588169,0.0218441,1,1,9,0.204898,3,0.991257,0.996802
B1_10,B1,245,980.0,9,9,0,0,100.000000,0,0.003394,0.608408,8.38907,0.730507,0.591277,0.0141082,1,1,9,0.238904,3,0.991164,0.997982
B1_10,B1,246,984.0,10,10,0,0,100.000000,0,0.018248,0.682825,8.43438,0.737804,0.595237,0.019026,1,1,10,0.191108,3,0.991419,0.996454
B1_10,B1,247,988.0,9,9,0,0,100.000000,0,0.036604,0.659409,7.79882,0.732312,0.598109,0.0117328,1,1,9,0.20024,3,0.993113,0.99844
B1_10,B1,248,992.0,9,9,0,0,100.000000,0,0.001076,0.668111,9.27712,0.741748,0.586713,0.00947867,1,1,9,0.16557,3,0.991758,0.996866
B1_10,B1,249,996.0,10,10,0,0,100.000000,0,0.016937,0.662403,8.44582,0.738817,0.603934,0.0182788,1,1,10,0.196545,3,0.993369,0.995961
B1_10,B1,250,1000.0,9,9,0,0,100.000000,0,0.013587,0.623427,8.749,0.733686,0.558399,0.0223353,1,1,9,0.182579,3,0.995077,0.997119
B1_10,B1,251,1004.0,10,10,0,0,100.000000,0,0.004699,0.582843,8.85224,0.733744,0.585832,0.0211804,1,1,10,0.166701,3,0.992748,0.998201
B1_10,B1,252,1008.0,9,9,0,0,100.000000,0,0.006921,0.67419,9.05729,0.738207,0.589849,0.0137265,1,0.941176,9,0.22917,3,0.994792,0.997637
B1_10,B1,253,1012.0,10,10,0,0,100.000000,0,0.000951,0.648111,6.72277,0.737433,0.583559,0.00881386,1,1,10,0.165248,3,0.990892,0.99602
B1_10,B1,254,1016.0,9,9,0,0,100.000000,0,0.009965,0.65454,9.3172,0.735195,0.603084,0.0181238,1,1,9,0.141997,3,0.994479,0.996969
B1_10,B1,255,1020.0,9,9,0,0,100.000000,0,0.014883,0.690136,8.94925,0.729811,0.579922,0.0215413,1,1,9,0.231611,3,0.991723,0.997011
B1_10,B1,256,1024.0,10,10,0,0,100.000000,0,0.000957,0.611927,8.28087,0.730418,0.621577,0.0228455,1,1,10,0.173294,3,0.993739,0.996304
B1_10,B1,257,1028.0,9,9,0,0,100.000000,0,0.046633,0.649646,7.65142,0.733561,0.607536,0.0218102,1,1,9,0.200919,3,0.992938,0.997842
B1_10,B1,258,1032.0,10,10,0,0,100.000000,0,0.000752,0.625828,8.31512,0.74689,0.626106,0.0118783,1,0.947368,10,0.143045,3,0.993214,0.998245
B1_10,B1,259,1036.0,9,9,0,0,100.000000,0,0.007038,0.589688,7.93165,0.736158,0.614602,0.0221246,1,1,9,0.151397,3,0.993705,0.996468
B1_10,B1,260,1040.0,10,10,0,0,100.000000,0,0.000548,0.538161,8.14137,0.729864,0.602868,0.00802931,1,1,10,0.226795,3,0.994555,0.996886
B1_10,B1,261,1044.0,9,9,0,0,100.000000,0,0.014429,0.570699,8.14034,0.731526,0.589871,0.0140187,1,1,9,0.191163,3,0.994865,0.997672
B1_10,B1,262,1048.0,9,9,0,0,100.000000,0,0.007597,0.584693,9.84262,0.722356,0.573679,0.0149743,1,1,9,0.168493,3,0.993375,0.996374
B1_10,B1,263,1052.0,10,10,0,0,100.000000,0,0.002810,0.576535,8.04573,0.741257,0.586072,0.0124224,1,1,10,0.227242,3,0.993079,0.996561
B1_10,B1,264,1056.0,9,9,0,0,100.000000,0,0.012799,0.655358,8.6932,0.737242,0.571754,0.0149743,1,1,9,0.177581,3,0.992143,0.995648
B1_10,B1,265,1060.0,9,9,0,0,100.000000,0,0.000783,0.614542,8.13191,0.725034,0.573583,0.00780382,1,1,9,0.120189,3,0.994122,0.998281
B1_10,B1,266,1064.0,10,10,0,0,100.000000,0,0.004447,0.584397,7.68916,0.730752,0.575625,0.0107688,1,1,10,0.1545,3,0.994952,0.997337
B1_10,B1,267,1068.0,9,9,0,0,100.000000,0,0.009893,0.633314,8.96466,0.734095,0.588154,0.0133416,1,1,9,0.155403,3,0.993785,0.996713
B1_10,B1,268,1072.0,10,10,0,0,100.000000,0,0.000642,0.621225,7.8063,0.74419,0.598931,0.0088867,1,1,10,0.1269,3,0.992976,0.995925
B1_10,B1,269,1076.0,9,9,0,0,100.000000,0,0.009965,0.650035,7.08907,0.730756,0.614799,0.0130393,1,1,9,0.148056,3,0.990769,0.99687
B1_10,B1,270,1080.0,9,9,0,0,100.000000,0,0.014833,0.599898,9.73574,0.735562,0.61984,0.0321101,1,1,9,0.170661,3,0.988121,0.996619
B1_10,B1,271,1084.0,9,9,0,0,100.000000,0,0.001734,0.665684,9.53797,0.743784,0.621749,0.0233018,1,1,9,0.163105,3,0.992836,0.996743
B1_10,B1,272,1088.0,10,10,0,0,100.000000,0,0.002544,0.583393,9.93087,0.743254,0.603265,0.0197899,1,0.947368,10,0.213895,3,0.994514,0.997963
B1_10,B1,273,1092.0,10,10,0,0,100.000000,0,0.004403,0.604498,7.21578,0.733136,0.58185,0.011713,1,1,10,0.135871,3,0.992368,0.996615
B1_10,B1,274,1096.0,9,9,0,0,100.000000,0,0.013007,0.676674,6.95756,0.734955,0.614024,0.0153644,1,1,9,0.174878,3,0.99288,0.997059
B1_10,B1,275,1100.0,9,9,0,0,100.000000,0,0.001697,0.657762,8.17688,0.740584,0.62555,0.0141509,1,1,9,0.16552,3,0.994158,0.996894
B1_10,B1,276,1104.0,10,10,0,0,100.000000,0,0.002645,0.613096,7.05454,0.737717,0.599293,0.016021,1,1,10,0.23229,3,0.992687,0.997416
B1_10,B1,277,1108.0,9,9,0,0,100.000000,0,0.012279,0.678404,7.85658,0.740225,0.593347,0.0169275,1,1,9,0.173368,3,0.994808,0.997663
B1_10,B1,278,1112.0,10,10,0,0,100.000000,0,0.006886,0.648894,6.80749,0.746884,0.606359,0.019544,1,1,10,0.160637,3,0.994293,0.996657
B1_10,B1,279,1116.0,9,9,0,0,100.000000,0,0.000844,0.636395,9.67241,0.720857,0.600271,0.00828732,1,1,9,0.211631,3,0.994529,0.997152
B1_10,B1,280,1120.0,9,9,0,0,100.000000,0,0.002963,0.658812,8.51735,0.740506,0.591651,0.00652727,1,1,9,0.203903,3,0.994037,0.997034
B1_10,B1,281,1124.0,10,10,0,0,100.000000,0,0.006886,0.643349,6.12216,0.765387,0.609578,0.0183942,1,1,10,0.148026,3,0.990463,0.995997
B1_10,B1,282,1128.0,9,9,0,0,100.000000,0,0.010578,0.663943,6.66101,0.715241,0.608167,0.0109092,1,0.888889,9,0.124015,3,0.994198,0.996
B1_10,B1,283,1132.0,10,10,0,0,100.000000,0,0.007807,0.641717,7.05974,0.735858,0.602735,0.0194602,1,0.947368,10,0.129013,3,0.992762,0.995863
B1_10,B1,284,1136.0,9,9,0,0,100.000000,0,0.001076,0.64951,6.90382,0.743121,0.56278,0.010498,1,0.947368,9,0.149435,3,0.993042,0.998073
B1_10,B1,285,1140.0,9,9,0,0,100.000000,0,0.066722,0.729335,9.13388,0.75919,0.610252,0.0142389,1,1,9,0.199483,3,0.98642,0.992748
B1_10,B1,286,1144.0,10,10,0,0,100.000000,0,0.018019,0.63842,7.63481,0.741653,0.6023,0.0131759,1,0.947368,10,0.203151,3,0.99233,0.996124
B1_10,B1,287,1148.0,9,9,0,0,100.000000,0,0.002538,0.72003,6.75392,0.741338,0.599586,0.00403741,1,1,9,0.134686,3,0.992297,0.996221
B1_10,B1,288,1152.0,9,9,0,0,100.000000,0,0.047126,0.673408,7.54793,0.738148,0.582651,0.0173681,1,1,9,0.20252,3,0.992196,0.995796
B1_10,B1,289,1156.0,9,9,0,0,100.000000,0,0.012053,0.686379,7.38225,0.736559,0.600879,0.0163462,1,1,9,0.147465,3,0.993863,0.997615
B1_10,B1,290,1160.0,10,10,0,0,100.000000,0,0.001033,0.683732,6.99336,0.740556,0.557622,0.00834111,1,0.947368,10,0.153301,3,0.992907,0.997648
B1_10,B1,291,1164.0,9,9,0,0,100.000000,0,0.025951,0.701187,8.37333,0.736661,0.607844,0.0220309,1,1,9,0.134089,3,0.99278,0.997601
B1_10,B1,292,1168.0,10,10,0,0,100.000000,0,0.006178,0.669315,7.60938,0.743648,0.582378,0.0208937,1,1,10,0.148546,3,0.992614,0.998103
B1_10,B1,293,1172.0,9,9,0,0,100.000000,0,0.107771,0.70467,6.76119,0.737969,0.583025,0.0180733,1,1,9,0.202669,3,0.990739,0.997706
B1_10,B1,294,1176.0,9,9,0,0,100.000000,0,0.005323,0.691573,8.19539,0.732814,0.59433,0.0066395,1,0.888889,9,0.18412,3,0.992543,0.996081
B1_10,B1,295,1180.0,10,10,0,0,100.000000,0,0.000951,0.67026,6.23326,0.735105,0.585507,0.00824503,1,1,10,0.176827,3,0.992412,0.995429
B1_10,B1,296,1184.0,9,9,0,0,100.000000,0,0.025767,0.699804,6.43926,0.739835,0.587074,0.0247898,1,1,9,0.152551,3,0.990869,0.994902
B1_10,B1,297,1188.0,10,10,0,0,100.000000,0,0.006681,0.67716,7.25089,0.745561,0.595655,0.0115128,1,0.947368,10,0.151801,3,0.991042,0.997279
B1_10,B1,298,1192.0,9,9,0,0,100.000000,0,0.024985,0.72296,7.5278,0.747054,0.583147,0.0247898,1,1,9,0.179925,3,0.993534,0.997368
